analysis_scope,state,method,buffer_m,variable,frozen_weight_method,frozen_weight_variable,n_units,n_islands,mean,std,alpha,weights_sha256,weight_transformation,permutations,random_seed,run,eligibility_status,moran_i,expected_i,variance_norm,z_norm,p_norm,significant_p_norm,direction,status
county_within_state_patch75_500m,AL,WUI-P,500,p_a,WUI-P,area_proportion,67,0,0.181213828647,0.214361494076,0.050000000000,c410fed375d8e4521a34ec3bc4380221f6876c3c44ea71cbfd1defd5caba8680,r,0,,run1,ELIGIBLE_FORMAL_N_GE_30,0.402325758804,-0.015151515152,0.005663434388,5.547443685579,0.000000028988,True,POSITIVE_SIGNIFICANT,FORMAL_COMPLETE
county_within_state_patch75_500m,AL,WUI-P,500,p_s,WUI-P,structure_proportion,59,0,0.442583653359,0.307066442888,0.050000000000,c8baa035a69f6d0d7deeee206703e6f9b064b394e4140ca0eb8bd516ed04c66e,r,0,,run1,ELIGIBLE_FORMAL_N_GE_30,0.170555796674,-0.017241379310,0.006850622154,2.268945424993,0.023271644878,True,POSITIVE_SIGNIFICANT,FORMAL_COMPLETE
county_within_state_patch75_500m,AL,WUI-S,500,p_a,WUI-S,area_proportion,67,0,0.301400347950,0.125137552192,0.050000000000,c410fed375d8e4521a34ec3bc4380221f6876c3c44ea71cbfd1defd5caba8680,r,0,,run1,ELIGIBLE_FORMAL_N_GE_30,0.464294171382,-0.015151515152,0.005663434388,6.370880793432,0.000000000188,True,POSITIVE_SIGNIFICANT,FORMAL_COMPLETE
county_within_state_patch75_500m,AL,WUI-S,500,p_s,WUI-S,structure_proportion,67,0,0.682068445497,0.244135573171,0.050000000000,c410fed375d8e4521a34ec3bc4380221f6876c3c44ea71cbfd1defd5caba8680,r,0,,run1,ELIGIBLE_FORMAL_N_GE_30,0.494371433723,-0.015151515152,0.005663434388,6.770547863862,0.000000000013,True,POSITIVE_SIGNIFICANT,FORMAL_COMPLETE
county_within_state_patch75_500m,AL,WUI-Z,500,p_a,WUI-P,area_proportion,67,0,0.223743140718,0.145386663422,0.050000000000,c410fed375d8e4521a34ec3bc4380221f6876c3c44ea71cbfd1defd5caba8680,r,0,,run1,ELIGIBLE_FORMAL_N_GE_30,0.493662434978,-0.015151515152,0.005663434388,6.761126678912,0.000000000014,True,POSITIVE_SIGNIFICANT,FORMAL_COMPLETE
county_within_state_patch75_500m,AR,WUI-P,500,p_a,WUI-P,area_proportion,75,0,0.176465300548,0.110487206353,0.050000000000,76f2a1ee9411e106b923326fbb5fd37c9645285dc719372fdab312afeb6e4470,r,0,,run1,ELIGIBLE_FORMAL_N_GE_30,0.574607858862,-0.013513513514,0.005034377321,8.288846190023,0.000000000000,True,POSITIVE_SIGNIFICANT,FORMAL_COMPLETE
county_within_state_patch75_500m,AR,WUI-P,500,p_s,WUI-P,structure_proportion,75,0,0.508539098192,0.288750225172,0.050000000000,76f2a1ee9411e106b923326fbb5fd37c9645285dc719372fdab312afeb6e4470,r,0,,run1,ELIGIBLE_FORMAL_N_GE_30,0.557597077335,-0.013513513514,0.005034377321,8.049100181324,0.000000000000,True,POSITIVE_SIGNIFICANT,FORMAL_COMPLETE
county_within_state_patch75_500m,AR,WUI-S,500,p_a,WUI-S,area_proportion,75,0,0.189240012268,0.110185495657,0.050000000000,76f2a1ee9411e106b923326fbb5fd37c9645285dc719372fdab312afeb6e4470,r,0,,run1,ELIGIBLE_FORMAL_N_GE_30,0.607684393451,-0.013513513514,0.005034377321,8.755019195430,0.000000000000,True,POSITIVE_SIGNIFICANT,FORMAL_COMPLETE
county_within_state_patch75_500m,AR,WUI-S,500,p_s,WUI-S,structure_proportion,75,0,0.533395276158,0.298831323165,0.050000000000,76f2a1ee9411e106b923326fbb5fd37c9645285dc719372fdab312afeb6e4470,r,0,,run1,ELIGIBLE_FORMAL_N_GE_30,0.579807609195,-0.013513513514,0.005034377321,8.362130264972,0.000000000000,True,POSITIVE_SIGNIFICANT,FORMAL_COMPLETE
county_within_state_patch75_500m,AR,WUI-Z,500,p_a,WUI-P,area_proportion,75,0,0.113793430023,0.097185772295,0.050000000000,76f2a1ee9411e106b923326fbb5fd37c9645285dc719372fdab312afeb6e4470,r,0,,run1,ELIGIBLE_FORMAL_N_GE_30,0.344837660285,-0.013513513514,0.005034377321,5.050518313299,0.000000440613,True,POSITIVE_SIGNIFICANT,FORMAL_COMPLETE
county_within_state_patch75_500m,AZ,WUI-P,500,p_a,WUI-P,area_proportion,15,0,0.055854277774,0.042059751298,0.050000000000,89a117ac87013c753a9666307b42ee9594fee299fd2683b412e63c85f3d487e3,r,0,,run1,EXCLUDED_N_LT_30,,,,,,,UNDEFINED,EXCLUDED_N_LT_30
county_within_state_patch75_500m,AZ,WUI-P,500,p_s,WUI-P,structure_proportion,15,0,0.802246272411,0.253788508373,0.050000000000,89a117ac87013c753a9666307b42ee9594fee299fd2683b412e63c85f3d487e3,r,0,,run1,EXCLUDED_N_LT_30,,,,,,,UNDEFINED,EXCLUDED_N_LT_30
county_within_state_patch75_500m,AZ,WUI-S,500,p_a,WUI-S,area_proportion,15,0,0.055338266560,0.033955392358,0.050000000000,89a117ac87013c753a9666307b42ee9594fee299fd2683b412e63c85f3d487e3,r,0,,run1,EXCLUDED_N_LT_30,,,,,,,UNDEFINED,EXCLUDED_N_LT_30
county_within_state_patch75_500m,AZ,WUI-S,500,p_s,WUI-S,structure_proportion,15,0,0.796380571027,0.237934174612,0.050000000000,89a117ac87013c753a9666307b42ee9594fee299fd2683b412e63c85f3d487e3,r,0,,run1,EXCLUDED_N_LT_30,,,,,,,UNDEFINED,EXCLUDED_N_LT_30
county_within_state_patch75_500m,AZ,WUI-Z,500,p_a,WUI-P,area_proportion,15,0,0.036065492992,0.025813442962,0.050000000000,89a117ac87013c753a9666307b42ee9594fee299fd2683b412e63c85f3d487e3,r,0,,run1,EXCLUDED_N_LT_30,,,,,,,UNDEFINED,EXCLUDED_N_LT_30
county_within_state_patch75_500m,CA,WUI-P,500,p_a,WUI-P,area_proportion,58,0,0.130950357237,0.106577855473,0.050000000000,3125eee1efdeed67dbd25544efb39fbefa20f98cba387834d67348e84a9f645c,r,0,,run1,ELIGIBLE_FORMAL_N_GE_30,0.139311365305,-0.017543859649,0.006704220806,1.915688248581,0.055404789110,False,NOT_SIGNIFICANT,FORMAL_COMPLETE
county_within_state_patch75_500m,CA,WUI-P,500,p_s,WUI-P,structure_proportion,58,0,0.547067100607,0.321086119668,0.050000000000,3125eee1efdeed67dbd25544efb39fbefa20f98cba387834d67348e84a9f645c,r,0,,run1,ELIGIBLE_FORMAL_N_GE_30,0.157661155298,-0.017543859649,0.006704220806,2.139796033721,0.032371253899,True,POSITIVE_SIGNIFICANT,FORMAL_COMPLETE
county_within_state_patch75_500m,CA,WUI-S,500,p_a,WUI-S,area_proportion,58,0,0.135840641849,0.107345802166,0.050000000000,3125eee1efdeed67dbd25544efb39fbefa20f98cba387834d67348e84a9f645c,r,0,,run1,ELIGIBLE_FORMAL_N_GE_30,0.217116250464,-0.017543859649,0.006704220806,2.865926943042,0.004157901878,True,POSITIVE_SIGNIFICANT,FORMAL_COMPLETE
county_within_state_patch75_500m,CA,WUI-S,500,p_s,WUI-S,structure_proportion,58,0,0.583534615272,0.336923983171,0.050000000000,3125eee1efdeed67dbd25544efb39fbefa20f98cba387834d67348e84a9f645c,r,0,,run1,ELIGIBLE_FORMAL_N_GE_30,0.226618737136,-0.017543859649,0.006704220806,2.981981744888,0.002863890752,True,POSITIVE_SIGNIFICANT,FORMAL_COMPLETE
county_within_state_patch75_500m,CA,WUI-Z,500,p_a,WUI-P,area_proportion,58,0,0.100092005033,0.094492629525,0.050000000000,3125eee1efdeed67dbd25544efb39fbefa20f98cba387834d67348e84a9f645c,r,0,,run1,ELIGIBLE_FORMAL_N_GE_30,0.218741567440,-0.017543859649,0.006704220806,2.885777098705,0.003904485800,True,POSITIVE_SIGNIFICANT,FORMAL_COMPLETE
county_within_state_patch75_500m,CO,WUI-P,500,p_a,WUI-P,area_proportion,64,0,0.104273874207,0.117411975757,0.050000000000,24d8522d3f0a65de1ebd45ff426f29fce84800b68c46c984a4bb0d741be2215c,r,0,,run1,ELIGIBLE_FORMAL_N_GE_30,0.491359470071,-0.015873015873,0.005976317325,6.561305143701,0.000000000053,True,POSITIVE_SIGNIFICANT,FORMAL_COMPLETE
county_within_state_patch75_500m,CO,WUI-P,500,p_s,WUI-P,structure_proportion,58,0,0.647233911567,0.328387777035,0.050000000000,1113739de390527829fe2a9c730e159d81c56f7bcdc62b466cedab449e00785d,r,0,,run1,ELIGIBLE_FORMAL_N_GE_30,0.412755392542,-0.017543859649,0.007311391432,5.032346928517,0.000000484511,True,POSITIVE_SIGNIFICANT,FORMAL_COMPLETE
county_within_state_patch75_500m,CO,WUI-S,500,p_a,WUI-S,area_proportion,64,0,0.101904305467,0.090418788503,0.050000000000,24d8522d3f0a65de1ebd45ff426f29fce84800b68c46c984a4bb0d741be2215c,r,0,,run1,ELIGIBLE_FORMAL_N_GE_30,0.501474913956,-0.015873015873,0.005976317325,6.692153454547,0.000000000022,True,POSITIVE_SIGNIFICANT,FORMAL_COMPLETE
county_within_state_patch75_500m,CO,WUI-S,500,p_s,WUI-S,structure_proportion,64,0,0.713096801326,0.255164069891,0.050000000000,24d8522d3f0a65de1ebd45ff426f29fce84800b68c46c984a4bb0d741be2215c,r,0,,run1,ELIGIBLE_FORMAL_N_GE_30,0.523070490587,-0.015873015873,0.005976317325,6.971503007181,0.000000000003,True,POSITIVE_SIGNIFICANT,FORMAL_COMPLETE
county_within_state_patch75_500m,CO,WUI-Z,500,p_a,WUI-P,area_proportion,64,0,0.055780370545,0.076858878422,0.050000000000,24d8522d3f0a65de1ebd45ff426f29fce84800b68c46c984a4bb0d741be2215c,r,0,,run1,ELIGIBLE_FORMAL_N_GE_30,0.521784795776,-0.015873015873,0.005976317325,6.954871903684,0.000000000004,True,POSITIVE_SIGNIFICANT,FORMAL_COMPLETE
county_within_state_patch75_500m,CT,WUI-P,500,p_a,WUI-P,area_proportion,9,0,0.582260550954,0.153083058549,0.050000000000,2e4cecfa506532034c13b32b21cd5d01ec13a161a9f017fe663512cfd6dd9230,r,0,,run1,EXCLUDED_N_LT_30,,,,,,,UNDEFINED,EXCLUDED_N_LT_30
county_within_state_patch75_500m,CT,WUI-P,500,p_s,WUI-P,structure_proportion,9,0,0.585810467732,0.266544007988,0.050000000000,2e4cecfa506532034c13b32b21cd5d01ec13a161a9f017fe663512cfd6dd9230,r,0,,run1,EXCLUDED_N_LT_30,,,,,,,UNDEFINED,EXCLUDED_N_LT_30
county_within_state_patch75_500m,CT,WUI-S,500,p_a,WUI-S,area_proportion,9,0,0.593380523232,0.161532949204,0.050000000000,2e4cecfa506532034c13b32b21cd5d01ec13a161a9f017fe663512cfd6dd9230,r,0,,run1,EXCLUDED_N_LT_30,,,,,,,UNDEFINED,EXCLUDED_N_LT_30
county_within_state_patch75_500m,CT,WUI-S,500,p_s,WUI-S,structure_proportion,9,0,0.622753286222,0.264550375610,0.050000000000,2e4cecfa506532034c13b32b21cd5d01ec13a161a9f017fe663512cfd6dd9230,r,0,,run1,EXCLUDED_N_LT_30,,,,,,,UNDEFINED,EXCLUDED_N_LT_30
county_within_state_patch75_500m,CT,WUI-Z,500,p_a,WUI-P,area_proportion,9,0,0.601615561433,0.154376192832,0.050000000000,2e4cecfa506532034c13b32b21cd5d01ec13a161a9f017fe663512cfd6dd9230,r,0,,run1,EXCLUDED_N_LT_30,,,,,,,UNDEFINED,EXCLUDED_N_LT_30
county_within_state_patch75_500m,DC,WUI-P,500,p_a,WUI-P,area_proportion,1,1,0.038927696265,0.000000000000,0.050000000000,c6f7a634e185be6d8a5a94ec5f966039cc69f378b6d9201a47af977ae517ef63,r,0,,run1,UNDEFINED_N1_OR_S0_ZERO,,,,,,,UNDEFINED,UNDEFINED
county_within_state_patch75_500m,DC,WUI-P,500,p_s,WUI-P,structure_proportion,1,1,0.001393167338,0.000000000000,0.050000000000,c6f7a634e185be6d8a5a94ec5f966039cc69f378b6d9201a47af977ae517ef63,r,0,,run1,UNDEFINED_N1_OR_S0_ZERO,,,,,,,UNDEFINED,UNDEFINED
county_within_state_patch75_500m,DC,WUI-S,500,p_a,WUI-S,area_proportion,1,1,0.033365870522,0.000000000000,0.050000000000,c6f7a634e185be6d8a5a94ec5f966039cc69f378b6d9201a47af977ae517ef63,r,0,,run1,UNDEFINED_N1_OR_S0_ZERO,,,,,,,UNDEFINED,UNDEFINED
county_within_state_patch75_500m,DC,WUI-S,500,p_s,WUI-S,structure_proportion,1,1,0.001968740607,0.000000000000,0.050000000000,c6f7a634e185be6d8a5a94ec5f966039cc69f378b6d9201a47af977ae517ef63,r,0,,run1,UNDEFINED_N1_OR_S0_ZERO,,,,,,,UNDEFINED,UNDEFINED
county_within_state_patch75_500m,DC,WUI-Z,500,p_a,WUI-P,area_proportion,1,1,0.010401732605,0.000000000000,0.050000000000,c6f7a634e185be6d8a5a94ec5f966039cc69f378b6d9201a47af977ae517ef63,r,0,,run1,UNDEFINED_N1_OR_S0_ZERO,,,,,,,UNDEFINED,UNDEFINED
county_within_state_patch75_500m,DE,WUI-P,500,p_a,WUI-P,area_proportion,3,0,0.163683509613,0.035033367579,0.050000000000,30f3ecf010fe846e70f920daad27c46ee77192aea29d73596f903b85aef4a486,r,0,,run1,EXCLUDED_N_LT_30,,,,,,,UNDEFINED,EXCLUDED_N_LT_30
county_within_state_patch75_500m,DE,WUI-P,500,p_s,WUI-P,structure_proportion,3,0,0.102424486563,0.062196412179,0.050000000000,30f3ecf010fe846e70f920daad27c46ee77192aea29d73596f903b85aef4a486,r,0,,run1,EXCLUDED_N_LT_30,,,,,,,UNDEFINED,EXCLUDED_N_LT_30
county_within_state_patch75_500m,DE,WUI-S,500,p_a,WUI-S,area_proportion,3,0,0.151755248846,0.034123624090,0.050000000000,30f3ecf010fe846e70f920daad27c46ee77192aea29d73596f903b85aef4a486,r,0,,run1,EXCLUDED_N_LT_30,,,,,,,UNDEFINED,EXCLUDED_N_LT_30
county_within_state_patch75_500m,DE,WUI-S,500,p_s,WUI-S,structure_proportion,3,0,0.105958749018,0.059913293179,0.050000000000,30f3ecf010fe846e70f920daad27c46ee77192aea29d73596f903b85aef4a486,r,0,,run1,EXCLUDED_N_LT_30,,,,,,,UNDEFINED,EXCLUDED_N_LT_30
county_within_state_patch75_500m,DE,WUI-Z,500,p_a,WUI-P,area_proportion,3,0,0.158603437276,0.036990851461,0.050000000000,30f3ecf010fe846e70f920daad27c46ee77192aea29d73596f903b85aef4a486,r,0,,run1,EXCLUDED_N_LT_30,,,,,,,UNDEFINED,EXCLUDED_N_LT_30
county_within_state_patch75_500m,FL,WUI-P,500,p_a,WUI-P,area_proportion,67,0,0.264972337218,0.158369528645,0.050000000000,104f6731c9f83335756d169a17b5c361bb27549fdae812b96ce8cafdbe6b60a1,r,0,,run1,ELIGIBLE_FORMAL_N_GE_30,0.568451308677,-0.015151515152,0.006553587888,7.209046396601,0.000000000001,True,POSITIVE_SIGNIFICANT,FORMAL_COMPLETE
county_within_state_patch75_500m,FL,WUI-P,500,p_s,WUI-P,structure_proportion,67,0,0.528687126984,0.296293288617,0.050000000000,104f6731c9f83335756d169a17b5c361bb27549fdae812b96ce8cafdbe6b60a1,r,0,,run1,ELIGIBLE_FORMAL_N_GE_30,0.665616390977,-0.015151515152,0.006553587888,8.409293478735,0.000000000000,True,POSITIVE_SIGNIFICANT,FORMAL_COMPLETE
county_within_state_patch75_500m,FL,WUI-S,500,p_a,WUI-S,area_proportion,67,0,0.191228187356,0.121556181483,0.050000000000,104f6731c9f83335756d169a17b5c361bb27549fdae812b96ce8cafdbe6b60a1,r,0,,run1,ELIGIBLE_FORMAL_N_GE_30,0.564768839894,-0.015151515152,0.006553587888,7.163558117190,0.000000000001,True,POSITIVE_SIGNIFICANT,FORMAL_COMPLETE
county_within_state_patch75_500m,FL,WUI-S,500,p_s,WUI-S,structure_proportion,67,0,0.515481079239,0.300038770542,0.050000000000,104f6731c9f83335756d169a17b5c361bb27549fdae812b96ce8cafdbe6b60a1,r,0,,run1,ELIGIBLE_FORMAL_N_GE_30,0.683140042959,-0.015151515152,0.006553587888,8.625757167773,0.000000000000,True,POSITIVE_SIGNIFICANT,FORMAL_COMPLETE
county_within_state_patch75_500m,FL,WUI-Z,500,p_a,WUI-P,area_proportion,67,0,0.175471092256,0.119872546065,0.050000000000,104f6731c9f83335756d169a17b5c361bb27549fdae812b96ce8cafdbe6b60a1,r,0,,run1,ELIGIBLE_FORMAL_N_GE_30,0.475964796419,-0.015151515152,0.006553587888,6.066592092564,0.000000001307,True,POSITIVE_SIGNIFICANT,FORMAL_COMPLETE
county_within_state_patch75_500m,GA,WUI-P,500,p_a,WUI-P,area_proportion,159,0,0.255198409736,0.209746024353,0.050000000000,27c7c65922ffd154206ed87ab01c2db8752f024d9f1d583cae90e81967f1e464,r,0,,run1,ELIGIBLE_FORMAL_N_GE_30,0.141075435875,-0.006329113924,0.002390199404,3.015045162177,0.002569409936,True,POSITIVE_SIGNIFICANT,FORMAL_COMPLETE
county_within_state_patch75_500m,GA,WUI-P,500,p_s,WUI-P,structure_proportion,154,0,0.640915352444,0.288283464499,0.050000000000,f09835ce30ec4ab17c714f45a47793386f3e78ee11e7a65603bfed97328801aa,r,0,,run1,ELIGIBLE_FORMAL_N_GE_30,0.458694970021,-0.006535947712,0.002498248743,9.307879023626,0.000000000000,True,POSITIVE_SIGNIFICANT,FORMAL_COMPLETE
county_within_state_patch75_500m,GA,WUI-S,500,p_a,WUI-S,area_proportion,159,0,0.351958135430,0.167947052614,0.050000000000,27c7c65922ffd154206ed87ab01c2db8752f024d9f1d583cae90e81967f1e464,r,0,,run1,ELIGIBLE_FORMAL_N_GE_30,0.610164412438,-0.006329113924,0.002390199404,12.609894516226,0.000000000000,True,POSITIVE_SIGNIFICANT,FORMAL_COMPLETE
county_within_state_patch75_500m,GA,WUI-S,500,p_s,WUI-S,structure_proportion,159,0,0.680037208032,0.268765207548,0.050000000000,27c7c65922ffd154206ed87ab01c2db8752f024d9f1d583cae90e81967f1e464,r,0,,run1,ELIGIBLE_FORMAL_N_GE_30,0.504596332184,-0.006329113924,0.002390199404,10.450581726441,0.000000000000,True,POSITIVE_SIGNIFICANT,FORMAL_COMPLETE
county_within_state_patch75_500m,GA,WUI-Z,500,p_a,WUI-P,area_proportion,159,0,0.285626904377,0.199300341895,0.050000000000,27c7c65922ffd154206ed87ab01c2db8752f024d9f1d583cae90e81967f1e464,r,0,,run1,ELIGIBLE_FORMAL_N_GE_30,0.654152807985,-0.006329113924,0.002390199404,13.509642857540,0.000000000000,True,POSITIVE_SIGNIFICANT,FORMAL_COMPLETE
county_within_state_patch75_500m,IA,WUI-P,500,p_a,WUI-P,area_proportion,99,0,0.015146656079,0.028097217313,0.050000000000,cc3bc7f4ca2fe212ffe7e08e637f40b42f53414a89bbf897a430969fa2ea262b,r,0,,run1,ELIGIBLE_FORMAL_N_GE_30,0.136699500172,-0.010204081633,0.003351881970,2.537394687189,0.011168096420,True,POSITIVE_SIGNIFICANT,FORMAL_COMPLETE
county_within_state_patch75_500m,IA,WUI-P,500,p_s,WUI-P,structure_proportion,99,0,0.031656005908,0.062668886216,0.050000000000,cc3bc7f4ca2fe212ffe7e08e637f40b42f53414a89bbf897a430969fa2ea262b,r,0,,run1,ELIGIBLE_FORMAL_N_GE_30,0.109755494926,-0.010204081633,0.003351881970,2.072003885117,0.038265078878,True,POSITIVE_SIGNIFICANT,FORMAL_COMPLETE
county_within_state_patch75_500m,IA,WUI-S,500,p_a,WUI-S,area_proportion,99,0,0.019850209708,0.024360247851,0.050000000000,cc3bc7f4ca2fe212ffe7e08e637f40b42f53414a89bbf897a430969fa2ea262b,r,0,,run1,ELIGIBLE_FORMAL_N_GE_30,0.439557157384,-0.010204081633,0.003351881970,7.768508870667,0.000000000000,True,POSITIVE_SIGNIFICANT,FORMAL_COMPLETE
county_within_state_patch75_500m,IA,WUI-S,500,p_s,WUI-S,structure_proportion,99,0,0.029889297908,0.050865371010,0.050000000000,cc3bc7f4ca2fe212ffe7e08e637f40b42f53414a89bbf897a430969fa2ea262b,r,0,,run1,ELIGIBLE_FORMAL_N_GE_30,0.193983466737,-0.010204081633,0.003351881970,3.526833002020,0.000420561935,True,POSITIVE_SIGNIFICANT,FORMAL_COMPLETE
county_within_state_patch75_500m,IA,WUI-Z,500,p_a,WUI-P,area_proportion,99,0,0.007034252161,0.011019908574,0.050000000000,cc3bc7f4ca2fe212ffe7e08e637f40b42f53414a89bbf897a430969fa2ea262b,r,0,,run1,ELIGIBLE_FORMAL_N_GE_30,0.271675170014,-0.010204081633,0.003351881970,4.868764306293,0.000001122982,True,POSITIVE_SIGNIFICANT,FORMAL_COMPLETE
county_within_state_patch75_500m,ID,WUI-P,500,p_a,WUI-P,area_proportion,44,0,0.083503297546,0.072237563805,0.050000000000,7b4f124a1d324c53c5b56e08d06e685b936b0090ba87f0a05d65d4dff7df1e00,r,0,,run1,ELIGIBLE_FORMAL_N_GE_30,0.231176995274,-0.023255813953,0.009646444561,2.590535073948,0.009582685601,True,POSITIVE_SIGNIFICANT,FORMAL_COMPLETE
county_within_state_patch75_500m,ID,WUI-P,500,p_s,WUI-P,structure_proportion,44,0,0.606289932989,0.305686505191,0.050000000000,7b4f124a1d324c53c5b56e08d06e685b936b0090ba87f0a05d65d4dff7df1e00,r,0,,run1,ELIGIBLE_FORMAL_N_GE_30,0.228724975980,-0.023255813953,0.009646444561,2.565569575189,0.010300656099,True,POSITIVE_SIGNIFICANT,FORMAL_COMPLETE
county_within_state_patch75_500m,ID,WUI-S,500,p_a,WUI-S,area_proportion,44,0,0.078083902831,0.062711742631,0.050000000000,7b4f124a1d324c53c5b56e08d06e685b936b0090ba87f0a05d65d4dff7df1e00,r,0,,run1,ELIGIBLE_FORMAL_N_GE_30,0.283984746161,-0.023255813953,0.009646444561,3.128202882063,0.001758787323,True,POSITIVE_SIGNIFICANT,FORMAL_COMPLETE
county_within_state_patch75_500m,ID,WUI-S,500,p_s,WUI-S,structure_proportion,44,0,0.611605992197,0.304809885018,0.050000000000,7b4f124a1d324c53c5b56e08d06e685b936b0090ba87f0a05d65d4dff7df1e00,r,0,,run1,ELIGIBLE_FORMAL_N_GE_30,0.262996870976,-0.023255813953,0.009646444561,2.914512568462,0.003562444639,True,POSITIVE_SIGNIFICANT,FORMAL_COMPLETE
county_within_state_patch75_500m,ID,WUI-Z,500,p_a,WUI-P,area_proportion,44,0,0.032832390124,0.041249655805,0.050000000000,7b4f124a1d324c53c5b56e08d06e685b936b0090ba87f0a05d65d4dff7df1e00,r,0,,run1,ELIGIBLE_FORMAL_N_GE_30,0.320989893646,-0.023255813953,0.009646444561,3.504974780187,0.000456650539,True,POSITIVE_SIGNIFICANT,FORMAL_COMPLETE
county_within_state_patch75_500m,IL,WUI-P,500,p_a,WUI-P,area_proportion,102,0,0.031833647293,0.058804401243,0.050000000000,6009402011bee9ede489c6310ab7277f7a8e05a792036dab88dcfc383057351b,r,0,,run1,ELIGIBLE_FORMAL_N_GE_30,0.040375081226,-0.009900990099,0.003770681867,0.818750140329,0.412928983130,False,NOT_SIGNIFICANT,FORMAL_COMPLETE
county_within_state_patch75_500m,IL,WUI-P,500,p_s,WUI-P,structure_proportion,83,0,0.072871510935,0.138669059341,0.050000000000,fb2e702d939465057ad3b943ea67973dfd9aa7fc298dc5e94cf6c73f6134b4e1,r,0,,run1,ELIGIBLE_FORMAL_N_GE_30,0.205994279552,-0.012195121951,0.006094577236,2.794871585809,0.005192033438,True,POSITIVE_SIGNIFICANT,FORMAL_COMPLETE
county_within_state_patch75_500m,IL,WUI-S,500,p_a,WUI-S,area_proportion,102,0,0.059389566917,0.067052707824,0.050000000000,6009402011bee9ede489c6310ab7277f7a8e05a792036dab88dcfc383057351b,r,0,,run1,ELIGIBLE_FORMAL_N_GE_30,0.512392294128,-0.009900990099,0.003770681867,8.505590999556,0.000000000000,True,POSITIVE_SIGNIFICANT,FORMAL_COMPLETE
county_within_state_patch75_500m,IL,WUI-S,500,p_s,WUI-S,structure_proportion,102,0,0.090194273644,0.136196992071,0.050000000000,6009402011bee9ede489c6310ab7277f7a8e05a792036dab88dcfc383057351b,r,0,,run1,ELIGIBLE_FORMAL_N_GE_30,0.430552992376,-0.009900990099,0.003770681867,7.172830940383,0.000000000001,True,POSITIVE_SIGNIFICANT,FORMAL_COMPLETE
county_within_state_patch75_500m,IL,WUI-Z,500,p_a,WUI-P,area_proportion,102,0,0.027905358219,0.032617127664,0.050000000000,6009402011bee9ede489c6310ab7277f7a8e05a792036dab88dcfc383057351b,r,0,,run1,ELIGIBLE_FORMAL_N_GE_30,0.458984087255,-0.009900990099,0.003770681867,7.635833762771,0.000000000000,True,POSITIVE_SIGNIFICANT,FORMAL_COMPLETE
county_within_state_patch75_500m,IN,WUI-P,500,p_a,WUI-P,area_proportion,92,0,0.121292341680,0.141870318866,0.050000000000,2ad2401a8e51caac35830c71293c7e44d85f2420f5e50c55c0c5211eedd5cfbe,r,0,,run1,ELIGIBLE_FORMAL_N_GE_30,0.616123269998,-0.010989010989,0.004144180943,9.741502608943,0.000000000000,True,POSITIVE_SIGNIFICANT,FORMAL_COMPLETE
county_within_state_patch75_500m,IN,WUI-P,500,p_s,WUI-P,structure_proportion,92,0,0.161752881346,0.212127934555,0.050000000000,2ad2401a8e51caac35830c71293c7e44d85f2420f5e50c55c0c5211eedd5cfbe,r,0,,run1,ELIGIBLE_FORMAL_N_GE_30,0.481657356134,-0.010989010989,0.004144180943,7.652721874718,0.000000000000,True,POSITIVE_SIGNIFICANT,FORMAL_COMPLETE
county_within_state_patch75_500m,IN,WUI-S,500,p_a,WUI-S,area_proportion,92,0,0.143799037996,0.162344521705,0.050000000000,2ad2401a8e51caac35830c71293c7e44d85f2420f5e50c55c0c5211eedd5cfbe,r,0,,run1,ELIGIBLE_FORMAL_N_GE_30,0.681734742283,-0.010989010989,0.004144180943,10.760704987564,0.000000000000,True,POSITIVE_SIGNIFICANT,FORMAL_COMPLETE
county_within_state_patch75_500m,IN,WUI-S,500,p_s,WUI-S,structure_proportion,92,0,0.169477924489,0.224011736162,0.050000000000,2ad2401a8e51caac35830c71293c7e44d85f2420f5e50c55c0c5211eedd5cfbe,r,0,,run1,ELIGIBLE_FORMAL_N_GE_30,0.491787705807,-0.010989010989,0.004144180943,7.810085764350,0.000000000000,True,POSITIVE_SIGNIFICANT,FORMAL_COMPLETE
county_within_state_patch75_500m,IN,WUI-Z,500,p_a,WUI-P,area_proportion,92,0,0.107925792897,0.136152580034,0.050000000000,2ad2401a8e51caac35830c71293c7e44d85f2420f5e50c55c0c5211eedd5cfbe,r,0,,run1,ELIGIBLE_FORMAL_N_GE_30,0.581310463812,-0.010989010989,0.004144180943,9.200723784223,0.000000000000,True,POSITIVE_SIGNIFICANT,FORMAL_COMPLETE
county_within_state_patch75_500m,KS,WUI-P,500,p_a,WUI-P,area_proportion,105,0,0.033413507000,0.053053119830,0.050000000000,4d72da168d87d7ddcf399da8d4ada2f8ab31f891a78eb610fb6b784557fd7000,r,0,,run1,ELIGIBLE_FORMAL_N_GE_30,0.393343342845,-0.009615384615,0.003588127005,6.727081091390,0.000000000017,True,POSITIVE_SIGNIFICANT,FORMAL_COMPLETE
county_within_state_patch75_500m,KS,WUI-P,500,p_s,WUI-P,structure_proportion,100,0,0.256017382499,0.268760032872,0.050000000000,ce13e36433169fcc486b1177220317638bb7b4c50c6227fa7c68ef9704d45887,r,0,,run1,ELIGIBLE_FORMAL_N_GE_30,0.194363812059,-0.010101010101,0.003937068800,3.258607832555,0.001119603182,True,POSITIVE_SIGNIFICANT,FORMAL_COMPLETE
county_within_state_patch75_500m,KS,WUI-S,500,p_a,WUI-S,area_proportion,105,0,0.063828985501,0.057964724710,0.050000000000,4d72da168d87d7ddcf399da8d4ada2f8ab31f891a78eb610fb6b784557fd7000,r,0,,run1,ELIGIBLE_FORMAL_N_GE_30,0.577035254265,-0.009615384615,0.003588127005,9.793674019520,0.000000000000,True,POSITIVE_SIGNIFICANT,FORMAL_COMPLETE
county_within_state_patch75_500m,KS,WUI-S,500,p_s,WUI-S,structure_proportion,105,0,0.314123125032,0.260216281501,0.050000000000,4d72da168d87d7ddcf399da8d4ada2f8ab31f891a78eb610fb6b784557fd7000,r,0,,run1,ELIGIBLE_FORMAL_N_GE_30,0.311231407566,-0.009615384615,0.003588127005,5.356286492468,0.000000084950,True,POSITIVE_SIGNIFICANT,FORMAL_COMPLETE
county_within_state_patch75_500m,KS,WUI-Z,500,p_a,WUI-P,area_proportion,105,0,0.013256372723,0.028622704591,0.050000000000,4d72da168d87d7ddcf399da8d4ada2f8ab31f891a78eb610fb6b784557fd7000,r,0,,run1,ELIGIBLE_FORMAL_N_GE_30,0.275704602675,-0.009615384615,0.003588127005,4.763194244708,0.000001905523,True,POSITIVE_SIGNIFICANT,FORMAL_COMPLETE
county_within_state_patch75_500m,KY,WUI-P,500,p_a,WUI-P,area_proportion,120,0,0.251437483730,0.147407779680,0.050000000000,5b103fa1e3d2730b04f602093b0457d41933786c7553fd97c42b26c8756df7be,r,0,,run1,ELIGIBLE_FORMAL_N_GE_30,0.622068595501,-0.008403361345,0.003315398881,10.949590584270,0.000000000000,True,POSITIVE_SIGNIFICANT,FORMAL_COMPLETE
county_within_state_patch75_500m,KY,WUI-P,500,p_s,WUI-P,structure_proportion,120,0,0.439872601689,0.342867144053,0.050000000000,5b103fa1e3d2730b04f602093b0457d41933786c7553fd97c42b26c8756df7be,r,0,,run1,ELIGIBLE_FORMAL_N_GE_30,0.700607191653,-0.008403361345,0.003315398881,12.313593318409,0.000000000000,True,POSITIVE_SIGNIFICANT,FORMAL_COMPLETE
county_within_state_patch75_500m,KY,WUI-S,500,p_a,WUI-S,area_proportion,120,0,0.287883771692,0.153255441755,0.050000000000,5b103fa1e3d2730b04f602093b0457d41933786c7553fd97c42b26c8756df7be,r,0,,run1,ELIGIBLE_FORMAL_N_GE_30,0.596428992120,-0.008403361345,0.003315398881,10.504300105101,0.000000000000,True,POSITIVE_SIGNIFICANT,FORMAL_COMPLETE
county_within_state_patch75_500m,KY,WUI-S,500,p_s,WUI-S,structure_proportion,120,0,0.452082885458,0.336938125510,0.050000000000,5b103fa1e3d2730b04f602093b0457d41933786c7553fd97c42b26c8756df7be,r,0,,run1,ELIGIBLE_FORMAL_N_GE_30,0.699187202424,-0.008403361345,0.003315398881,12.288931950794,0.000000000000,True,POSITIVE_SIGNIFICANT,FORMAL_COMPLETE
county_within_state_patch75_500m,KY,WUI-Z,500,p_a,WUI-P,area_proportion,120,0,0.210740423546,0.150875330757,0.050000000000,5b103fa1e3d2730b04f602093b0457d41933786c7553fd97c42b26c8756df7be,r,0,,run1,ELIGIBLE_FORMAL_N_GE_30,0.459368085586,-0.008403361345,0.003315398881,8.123923316951,0.000000000000,True,POSITIVE_SIGNIFICANT,FORMAL_COMPLETE
county_within_state_patch75_500m,LA,WUI-P,500,p_a,WUI-P,area_proportion,64,0,0.118393043946,0.152083033591,0.050000000000,993f33c50869e995fa6b2cde526336297f26f424b568ebdf33be78ea4dc9e740,r,0,,run1,ELIGIBLE_FORMAL_N_GE_30,0.283535004847,-0.015873015873,0.006066433710,3.844117926990,0.000120986820,True,POSITIVE_SIGNIFICANT,FORMAL_COMPLETE
county_within_state_patch75_500m,LA,WUI-P,500,p_s,WUI-P,structure_proportion,57,0,0.563993842129,0.330214738982,0.050000000000,27c12169a08767e1cbe85cb66dfe15fa097f80470ca20b9b89c581a226da8026,r,0,,run1,ELIGIBLE_FORMAL_N_GE_30,0.276418326694,-0.017857142857,0.007330746061,3.437003492818,0.000588188018,True,POSITIVE_SIGNIFICANT,FORMAL_COMPLETE
county_within_state_patch75_500m,LA,WUI-S,500,p_a,WUI-S,area_proportion,64,0,0.177766067138,0.129957077140,0.050000000000,993f33c50869e995fa6b2cde526336297f26f424b568ebdf33be78ea4dc9e740,r,0,,run1,ELIGIBLE_FORMAL_N_GE_30,0.560009687523,-0.015873015873,0.006066433710,7.393793321385,0.000000000000,True,POSITIVE_SIGNIFICANT,FORMAL_COMPLETE
county_within_state_patch75_500m,LA,WUI-S,500,p_s,WUI-S,structure_proportion,64,0,0.576298879186,0.311716353696,0.050000000000,993f33c50869e995fa6b2cde526336297f26f424b568ebdf33be78ea4dc9e740,r,0,,run1,ELIGIBLE_FORMAL_N_GE_30,0.404699549533,-0.015873015873,0.006066433710,5.399756941680,0.000000066731,True,POSITIVE_SIGNIFICANT,FORMAL_COMPLETE
county_within_state_patch75_500m,LA,WUI-Z,500,p_a,WUI-P,area_proportion,64,0,0.142940733645,0.128956185073,0.050000000000,993f33c50869e995fa6b2cde526336297f26f424b568ebdf33be78ea4dc9e740,r,0,,run1,ELIGIBLE_FORMAL_N_GE_30,0.462918713459,-0.015873015873,0.006066433710,6.147236355250,0.000000000788,True,POSITIVE_SIGNIFICANT,FORMAL_COMPLETE
county_within_state_patch75_500m,MA,WUI-P,500,p_a,WUI-P,area_proportion,14,0,0.417503140367,0.208866249822,0.050000000000,4f9644ee0a1c3bea3bddca6c45f303d119dfbcadbf6699fd6c2fea226b87d905,r,0,,run1,EXCLUDED_N_LT_30,,,,,,,UNDEFINED,EXCLUDED_N_LT_30
county_within_state_patch75_500m,MA,WUI-P,500,p_s,WUI-P,structure_proportion,14,0,0.523430543299,0.273964908562,0.050000000000,4f9644ee0a1c3bea3bddca6c45f303d119dfbcadbf6699fd6c2fea226b87d905,r,0,,run1,EXCLUDED_N_LT_30,,,,,,,UNDEFINED,EXCLUDED_N_LT_30
county_within_state_patch75_500m,MA,WUI-S,500,p_a,WUI-S,area_proportion,14,0,0.427767098492,0.215621006826,0.050000000000,4f9644ee0a1c3bea3bddca6c45f303d119dfbcadbf6699fd6c2fea226b87d905,r,0,,run1,EXCLUDED_N_LT_30,,,,,,,UNDEFINED,EXCLUDED_N_LT_30
county_within_state_patch75_500m,MA,WUI-S,500,p_s,WUI-S,structure_proportion,14,0,0.571570033219,0.265588538605,0.050000000000,4f9644ee0a1c3bea3bddca6c45f303d119dfbcadbf6699fd6c2fea226b87d905,r,0,,run1,EXCLUDED_N_LT_30,,,,,,,UNDEFINED,EXCLUDED_N_LT_30
county_within_state_patch75_500m,MA,WUI-Z,500,p_a,WUI-P,area_proportion,14,0,0.421968046621,0.216967196730,0.050000000000,4f9644ee0a1c3bea3bddca6c45f303d119dfbcadbf6699fd6c2fea226b87d905,r,0,,run1,EXCLUDED_N_LT_30,,,,,,,UNDEFINED,EXCLUDED_N_LT_30
county_within_state_patch75_500m,MD,WUI-P,500,p_a,WUI-P,area_proportion,24,0,0.307211986489,0.164329723672,0.050000000000,eed052be11c76fbe5eee470d87026dd4c5d6ebb688af06e1145ec8a9ff9846ce,r,0,,run1,EXCLUDED_N_LT_30,,,,,,,UNDEFINED,EXCLUDED_N_LT_30
county_within_state_patch75_500m,MD,WUI-P,500,p_s,WUI-P,structure_proportion,24,0,0.354271631664,0.302450845117,0.050000000000,eed052be11c76fbe5eee470d87026dd4c5d6ebb688af06e1145ec8a9ff9846ce,r,0,,run1,EXCLUDED_N_LT_30,,,,,,,UNDEFINED,EXCLUDED_N_LT_30
county_within_state_patch75_500m,MD,WUI-S,500,p_a,WUI-S,area_proportion,24,0,0.272515958736,0.147394840679,0.050000000000,eed052be11c76fbe5eee470d87026dd4c5d6ebb688af06e1145ec8a9ff9846ce,r,0,,run1,EXCLUDED_N_LT_30,,,,,,,UNDEFINED,EXCLUDED_N_LT_30
county_within_state_patch75_500m,MD,WUI-S,500,p_s,WUI-S,structure_proportion,24,0,0.353380767035,0.296736785356,0.050000000000,eed052be11c76fbe5eee470d87026dd4c5d6ebb688af06e1145ec8a9ff9846ce,r,0,,run1,EXCLUDED_N_LT_30,,,,,,,UNDEFINED,EXCLUDED_N_LT_30
county_within_state_patch75_500m,MD,WUI-Z,500,p_a,WUI-P,area_proportion,24,0,0.250492930169,0.149412204068,0.050000000000,eed052be11c76fbe5eee470d87026dd4c5d6ebb688af06e1145ec8a9ff9846ce,r,0,,run1,EXCLUDED_N_LT_30,,,,,,,UNDEFINED,EXCLUDED_N_LT_30
county_within_state_patch75_500m,ME,WUI-P,500,p_a,WUI-P,area_proportion,16,0,0.335865167768,0.215231967688,0.050000000000,e5604fa927a04c17a205d1af3a4d2e3928974978370e50c63365eef21a43b529,r,0,,run1,EXCLUDED_N_LT_30,,,,,,,UNDEFINED,EXCLUDED_N_LT_30
county_within_state_patch75_500m,ME,WUI-P,500,p_s,WUI-P,structure_proportion,16,0,0.867242255459,0.111178399520,0.050000000000,e5604fa927a04c17a205d1af3a4d2e3928974978370e50c63365eef21a43b529,r,0,,run1,EXCLUDED_N_LT_30,,,,,,,UNDEFINED,EXCLUDED_N_LT_30
county_within_state_patch75_500m,ME,WUI-S,500,p_a,WUI-S,area_proportion,16,0,0.356222891279,0.218527241728,0.050000000000,e5604fa927a04c17a205d1af3a4d2e3928974978370e50c63365eef21a43b529,r,0,,run1,EXCLUDED_N_LT_30,,,,,,,UNDEFINED,EXCLUDED_N_LT_30
county_within_state_patch75_500m,ME,WUI-S,500,p_s,WUI-S,structure_proportion,16,0,0.897436726790,0.100530669342,0.050000000000,e5604fa927a04c17a205d1af3a4d2e3928974978370e50c63365eef21a43b529,r,0,,run1,EXCLUDED_N_LT_30,,,,,,,UNDEFINED,EXCLUDED_N_LT_30
county_within_state_patch75_500m,ME,WUI-Z,500,p_a,WUI-P,area_proportion,16,0,0.356854914755,0.248620281843,0.050000000000,e5604fa927a04c17a205d1af3a4d2e3928974978370e50c63365eef21a43b529,r,0,,run1,EXCLUDED_N_LT_30,,,,,,,UNDEFINED,EXCLUDED_N_LT_30
county_within_state_patch75_500m,MI,WUI-P,500,p_a,WUI-P,area_proportion,83,0,0.076698991746,0.144562127433,0.050000000000,a3d5822cb0b078fda8fe6d7ed171d65653081e862b0f48cd3a80ae66925c960c,r,0,,run1,ELIGIBLE_FORMAL_N_GE_30,0.105163891315,-0.012195121951,0.004417826471,1.765680508446,0.077449464656,False,NOT_SIGNIFICANT,FORMAL_COMPLETE
county_within_state_patch75_500m,MI,WUI-P,500,p_s,WUI-P,structure_proportion,43,1,0.400662095983,0.364619648424,0.050000000000,8501cb4c435820d17bdd185b55c1e9ab515c579043955e44788afbbcaf1632f5,r,0,,run1,ELIGIBLE_FORMAL_N_GE_30,0.586825473398,-0.023809523810,0.012781382019,5.401231397295,0.000000066185,True,POSITIVE_SIGNIFICANT,FORMAL_COMPLETE
county_within_state_patch75_500m,MI,WUI-S,500,p_a,WUI-S,area_proportion,83,0,0.231498454403,0.152952386567,0.050000000000,a3d5822cb0b078fda8fe6d7ed171d65653081e862b0f48cd3a80ae66925c960c,r,0,,run1,ELIGIBLE_FORMAL_N_GE_30,0.450231731000,-0.012195121951,0.004417826471,6.957267772722,0.000000000003,True,POSITIVE_SIGNIFICANT,FORMAL_COMPLETE
county_within_state_patch75_500m,MI,WUI-S,500,p_s,WUI-S,structure_proportion,83,0,0.576626494794,0.361530595247,0.050000000000,a3d5822cb0b078fda8fe6d7ed171d65653081e862b0f48cd3a80ae66925c960c,r,0,,run1,ELIGIBLE_FORMAL_N_GE_30,0.839633211267,-0.012195121951,0.004417826471,12.815860006344,0.000000000000,True,POSITIVE_SIGNIFICANT,FORMAL_COMPLETE
county_within_state_patch75_500m,MI,WUI-Z,500,p_a,WUI-P,area_proportion,83,0,0.174993992818,0.127305223247,0.050000000000,a3d5822cb0b078fda8fe6d7ed171d65653081e862b0f48cd3a80ae66925c960c,r,0,,run1,ELIGIBLE_FORMAL_N_GE_30,0.379363439190,-0.012195121951,0.004417826471,5.891045775511,0.000000003838,True,POSITIVE_SIGNIFICANT,FORMAL_COMPLETE
county_within_state_patch75_500m,MN,WUI-P,500,p_a,WUI-P,area_proportion,87,0,0.089573889273,0.138909886742,0.050000000000,486f6133d293127f43298adf9e3f5ee96ba51091991db04bf6ec6c35554342aa,r,0,,run1,ELIGIBLE_FORMAL_N_GE_30,0.536781525339,-0.011627906977,0.004643289088,8.048075726161,0.000000000000,True,POSITIVE_SIGNIFICANT,FORMAL_COMPLETE
county_within_state_patch75_500m,MN,WUI-P,500,p_s,WUI-P,structure_proportion,87,0,0.216241782915,0.308186090277,0.050000000000,486f6133d293127f43298adf9e3f5ee96ba51091991db04bf6ec6c35554342aa,r,0,,run1,ELIGIBLE_FORMAL_N_GE_30,0.790197135213,-0.011627906977,0.004643289088,11.767027112256,0.000000000000,True,POSITIVE_SIGNIFICANT,FORMAL_COMPLETE
county_within_state_patch75_500m,MN,WUI-S,500,p_a,WUI-S,area_proportion,87,0,0.088590444567,0.116923017685,0.050000000000,486f6133d293127f43298adf9e3f5ee96ba51091991db04bf6ec6c35554342aa,r,0,,run1,ELIGIBLE_FORMAL_N_GE_30,0.679530970736,-0.011627906977,0.004643289088,10.142967386890,0.000000000000,True,POSITIVE_SIGNIFICANT,FORMAL_COMPLETE
county_within_state_patch75_500m,MN,WUI-S,500,p_s,WUI-S,structure_proportion,87,0,0.216672107221,0.307349819052,0.050000000000,486f6133d293127f43298adf9e3f5ee96ba51091991db04bf6ec6c35554342aa,r,0,,run1,ELIGIBLE_FORMAL_N_GE_30,0.824639172617,-0.011627906977,0.004643289088,12.272474518616,0.000000000000,True,POSITIVE_SIGNIFICANT,FORMAL_COMPLETE
county_within_state_patch75_500m,MN,WUI-Z,500,p_a,WUI-P,area_proportion,87,0,0.043931182605,0.075193137801,0.050000000000,486f6133d293127f43298adf9e3f5ee96ba51091991db04bf6ec6c35554342aa,r,0,,run1,ELIGIBLE_FORMAL_N_GE_30,0.511745350930,-0.011627906977,0.004643289088,7.680662228753,0.000000000000,True,POSITIVE_SIGNIFICANT,FORMAL_COMPLETE
county_within_state_patch75_500m,MO,WUI-P,500,p_a,WUI-P,area_proportion,115,0,0.026866650452,0.080405795457,0.050000000000,c85b7e8dffb614bec65500febe2f4118906bea548d5a1788097e0e1caa1f8cd6,r,0,,run1,ELIGIBLE_FORMAL_N_GE_30,0.309961501840,-0.008771929825,0.003490861471,5.394625627412,0.000000068667,True,POSITIVE_SIGNIFICANT,FORMAL_COMPLETE
county_within_state_patch75_500m,MO,WUI-P,500,p_s,WUI-P,structure_proportion,53,0,0.280246558641,0.361727819079,0.050000000000,6bc63258a5cc3d35128c4efeec4e310aa788ea8c8c7c4d8f12af446c4caa7eec,r,0,,run1,ELIGIBLE_FORMAL_N_GE_30,0.460506580865,-0.019230769231,0.011004947244,4.573087903535,0.000004805884,True,POSITIVE_SIGNIFICANT,FORMAL_COMPLETE
county_within_state_patch75_500m,MO,WUI-S,500,p_a,WUI-S,area_proportion,115,0,0.146527849625,0.143835375951,0.050000000000,c85b7e8dffb614bec65500febe2f4118906bea548d5a1788097e0e1caa1f8cd6,r,0,,run1,ELIGIBLE_FORMAL_N_GE_30,0.642932498749,-0.008771929825,0.003490861471,11.030224829321,0.000000000000,True,POSITIVE_SIGNIFICANT,FORMAL_COMPLETE
county_within_state_patch75_500m,MO,WUI-S,500,p_s,WUI-S,structure_proportion,115,0,0.266328174510,0.285714174761,0.050000000000,c85b7e8dffb614bec65500febe2f4118906bea548d5a1788097e0e1caa1f8cd6,r,0,,run1,ELIGIBLE_FORMAL_N_GE_30,0.639330390182,-0.008771929825,0.003490861471,10.969258437800,0.000000000000,True,POSITIVE_SIGNIFICANT,FORMAL_COMPLETE
county_within_state_patch75_500m,MO,WUI-Z,500,p_a,WUI-P,area_proportion,115,0,0.073479836204,0.105308424915,0.050000000000,c85b7e8dffb614bec65500febe2f4118906bea548d5a1788097e0e1caa1f8cd6,r,0,,run1,ELIGIBLE_FORMAL_N_GE_30,0.446157224576,-0.008771929825,0.003490861471,7.699764854196,0.000000000000,True,POSITIVE_SIGNIFICANT,FORMAL_COMPLETE
county_within_state_patch75_500m,MS,WUI-P,500,p_a,WUI-P,area_proportion,82,0,0.428695302886,0.211528512206,0.050000000000,8930389d681d6e802ff12919a5a7b3e8421f66ba1c55f0b71de4bbb62ee65c27,r,0,,run1,ELIGIBLE_FORMAL_N_GE_30,0.695514244636,-0.012345679012,0.004556651727,10.486351400770,0.000000000000,True,POSITIVE_SIGNIFICANT,FORMAL_COMPLETE
county_within_state_patch75_500m,MS,WUI-P,500,p_s,WUI-P,structure_proportion,82,0,0.638759664770,0.293030294655,0.050000000000,8930389d681d6e802ff12919a5a7b3e8421f66ba1c55f0b71de4bbb62ee65c27,r,0,,run1,ELIGIBLE_FORMAL_N_GE_30,0.587483964758,-0.012345679012,0.004556651727,8.885973361442,0.000000000000,True,POSITIVE_SIGNIFICANT,FORMAL_COMPLETE
county_within_state_patch75_500m,MS,WUI-S,500,p_a,WUI-S,area_proportion,82,0,0.283723175567,0.153480011784,0.050000000000,8930389d681d6e802ff12919a5a7b3e8421f66ba1c55f0b71de4bbb62ee65c27,r,0,,run1,ELIGIBLE_FORMAL_N_GE_30,0.690432744245,-0.012345679012,0.004556651727,10.411073232077,0.000000000000,True,POSITIVE_SIGNIFICANT,FORMAL_COMPLETE
county_within_state_patch75_500m,MS,WUI-S,500,p_s,WUI-S,structure_proportion,82,0,0.645093658593,0.298803936554,0.050000000000,8930389d681d6e802ff12919a5a7b3e8421f66ba1c55f0b71de4bbb62ee65c27,r,0,,run1,ELIGIBLE_FORMAL_N_GE_30,0.585332514549,-0.012345679012,0.004556651727,8.854101430072,0.000000000000,True,POSITIVE_SIGNIFICANT,FORMAL_COMPLETE
county_within_state_patch75_500m,MS,WUI-Z,500,p_a,WUI-P,area_proportion,82,0,0.193966248393,0.132382975117,0.050000000000,8930389d681d6e802ff12919a5a7b3e8421f66ba1c55f0b71de4bbb62ee65c27,r,0,,run1,ELIGIBLE_FORMAL_N_GE_30,0.462757225627,-0.012345679012,0.004556651727,7.038251274195,0.000000000002,True,POSITIVE_SIGNIFICANT,FORMAL_COMPLETE
county_within_state_patch75_500m,MT,WUI-P,500,p_a,WUI-P,area_proportion,56,0,0.050797273033,0.050055538394,0.050000000000,173f6be68e5ecb160c422495a497f8580a07f226e4b9c11efeb68d8e101fc511,r,0,,run1,ELIGIBLE_FORMAL_N_GE_30,0.522791980552,-0.018181818182,0.007019484635,6.456893412563,0.000000000107,True,POSITIVE_SIGNIFICANT,FORMAL_COMPLETE
county_within_state_patch75_500m,MT,WUI-P,500,p_s,WUI-P,structure_proportion,56,0,0.520141605558,0.248676509064,0.050000000000,173f6be68e5ecb160c422495a497f8580a07f226e4b9c11efeb68d8e101fc511,r,0,,run1,ELIGIBLE_FORMAL_N_GE_30,0.492995526810,-0.018181818182,0.007019484635,6.101252295877,0.000000001052,True,POSITIVE_SIGNIFICANT,FORMAL_COMPLETE
county_within_state_patch75_500m,MT,WUI-S,500,p_a,WUI-S,area_proportion,56,0,0.051473058415,0.033326591144,0.050000000000,173f6be68e5ecb160c422495a497f8580a07f226e4b9c11efeb68d8e101fc511,r,0,,run1,ELIGIBLE_FORMAL_N_GE_30,0.356464030638,-0.018181818182,0.007019484635,4.471655224249,0.000007761649,True,POSITIVE_SIGNIFICANT,FORMAL_COMPLETE
county_within_state_patch75_500m,MT,WUI-S,500,p_s,WUI-S,structure_proportion,56,0,0.698949374986,0.193029591739,0.050000000000,173f6be68e5ecb160c422495a497f8580a07f226e4b9c11efeb68d8e101fc511,r,0,,run1,ELIGIBLE_FORMAL_N_GE_30,0.494964846334,-0.018181818182,0.007019484635,6.124757475410,0.000000000908,True,POSITIVE_SIGNIFICANT,FORMAL_COMPLETE
county_within_state_patch75_500m,MT,WUI-Z,500,p_a,WUI-P,area_proportion,56,0,0.014811484210,0.021823555142,0.050000000000,173f6be68e5ecb160c422495a497f8580a07f226e4b9c11efeb68d8e101fc511,r,0,,run1,ELIGIBLE_FORMAL_N_GE_30,0.331663883591,-0.018181818182,0.007019484635,4.175648455578,0.000029713840,True,POSITIVE_SIGNIFICANT,FORMAL_COMPLETE
county_within_state_patch75_500m,NC,WUI-P,500,p_a,WUI-P,area_proportion,100,0,0.454388784894,0.188611570157,0.050000000000,940473eb8f2744bd03fb30fba9153dd8a66b8eecee95d7c9c216a62f467ed426,r,0,,run1,ELIGIBLE_FORMAL_N_GE_30,0.639302010457,-0.010101010101,0.003936528942,10.350410632199,0.000000000000,True,POSITIVE_SIGNIFICANT,FORMAL_COMPLETE
county_within_state_patch75_500m,NC,WUI-P,500,p_s,WUI-P,structure_proportion,100,0,0.593627300950,0.295831857979,0.050000000000,940473eb8f2744bd03fb30fba9153dd8a66b8eecee95d7c9c216a62f467ed426,r,0,,run1,ELIGIBLE_FORMAL_N_GE_30,0.471467171731,-0.010101010101,0.003936528942,7.675400747415,0.000000000000,True,POSITIVE_SIGNIFICANT,FORMAL_COMPLETE
county_within_state_patch75_500m,NC,WUI-S,500,p_a,WUI-S,area_proportion,100,0,0.396721005300,0.167621232477,0.050000000000,940473eb8f2744bd03fb30fba9153dd8a66b8eecee95d7c9c216a62f467ed426,r,0,,run1,ELIGIBLE_FORMAL_N_GE_30,0.657673765306,-0.010101010101,0.003936528942,10.643226034509,0.000000000000,True,POSITIVE_SIGNIFICANT,FORMAL_COMPLETE
county_within_state_patch75_500m,NC,WUI-S,500,p_s,WUI-S,structure_proportion,100,0,0.593572239477,0.290999923198,0.050000000000,940473eb8f2744bd03fb30fba9153dd8a66b8eecee95d7c9c216a62f467ed426,r,0,,run1,ELIGIBLE_FORMAL_N_GE_30,0.481013261905,-0.010101010101,0.003936528942,7.827549644334,0.000000000000,True,POSITIVE_SIGNIFICANT,FORMAL_COMPLETE
county_within_state_patch75_500m,NC,WUI-Z,500,p_a,WUI-P,area_proportion,100,0,0.392332920462,0.189053760225,0.050000000000,940473eb8f2744bd03fb30fba9153dd8a66b8eecee95d7c9c216a62f467ed426,r,0,,run1,ELIGIBLE_FORMAL_N_GE_30,0.637664077630,-0.010101010101,0.003936528942,10.324304690578,0.000000000000,True,POSITIVE_SIGNIFICANT,FORMAL_COMPLETE
county_within_state_patch75_500m,ND,WUI-P,500,p_a,WUI-P,area_proportion,53,0,0.033565523057,0.057122006419,0.050000000000,b1541f2edb1aab2fc0d3018cc395d17e3d460648f0d919f52620496b47f5e85a,r,0,,run1,ELIGIBLE_FORMAL_N_GE_30,0.175806045215,-0.019230769231,0.007292003258,2.283984582318,0.022372437062,True,POSITIVE_SIGNIFICANT,FORMAL_COMPLETE
county_within_state_patch75_500m,ND,WUI-P,500,p_s,WUI-P,structure_proportion,53,0,0.119914339770,0.177376434031,0.050000000000,b1541f2edb1aab2fc0d3018cc395d17e3d460648f0d919f52620496b47f5e85a,r,0,,run1,ELIGIBLE_FORMAL_N_GE_30,0.358118406216,-0.019230769231,0.007292003258,4.418959063295,0.000009917743,True,POSITIVE_SIGNIFICANT,FORMAL_COMPLETE
county_within_state_patch75_500m,ND,WUI-S,500,p_a,WUI-S,area_proportion,53,0,0.036336171085,0.035386333815,0.050000000000,b1541f2edb1aab2fc0d3018cc395d17e3d460648f0d919f52620496b47f5e85a,r,0,,run1,ELIGIBLE_FORMAL_N_GE_30,0.599350303600,-0.019230769231,0.007292003258,7.243912577605,0.000000000000,True,POSITIVE_SIGNIFICANT,FORMAL_COMPLETE
county_within_state_patch75_500m,ND,WUI-S,500,p_s,WUI-S,structure_proportion,53,0,0.250946366005,0.255890919812,0.050000000000,b1541f2edb1aab2fc0d3018cc395d17e3d460648f0d919f52620496b47f5e85a,r,0,,run1,ELIGIBLE_FORMAL_N_GE_30,0.603266329105,-0.019230769231,0.007292003258,7.289771314085,0.000000000000,True,POSITIVE_SIGNIFICANT,FORMAL_COMPLETE
county_within_state_patch75_500m,ND,WUI-Z,500,p_a,WUI-P,area_proportion,53,0,0.003598649081,0.008274782657,0.050000000000,b1541f2edb1aab2fc0d3018cc395d17e3d460648f0d919f52620496b47f5e85a,r,0,,run1,ELIGIBLE_FORMAL_N_GE_30,0.036920694210,-0.019230769231,0.007292003258,0.657563430462,0.510818699660,False,NOT_SIGNIFICANT,FORMAL_COMPLETE
county_within_state_patch75_500m,NE,WUI-P,500,p_a,WUI-P,area_proportion,93,0,0.034320299748,0.031285826550,0.050000000000,6a962fa609c29e7619f624e98acd8f9e513a30db2d05a88c3bbc224600db593a,r,0,,run1,ELIGIBLE_FORMAL_N_GE_30,0.162409580111,-0.010869565217,0.004094889120,2.707853870474,0.006771983268,True,POSITIVE_SIGNIFICANT,FORMAL_COMPLETE
county_within_state_patch75_500m,NE,WUI-P,500,p_s,WUI-P,structure_proportion,93,0,0.242093518611,0.214580452437,0.050000000000,6a962fa609c29e7619f624e98acd8f9e513a30db2d05a88c3bbc224600db593a,r,0,,run1,ELIGIBLE_FORMAL_N_GE_30,0.491277129565,-0.010869565217,0.004094889120,7.847106288713,0.000000000000,True,POSITIVE_SIGNIFICANT,FORMAL_COMPLETE
county_within_state_patch75_500m,NE,WUI-S,500,p_a,WUI-S,area_proportion,93,0,0.060070905309,0.040881981535,0.050000000000,6a962fa609c29e7619f624e98acd8f9e513a30db2d05a88c3bbc224600db593a,r,0,,run1,ELIGIBLE_FORMAL_N_GE_30,0.338237578100,-0.010869565217,0.004094889120,5.455538965458,0.000000048825,True,POSITIVE_SIGNIFICANT,FORMAL_COMPLETE
county_within_state_patch75_500m,NE,WUI-S,500,p_s,WUI-S,structure_proportion,93,0,0.363537771404,0.302825045693,0.050000000000,6a962fa609c29e7619f624e98acd8f9e513a30db2d05a88c3bbc224600db593a,r,0,,run1,ELIGIBLE_FORMAL_N_GE_30,0.762703878022,-0.010869565217,0.004094889120,12.088724459010,0.000000000000,True,POSITIVE_SIGNIFICANT,FORMAL_COMPLETE
county_within_state_patch75_500m,NE,WUI-Z,500,p_a,WUI-P,area_proportion,93,0,0.006897420125,0.011637039052,0.050000000000,6a962fa609c29e7619f624e98acd8f9e513a30db2d05a88c3bbc224600db593a,r,0,,run1,ELIGIBLE_FORMAL_N_GE_30,0.137095290840,-0.010869565217,0.004094889120,2.312264452878,0.020763114342,True,POSITIVE_SIGNIFICANT,FORMAL_COMPLETE
county_within_state_patch75_500m,NH,WUI-P,500,p_a,WUI-P,area_proportion,10,0,0.610890792489,0.180751037067,0.050000000000,7c4966b734f0c4b2ba176b0532ca1f6e946c54ed94842dfc7a71a5553b65b3e8,r,0,,run1,EXCLUDED_N_LT_30,,,,,,,UNDEFINED,EXCLUDED_N_LT_30
county_within_state_patch75_500m,NH,WUI-P,500,p_s,WUI-P,structure_proportion,10,0,0.874151341229,0.130576317301,0.050000000000,7c4966b734f0c4b2ba176b0532ca1f6e946c54ed94842dfc7a71a5553b65b3e8,r,0,,run1,EXCLUDED_N_LT_30,,,,,,,UNDEFINED,EXCLUDED_N_LT_30
county_within_state_patch75_500m,NH,WUI-S,500,p_a,WUI-S,area_proportion,10,0,0.531592770323,0.170528515253,0.050000000000,7c4966b734f0c4b2ba176b0532ca1f6e946c54ed94842dfc7a71a5553b65b3e8,r,0,,run1,EXCLUDED_N_LT_30,,,,,,,UNDEFINED,EXCLUDED_N_LT_30
county_within_state_patch75_500m,NH,WUI-S,500,p_s,WUI-S,structure_proportion,10,0,0.885582064133,0.134004478232,0.050000000000,7c4966b734f0c4b2ba176b0532ca1f6e946c54ed94842dfc7a71a5553b65b3e8,r,0,,run1,EXCLUDED_N_LT_30,,,,,,,UNDEFINED,EXCLUDED_N_LT_30
county_within_state_patch75_500m,NH,WUI-Z,500,p_a,WUI-P,area_proportion,10,0,0.515513683261,0.199010041692,0.050000000000,7c4966b734f0c4b2ba176b0532ca1f6e946c54ed94842dfc7a71a5553b65b3e8,r,0,,run1,EXCLUDED_N_LT_30,,,,,,,UNDEFINED,EXCLUDED_N_LT_30
county_within_state_patch75_500m,NJ,WUI-P,500,p_a,WUI-P,area_proportion,21,0,0.354982951353,0.169712637394,0.050000000000,32939f12d94423b51432ab4dd76c93cdfef22134ba996b92390b031a9ff6c854,r,0,,run1,EXCLUDED_N_LT_30,,,,,,,UNDEFINED,EXCLUDED_N_LT_30
county_within_state_patch75_500m,NJ,WUI-P,500,p_s,WUI-P,structure_proportion,21,0,0.348887392910,0.255941085539,0.050000000000,32939f12d94423b51432ab4dd76c93cdfef22134ba996b92390b031a9ff6c854,r,0,,run1,EXCLUDED_N_LT_30,,,,,,,UNDEFINED,EXCLUDED_N_LT_30
county_within_state_patch75_500m,NJ,WUI-S,500,p_a,WUI-S,area_proportion,21,0,0.365903330493,0.173189651923,0.050000000000,32939f12d94423b51432ab4dd76c93cdfef22134ba996b92390b031a9ff6c854,r,0,,run1,EXCLUDED_N_LT_30,,,,,,,UNDEFINED,EXCLUDED_N_LT_30
county_within_state_patch75_500m,NJ,WUI-S,500,p_s,WUI-S,structure_proportion,21,0,0.371352191306,0.245362558995,0.050000000000,32939f12d94423b51432ab4dd76c93cdfef22134ba996b92390b031a9ff6c854,r,0,,run1,EXCLUDED_N_LT_30,,,,,,,UNDEFINED,EXCLUDED_N_LT_30
county_within_state_patch75_500m,NJ,WUI-Z,500,p_a,WUI-P,area_proportion,21,0,0.364182030413,0.168291341367,0.050000000000,32939f12d94423b51432ab4dd76c93cdfef22134ba996b92390b031a9ff6c854,r,0,,run1,EXCLUDED_N_LT_30,,,,,,,UNDEFINED,EXCLUDED_N_LT_30
county_within_state_patch75_500m,NM,WUI-P,500,p_a,WUI-P,area_proportion,33,0,0.052738199867,0.062149156077,0.050000000000,9458a1ffb1a88cb0c8f071c8ab6321693e53e5a929d06b24313061c9883f10ed,r,0,,run1,ELIGIBLE_FORMAL_N_GE_30,0.313542111406,-0.031250000000,0.011727215665,3.183903269640,0.001453035594,True,POSITIVE_SIGNIFICANT,FORMAL_COMPLETE
county_within_state_patch75_500m,NM,WUI-P,500,p_s,WUI-P,structure_proportion,33,0,0.835552481194,0.196686371531,0.050000000000,9458a1ffb1a88cb0c8f071c8ab6321693e53e5a929d06b24313061c9883f10ed,r,0,,run1,ELIGIBLE_FORMAL_N_GE_30,0.012234092588,-0.031250000000,0.011727215665,0.401543828842,0.688019776125,False,NOT_SIGNIFICANT,FORMAL_COMPLETE
county_within_state_patch75_500m,NM,WUI-S,500,p_a,WUI-S,area_proportion,33,0,0.056276489082,0.060004199027,0.050000000000,9458a1ffb1a88cb0c8f071c8ab6321693e53e5a929d06b24313061c9883f10ed,r,0,,run1,ELIGIBLE_FORMAL_N_GE_30,0.320128082250,-0.031250000000,0.011727215665,3.244719899168,0.001175662045,True,POSITIVE_SIGNIFICANT,FORMAL_COMPLETE
county_within_state_patch75_500m,NM,WUI-S,500,p_s,WUI-S,structure_proportion,33,0,0.832183922393,0.191270825919,0.050000000000,9458a1ffb1a88cb0c8f071c8ab6321693e53e5a929d06b24313061c9883f10ed,r,0,,run1,ELIGIBLE_FORMAL_N_GE_30,-0.054953011020,-0.031250000000,0.011727215665,-0.218879991130,0.826743533323,False,NOT_SIGNIFICANT,FORMAL_COMPLETE
county_within_state_patch75_500m,NM,WUI-Z,500,p_a,WUI-P,area_proportion,33,0,0.033534128276,0.045525203856,0.050000000000,9458a1ffb1a88cb0c8f071c8ab6321693e53e5a929d06b24313061c9883f10ed,r,0,,run1,ELIGIBLE_FORMAL_N_GE_30,0.309077564168,-0.031250000000,0.011727215665,3.142676437362,0.001674107845,True,POSITIVE_SIGNIFICANT,FORMAL_COMPLETE
county_within_state_patch75_500m,NV,WUI-P,500,p_a,WUI-P,area_proportion,17,0,0.051628126109,0.065159302767,0.050000000000,131b10dc0d621d6882410d5cf4692578bf910f59e9cd1a6c9376d6418f7b3c08,r,0,,run1,EXCLUDED_N_LT_30,,,,,,,UNDEFINED,EXCLUDED_N_LT_30
county_within_state_patch75_500m,NV,WUI-P,500,p_s,WUI-P,structure_proportion,16,0,0.806740274003,0.167700496734,0.050000000000,a473650486216bb31b1b05fac6ec44de915dc2e4a0a96324df883b4bfde32e38,r,0,,run1,EXCLUDED_N_LT_30,,,,,,,UNDEFINED,EXCLUDED_N_LT_30
county_within_state_patch75_500m,NV,WUI-S,500,p_a,WUI-S,area_proportion,17,0,0.046103965669,0.064075261274,0.050000000000,131b10dc0d621d6882410d5cf4692578bf910f59e9cd1a6c9376d6418f7b3c08,r,0,,run1,EXCLUDED_N_LT_30,,,,,,,UNDEFINED,EXCLUDED_N_LT_30
county_within_state_patch75_500m,NV,WUI-S,500,p_s,WUI-S,structure_proportion,17,0,0.832068348812,0.152938885331,0.050000000000,131b10dc0d621d6882410d5cf4692578bf910f59e9cd1a6c9376d6418f7b3c08,r,0,,run1,EXCLUDED_N_LT_30,,,,,,,UNDEFINED,EXCLUDED_N_LT_30
county_within_state_patch75_500m,NV,WUI-Z,500,p_a,WUI-P,area_proportion,17,0,0.032775909628,0.057254251994,0.050000000000,131b10dc0d621d6882410d5cf4692578bf910f59e9cd1a6c9376d6418f7b3c08,r,0,,run1,EXCLUDED_N_LT_30,,,,,,,UNDEFINED,EXCLUDED_N_LT_30
county_within_state_patch75_500m,NY,WUI-P,500,p_a,WUI-P,area_proportion,62,0,0.329063998912,0.203142788708,0.050000000000,a0cd37f7804ce40c2a0c0ab32c62bd80ef374f1512112457faad1851cc821609,r,0,,run1,ELIGIBLE_FORMAL_N_GE_30,0.659452620526,-0.016393442623,0.006817967235,8.185031091292,0.000000000000,True,POSITIVE_SIGNIFICANT,FORMAL_COMPLETE
county_within_state_patch75_500m,NY,WUI-P,500,p_s,WUI-P,structure_proportion,62,0,0.453575297662,0.313509760728,0.050000000000,a0cd37f7804ce40c2a0c0ab32c62bd80ef374f1512112457faad1851cc821609,r,0,,run1,ELIGIBLE_FORMAL_N_GE_30,0.556358943300,-0.016393442623,0.006817967235,6.936485010433,0.000000000004,True,POSITIVE_SIGNIFICANT,FORMAL_COMPLETE
county_within_state_patch75_500m,NY,WUI-S,500,p_a,WUI-S,area_proportion,62,0,0.344148505812,0.199623749706,0.050000000000,a0cd37f7804ce40c2a0c0ab32c62bd80ef374f1512112457faad1851cc821609,r,0,,run1,ELIGIBLE_FORMAL_N_GE_30,0.680096686986,-0.016393442623,0.006817967235,8.435047086117,0.000000000000,True,POSITIVE_SIGNIFICANT,FORMAL_COMPLETE
county_within_state_patch75_500m,NY,WUI-S,500,p_s,WUI-S,structure_proportion,62,0,0.479816236100,0.306991688816,0.050000000000,a0cd37f7804ce40c2a0c0ab32c62bd80ef374f1512112457faad1851cc821609,r,0,,run1,ELIGIBLE_FORMAL_N_GE_30,0.607695965164,-0.016393442623,0.006817967235,7.558217003860,0.000000000000,True,POSITIVE_SIGNIFICANT,FORMAL_COMPLETE
county_within_state_patch75_500m,NY,WUI-Z,500,p_a,WUI-P,area_proportion,62,0,0.283963639515,0.186896357533,0.050000000000,a0cd37f7804ce40c2a0c0ab32c62bd80ef374f1512112457faad1851cc821609,r,0,,run1,ELIGIBLE_FORMAL_N_GE_30,0.645950933665,-0.016393442623,0.006817967235,8.021514970150,0.000000000000,True,POSITIVE_SIGNIFICANT,FORMAL_COMPLETE
county_within_state_patch75_500m,OH,WUI-P,500,p_a,WUI-P,area_proportion,88,0,0.179021261246,0.196304878125,0.050000000000,de63c543cc839cec8dc2a7ac5e591579dd4044fafc1302ec7f5c5762d00cfd7f,r,0,,run1,ELIGIBLE_FORMAL_N_GE_30,0.694164427517,-0.011494252874,0.004251381775,10.822550848634,0.000000000000,True,POSITIVE_SIGNIFICANT,FORMAL_COMPLETE
county_within_state_patch75_500m,OH,WUI-P,500,p_s,WUI-P,structure_proportion,88,0,0.244796831936,0.323910004701,0.050000000000,de63c543cc839cec8dc2a7ac5e591579dd4044fafc1302ec7f5c5762d00cfd7f,r,0,,run1,ELIGIBLE_FORMAL_N_GE_30,0.781414304666,-0.011494252874,0.004251381775,12.160685357874,0.000000000000,True,POSITIVE_SIGNIFICANT,FORMAL_COMPLETE
county_within_state_patch75_500m,OH,WUI-S,500,p_a,WUI-S,area_proportion,88,0,0.213036578674,0.225450180109,0.050000000000,de63c543cc839cec8dc2a7ac5e591579dd4044fafc1302ec7f5c5762d00cfd7f,r,0,,run1,ELIGIBLE_FORMAL_N_GE_30,0.780921528251,-0.011494252874,0.004251381775,12.153127741203,0.000000000000,True,POSITIVE_SIGNIFICANT,FORMAL_COMPLETE
county_within_state_patch75_500m,OH,WUI-S,500,p_s,WUI-S,structure_proportion,88,0,0.255062891936,0.332434647417,0.050000000000,de63c543cc839cec8dc2a7ac5e591579dd4044fafc1302ec7f5c5762d00cfd7f,r,0,,run1,ELIGIBLE_FORMAL_N_GE_30,0.804603358556,-0.011494252874,0.004251381775,12.516331397284,0.000000000000,True,POSITIVE_SIGNIFICANT,FORMAL_COMPLETE
county_within_state_patch75_500m,OH,WUI-Z,500,p_a,WUI-P,area_proportion,88,0,0.155976162312,0.169453482233,0.050000000000,de63c543cc839cec8dc2a7ac5e591579dd4044fafc1302ec7f5c5762d00cfd7f,r,0,,run1,ELIGIBLE_FORMAL_N_GE_30,0.623778259626,-0.011494252874,0.004251381775,9.743051790225,0.000000000000,True,POSITIVE_SIGNIFICANT,FORMAL_COMPLETE
county_within_state_patch75_500m,OK,WUI-P,500,p_a,WUI-P,area_proportion,77,0,0.036367936018,0.119591697843,0.050000000000,6621fed23141a306c841942e688b5679908374a6a317bc1fbd29874de821ab78,r,0,,run1,ELIGIBLE_FORMAL_N_GE_30,0.198331785329,-0.013157894737,0.005195152907,2.934202028258,0.003344064661,True,POSITIVE_SIGNIFICANT,FORMAL_COMPLETE
county_within_state_patch75_500m,OK,WUI-P,500,p_s,WUI-P,structure_proportion,27,0,0.395197147574,0.391136799848,0.050000000000,c4bc6d59d019de2fd308c55305036307a27809c0fb848a38a09a44361f2f9c1a,r,0,,run1,EXCLUDED_N_LT_30,,,,,,,UNDEFINED,EXCLUDED_N_LT_30
county_within_state_patch75_500m,OK,WUI-S,500,p_a,WUI-S,area_proportion,77,0,0.208886941752,0.153778408709,0.050000000000,6621fed23141a306c841942e688b5679908374a6a317bc1fbd29874de821ab78,r,0,,run1,ELIGIBLE_FORMAL_N_GE_30,0.659625977503,-0.013157894737,0.005195152907,9.334185015016,0.000000000000,True,POSITIVE_SIGNIFICANT,FORMAL_COMPLETE
county_within_state_patch75_500m,OK,WUI-S,500,p_s,WUI-S,structure_proportion,77,0,0.581302498805,0.280928021457,0.050000000000,6621fed23141a306c841942e688b5679908374a6a317bc1fbd29874de821ab78,r,0,,run1,ELIGIBLE_FORMAL_N_GE_30,0.471572437240,-0.013157894737,0.005195152907,6.725135348443,0.000000000018,True,POSITIVE_SIGNIFICANT,FORMAL_COMPLETE
county_within_state_patch75_500m,OK,WUI-Z,500,p_a,WUI-P,area_proportion,77,0,0.090794694791,0.106909255279,0.050000000000,6621fed23141a306c841942e688b5679908374a6a317bc1fbd29874de821ab78,r,0,,run1,ELIGIBLE_FORMAL_N_GE_30,0.500854481429,-0.013157894737,0.005195152907,7.131393627444,0.000000000001,True,POSITIVE_SIGNIFICANT,FORMAL_COMPLETE
county_within_state_patch75_500m,OR,WUI-P,500,p_a,WUI-P,area_proportion,36,0,0.106056749767,0.090210479726,0.050000000000,481d0fdd9b17c1d26b291ee4ad17ce9567d543e17ff290e9b4594f46a3d5a276,r,0,,run1,ELIGIBLE_FORMAL_N_GE_30,0.587179558308,-0.028571428571,0.011185281735,5.822126707282,0.000000005810,True,POSITIVE_SIGNIFICANT,FORMAL_COMPLETE
county_within_state_patch75_500m,OR,WUI-P,500,p_s,WUI-P,structure_proportion,36,0,0.575063191660,0.308219543849,0.050000000000,481d0fdd9b17c1d26b291ee4ad17ce9567d543e17ff290e9b4594f46a3d5a276,r,0,,run1,ELIGIBLE_FORMAL_N_GE_30,0.217810723729,-0.028571428571,0.011185281735,2.329623727241,0.019826046971,True,POSITIVE_SIGNIFICANT,FORMAL_COMPLETE
county_within_state_patch75_500m,OR,WUI-S,500,p_a,WUI-S,area_proportion,36,0,0.096497155718,0.070744299082,0.050000000000,481d0fdd9b17c1d26b291ee4ad17ce9567d543e17ff290e9b4594f46a3d5a276,r,0,,run1,ELIGIBLE_FORMAL_N_GE_30,0.536028522281,-0.028571428571,0.011185281735,5.338476953884,0.000000093731,True,POSITIVE_SIGNIFICANT,FORMAL_COMPLETE
county_within_state_patch75_500m,OR,WUI-S,500,p_s,WUI-S,structure_proportion,36,0,0.615585665273,0.303605460626,0.050000000000,481d0fdd9b17c1d26b291ee4ad17ce9567d543e17ff290e9b4594f46a3d5a276,r,0,,run1,ELIGIBLE_FORMAL_N_GE_30,0.227485848964,-0.028571428571,0.011185281735,2.421105196577,0.015473398766,True,POSITIVE_SIGNIFICANT,FORMAL_COMPLETE
county_within_state_patch75_500m,OR,WUI-Z,500,p_a,WUI-P,area_proportion,36,0,0.062763632958,0.059346086642,0.050000000000,481d0fdd9b17c1d26b291ee4ad17ce9567d543e17ff290e9b4594f46a3d5a276,r,0,,run1,ELIGIBLE_FORMAL_N_GE_30,0.574828370191,-0.028571428571,0.011185281735,5.705342189299,0.000000011611,True,POSITIVE_SIGNIFICANT,FORMAL_COMPLETE
county_within_state_patch75_500m,PA,WUI-P,500,p_a,WUI-P,area_proportion,67,0,0.375424155983,0.158117801034,0.050000000000,8090e4199e48a1affa29ff874fbb85a85734d009d36472dcf091c809791d7060,r,0,,run1,ELIGIBLE_FORMAL_N_GE_30,0.239013963565,-0.015151515152,0.005752581092,3.351083031412,0.000804961627,True,POSITIVE_SIGNIFICANT,FORMAL_COMPLETE
county_within_state_patch75_500m,PA,WUI-P,500,p_s,WUI-P,structure_proportion,67,0,0.603144051075,0.316974715350,0.050000000000,8090e4199e48a1affa29ff874fbb85a85734d009d36472dcf091c809791d7060,r,0,,run1,ELIGIBLE_FORMAL_N_GE_30,0.534713880350,-0.015151515152,0.005752581092,7.249783116625,0.000000000000,True,POSITIVE_SIGNIFICANT,FORMAL_COMPLETE
county_within_state_patch75_500m,PA,WUI-S,500,p_a,WUI-S,area_proportion,67,0,0.426896479746,0.140975383286,0.050000000000,8090e4199e48a1affa29ff874fbb85a85734d009d36472dcf091c809791d7060,r,0,,run1,ELIGIBLE_FORMAL_N_GE_30,0.482365621488,-0.015151515152,0.005752581092,6.559589614011,0.000000000054,True,POSITIVE_SIGNIFICANT,FORMAL_COMPLETE
county_within_state_patch75_500m,PA,WUI-S,500,p_s,WUI-S,structure_proportion,67,0,0.630625410166,0.310988280290,0.050000000000,8090e4199e48a1affa29ff874fbb85a85734d009d36472dcf091c809791d7060,r,0,,run1,ELIGIBLE_FORMAL_N_GE_30,0.566863846414,-0.015151515152,0.005752581092,7.673669185962,0.000000000000,True,POSITIVE_SIGNIFICANT,FORMAL_COMPLETE
county_within_state_patch75_500m,PA,WUI-Z,500,p_a,WUI-P,area_proportion,67,0,0.348059118523,0.137099462086,0.050000000000,8090e4199e48a1affa29ff874fbb85a85734d009d36472dcf091c809791d7060,r,0,,run1,ELIGIBLE_FORMAL_N_GE_30,0.508859599778,-0.015151515152,0.005752581092,6.908903460762,0.000000000005,True,POSITIVE_SIGNIFICANT,FORMAL_COMPLETE
county_within_state_patch75_500m,RI,WUI-P,500,p_a,WUI-P,area_proportion,5,0,0.340683521561,0.220279598468,0.050000000000,0b97617afbe1cedbe445c05306ec09c800f637d31db8f72701c9dab73b4c22a7,r,0,,run1,EXCLUDED_N_LT_30,,,,,,,UNDEFINED,EXCLUDED_N_LT_30
county_within_state_patch75_500m,RI,WUI-P,500,p_s,WUI-P,structure_proportion,5,0,0.242500612884,0.216744004937,0.050000000000,0b97617afbe1cedbe445c05306ec09c800f637d31db8f72701c9dab73b4c22a7,r,0,,run1,EXCLUDED_N_LT_30,,,,,,,UNDEFINED,EXCLUDED_N_LT_30
county_within_state_patch75_500m,RI,WUI-S,500,p_a,WUI-S,area_proportion,5,0,0.341808952483,0.220638066589,0.050000000000,0b97617afbe1cedbe445c05306ec09c800f637d31db8f72701c9dab73b4c22a7,r,0,,run1,EXCLUDED_N_LT_30,,,,,,,UNDEFINED,EXCLUDED_N_LT_30
county_within_state_patch75_500m,RI,WUI-S,500,p_s,WUI-S,structure_proportion,5,0,0.264543578626,0.217132517619,0.050000000000,0b97617afbe1cedbe445c05306ec09c800f637d31db8f72701c9dab73b4c22a7,r,0,,run1,EXCLUDED_N_LT_30,,,,,,,UNDEFINED,EXCLUDED_N_LT_30
county_within_state_patch75_500m,RI,WUI-Z,500,p_a,WUI-P,area_proportion,5,0,0.332074222681,0.204457024833,0.050000000000,0b97617afbe1cedbe445c05306ec09c800f637d31db8f72701c9dab73b4c22a7,r,0,,run1,EXCLUDED_N_LT_30,,,,,,,UNDEFINED,EXCLUDED_N_LT_30
county_within_state_patch75_500m,SC,WUI-P,500,p_a,WUI-P,area_proportion,46,0,0.256349336331,0.209549844692,0.050000000000,0872992676735744c409a0f1dd2e001073624a6d756e03f07c584a3927dd2010,r,0,,run1,ELIGIBLE_FORMAL_N_GE_30,0.005316648484,-0.022222222222,0.008419297777,0.300129159508,0.764078637806,False,NOT_SIGNIFICANT,FORMAL_COMPLETE
county_within_state_patch75_500m,SC,WUI-P,500,p_s,WUI-P,structure_proportion,44,0,0.590676842173,0.283483729003,0.050000000000,1ffc644eca81e645208d65feafdbdcb2584bb4911d649468d821b91bbd0f68b4,r,0,,run1,ELIGIBLE_FORMAL_N_GE_30,-0.043279716705,-0.023255813953,0.008975291775,-0.211360797768,0.832605744550,False,NOT_SIGNIFICANT,FORMAL_COMPLETE
county_within_state_patch75_500m,SC,WUI-S,500,p_a,WUI-S,area_proportion,46,0,0.373535574365,0.099722672759,0.050000000000,0872992676735744c409a0f1dd2e001073624a6d756e03f07c584a3927dd2010,r,0,,run1,ELIGIBLE_FORMAL_N_GE_30,0.345028195182,-0.022222222222,0.008419297777,4.002435694570,0.000062693711,True,POSITIVE_SIGNIFICANT,FORMAL_COMPLETE
county_within_state_patch75_500m,SC,WUI-S,500,p_s,WUI-S,structure_proportion,46,0,0.678590212867,0.210675508517,0.050000000000,0872992676735744c409a0f1dd2e001073624a6d756e03f07c584a3927dd2010,r,0,,run1,ELIGIBLE_FORMAL_N_GE_30,0.157547593159,-0.022222222222,0.008419297777,1.959200294378,0.050089334683,False,NOT_SIGNIFICANT,FORMAL_COMPLETE
county_within_state_patch75_500m,SC,WUI-Z,500,p_a,WUI-P,area_proportion,46,0,0.310182121565,0.118732345780,0.050000000000,0872992676735744c409a0f1dd2e001073624a6d756e03f07c584a3927dd2010,r,0,,run1,ELIGIBLE_FORMAL_N_GE_30,0.291273597924,-0.022222222222,0.008419297777,3.416597507279,0.000634089516,True,POSITIVE_SIGNIFICANT,FORMAL_COMPLETE
county_within_state_patch75_500m,SD,WUI-P,500,p_a,WUI-P,area_proportion,66,0,0.020755077922,0.048879557749,0.050000000000,f1b681441a269e0d107a9feca97f25977fe6d61b7de618b29b78db80514ffeb8,r,0,,run1,ELIGIBLE_FORMAL_N_GE_30,0.088819892657,-0.015384615385,0.005877255480,1.359249627972,0.174067499989,False,NOT_SIGNIFICANT,FORMAL_COMPLETE
county_within_state_patch75_500m,SD,WUI-P,500,p_s,WUI-P,structure_proportion,66,0,0.260806953164,0.308159513452,0.050000000000,f1b681441a269e0d107a9feca97f25977fe6d61b7de618b29b78db80514ffeb8,r,0,,run1,ELIGIBLE_FORMAL_N_GE_30,0.548294462343,-0.015384615385,0.005877255480,7.352662481646,0.000000000000,True,POSITIVE_SIGNIFICANT,FORMAL_COMPLETE
county_within_state_patch75_500m,SD,WUI-S,500,p_a,WUI-S,area_proportion,66,0,0.035631381036,0.035864293784,0.050000000000,f1b681441a269e0d107a9feca97f25977fe6d61b7de618b29b78db80514ffeb8,r,0,,run1,ELIGIBLE_FORMAL_N_GE_30,0.461977701061,-0.015384615385,0.005877255480,6.226741656679,0.000000000476,True,POSITIVE_SIGNIFICANT,FORMAL_COMPLETE
county_within_state_patch75_500m,SD,WUI-S,500,p_s,WUI-S,structure_proportion,66,0,0.345346336865,0.335257447961,0.050000000000,f1b681441a269e0d107a9feca97f25977fe6d61b7de618b29b78db80514ffeb8,r,0,,run1,ELIGIBLE_FORMAL_N_GE_30,0.827994553757,-0.015384615385,0.005877255480,11.001086646233,0.000000000000,True,POSITIVE_SIGNIFICANT,FORMAL_COMPLETE
county_within_state_patch75_500m,SD,WUI-Z,500,p_a,WUI-P,area_proportion,66,0,0.005599442499,0.012221373359,0.050000000000,f1b681441a269e0d107a9feca97f25977fe6d61b7de618b29b78db80514ffeb8,r,0,,run1,ELIGIBLE_FORMAL_N_GE_30,0.371797205190,-0.015384615385,0.005877255480,5.050422054317,0.000000440835,True,POSITIVE_SIGNIFICANT,FORMAL_COMPLETE
county_within_state_patch75_500m,TN,WUI-P,500,p_a,WUI-P,area_proportion,95,0,0.319309993870,0.139173206349,0.050000000000,98b96831c55e838e8992ad455dda0edf6b05962f91112bce939abdbc27a5623d,r,0,,run1,ELIGIBLE_FORMAL_N_GE_30,0.517143948209,-0.010638297872,0.004134573245,8.208039391496,0.000000000000,True,POSITIVE_SIGNIFICANT,FORMAL_COMPLETE
county_within_state_patch75_500m,TN,WUI-P,500,p_s,WUI-P,structure_proportion,95,0,0.507832194243,0.326132113327,0.050000000000,98b96831c55e838e8992ad455dda0edf6b05962f91112bce939abdbc27a5623d,r,0,,run1,ELIGIBLE_FORMAL_N_GE_30,0.393074146224,-0.010638297872,0.004134573245,6.278512906771,0.000000000342,True,POSITIVE_SIGNIFICANT,FORMAL_COMPLETE
county_within_state_patch75_500m,TN,WUI-S,500,p_a,WUI-S,area_proportion,95,0,0.324445642189,0.138803826426,0.050000000000,98b96831c55e838e8992ad455dda0edf6b05962f91112bce939abdbc27a5623d,r,0,,run1,ELIGIBLE_FORMAL_N_GE_30,0.546655325578,-0.010638297872,0.004134573245,8.666998649308,0.000000000000,True,POSITIVE_SIGNIFICANT,FORMAL_COMPLETE
county_within_state_patch75_500m,TN,WUI-S,500,p_s,WUI-S,structure_proportion,95,0,0.511991668627,0.317407610655,0.050000000000,98b96831c55e838e8992ad455dda0edf6b05962f91112bce939abdbc27a5623d,r,0,,run1,ELIGIBLE_FORMAL_N_GE_30,0.410496995620,-0.010638297872,0.004134573245,6.549472066935,0.000000000058,True,POSITIVE_SIGNIFICANT,FORMAL_COMPLETE
county_within_state_patch75_500m,TN,WUI-Z,500,p_a,WUI-P,area_proportion,95,0,0.279341922279,0.143145841950,0.050000000000,98b96831c55e838e8992ad455dda0edf6b05962f91112bce939abdbc27a5623d,r,0,,run1,ELIGIBLE_FORMAL_N_GE_30,0.553360796642,-0.010638297872,0.004134573245,8.771281752881,0.000000000000,True,POSITIVE_SIGNIFICANT,FORMAL_COMPLETE
county_within_state_patch75_500m,TX,WUI-P,500,p_a,WUI-P,area_proportion,254,0,0.131735988150,0.153848993527,0.050000000000,1c490b5a1d273566f6d5d2f757444243cb112cd44ed3780e3a477ce5df83a9e8,r,0,,run1,ELIGIBLE_FORMAL_N_GE_30,0.690493524313,-0.003952569170,0.001418728786,18.436940276171,0.000000000000,True,POSITIVE_SIGNIFICANT,FORMAL_COMPLETE
county_within_state_patch75_500m,TX,WUI-P,500,p_s,WUI-P,structure_proportion,254,0,0.539740302153,0.327542549097,0.050000000000,1c490b5a1d273566f6d5d2f757444243cb112cd44ed3780e3a477ce5df83a9e8,r,0,,run1,ELIGIBLE_FORMAL_N_GE_30,0.573237981540,-0.003952569170,0.001418728786,15.323907516055,0.000000000000,True,POSITIVE_SIGNIFICANT,FORMAL_COMPLETE
county_within_state_patch75_500m,TX,WUI-S,500,p_a,WUI-S,area_proportion,254,0,0.130355685404,0.141469520636,0.050000000000,1c490b5a1d273566f6d5d2f757444243cb112cd44ed3780e3a477ce5df83a9e8,r,0,,run1,ELIGIBLE_FORMAL_N_GE_30,0.679476455696,-0.003952569170,0.001418728786,18.144446678727,0.000000000000,True,POSITIVE_SIGNIFICANT,FORMAL_COMPLETE
county_within_state_patch75_500m,TX,WUI-S,500,p_s,WUI-S,structure_proportion,254,0,0.528419131614,0.319226302709,0.050000000000,1c490b5a1d273566f6d5d2f757444243cb112cd44ed3780e3a477ce5df83a9e8,r,0,,run1,ELIGIBLE_FORMAL_N_GE_30,0.603159156659,-0.003952569170,0.001418728786,16.118288712563,0.000000000000,True,POSITIVE_SIGNIFICANT,FORMAL_COMPLETE
county_within_state_patch75_500m,TX,WUI-Z,500,p_a,WUI-P,area_proportion,254,0,0.080131472587,0.118556880283,0.050000000000,1c490b5a1d273566f6d5d2f757444243cb112cd44ed3780e3a477ce5df83a9e8,r,0,,run1,ELIGIBLE_FORMAL_N_GE_30,0.558602358347,-0.003952569170,0.001418728786,14.935344439307,0.000000000000,True,POSITIVE_SIGNIFICANT,FORMAL_COMPLETE
county_within_state_patch75_500m,UT,WUI-P,500,p_a,WUI-P,area_proportion,29,0,0.045220362811,0.044719778007,0.050000000000,ef1f2ced9e26d742cfa9aa6246d09b421852e8cf546e000375ac56a98992c20b,r,0,,run1,EXCLUDED_N_LT_30,,,,,,,UNDEFINED,EXCLUDED_N_LT_30
county_within_state_patch75_500m,UT,WUI-P,500,p_s,WUI-P,structure_proportion,29,0,0.811876528088,0.210311659848,0.050000000000,ef1f2ced9e26d742cfa9aa6246d09b421852e8cf546e000375ac56a98992c20b,r,0,,run1,EXCLUDED_N_LT_30,,,,,,,UNDEFINED,EXCLUDED_N_LT_30
county_within_state_patch75_500m,UT,WUI-S,500,p_a,WUI-S,area_proportion,29,0,0.053943961127,0.042297501077,0.050000000000,ef1f2ced9e26d742cfa9aa6246d09b421852e8cf546e000375ac56a98992c20b,r,0,,run1,EXCLUDED_N_LT_30,,,,,,,UNDEFINED,EXCLUDED_N_LT_30
county_within_state_patch75_500m,UT,WUI-S,500,p_s,WUI-S,structure_proportion,29,0,0.770787184103,0.192161229316,0.050000000000,ef1f2ced9e26d742cfa9aa6246d09b421852e8cf546e000375ac56a98992c20b,r,0,,run1,EXCLUDED_N_LT_30,,,,,,,UNDEFINED,EXCLUDED_N_LT_30
county_within_state_patch75_500m,UT,WUI-Z,500,p_a,WUI-P,area_proportion,29,0,0.034811904849,0.038165316880,0.050000000000,ef1f2ced9e26d742cfa9aa6246d09b421852e8cf546e000375ac56a98992c20b,r,0,,run1,EXCLUDED_N_LT_30,,,,,,,UNDEFINED,EXCLUDED_N_LT_30
county_within_state_patch75_500m,VA,WUI-P,500,p_a,WUI-P,area_proportion,133,0,0.401204063490,0.222137883934,0.050000000000,a778e8f67aafa3f9d9cad35c3f0c36c273899491d21eb444c7aa13a94983ea34,r,0,,run1,ELIGIBLE_FORMAL_N_GE_30,0.245345173355,-0.007575757576,0.003770338978,4.119026373690,0.000038047660,True,POSITIVE_SIGNIFICANT,FORMAL_COMPLETE
county_within_state_patch75_500m,VA,WUI-P,500,p_s,WUI-P,structure_proportion,133,0,0.610798101559,0.325663666892,0.050000000000,a778e8f67aafa3f9d9cad35c3f0c36c273899491d21eb444c7aa13a94983ea34,r,0,,run1,ELIGIBLE_FORMAL_N_GE_30,0.468131437217,-0.007575757576,0.003770338978,7.747284790907,0.000000000000,True,POSITIVE_SIGNIFICANT,FORMAL_COMPLETE
county_within_state_patch75_500m,VA,WUI-S,500,p_a,WUI-S,area_proportion,133,0,0.399650880734,0.204340864965,0.050000000000,a778e8f67aafa3f9d9cad35c3f0c36c273899491d21eb444c7aa13a94983ea34,r,0,,run1,ELIGIBLE_FORMAL_N_GE_30,0.287774565770,-0.007575757576,0.003770338978,4.810024092752,0.000001509121,True,POSITIVE_SIGNIFICANT,FORMAL_COMPLETE
county_within_state_patch75_500m,VA,WUI-S,500,p_s,WUI-S,structure_proportion,133,0,0.622090256772,0.331173767216,0.050000000000,a778e8f67aafa3f9d9cad35c3f0c36c273899491d21eb444c7aa13a94983ea34,r,0,,run1,ELIGIBLE_FORMAL_N_GE_30,0.465367170148,-0.007575757576,0.003770338978,7.702266417312,0.000000000000,True,POSITIVE_SIGNIFICANT,FORMAL_COMPLETE
county_within_state_patch75_500m,VA,WUI-Z,500,p_a,WUI-P,area_proportion,133,0,0.348205838001,0.206791548596,0.050000000000,a778e8f67aafa3f9d9cad35c3f0c36c273899491d21eb444c7aa13a94983ea34,r,0,,run1,ELIGIBLE_FORMAL_N_GE_30,0.232051690896,-0.007575757576,0.003770338978,3.902531026128,0.000095192032,True,POSITIVE_SIGNIFICANT,FORMAL_COMPLETE
county_within_state_patch75_500m,VT,WUI-P,500,p_a,WUI-P,area_proportion,14,0,0.397125855904,0.135657738228,0.050000000000,29c57827c16b2abba6ada7fcc5ba20e0eebcc1cb8da432ea179f750415415ded,r,0,,run1,EXCLUDED_N_LT_30,,,,,,,UNDEFINED,EXCLUDED_N_LT_30
county_within_state_patch75_500m,VT,WUI-P,500,p_s,WUI-P,structure_proportion,14,0,0.782523854887,0.246390532485,0.050000000000,29c57827c16b2abba6ada7fcc5ba20e0eebcc1cb8da432ea179f750415415ded,r,0,,run1,EXCLUDED_N_LT_30,,,,,,,UNDEFINED,EXCLUDED_N_LT_30
county_within_state_patch75_500m,VT,WUI-S,500,p_a,WUI-S,area_proportion,14,0,0.395687032605,0.132663002314,0.050000000000,29c57827c16b2abba6ada7fcc5ba20e0eebcc1cb8da432ea179f750415415ded,r,0,,run1,EXCLUDED_N_LT_30,,,,,,,UNDEFINED,EXCLUDED_N_LT_30
county_within_state_patch75_500m,VT,WUI-S,500,p_s,WUI-S,structure_proportion,14,0,0.791691791924,0.246965197438,0.050000000000,29c57827c16b2abba6ada7fcc5ba20e0eebcc1cb8da432ea179f750415415ded,r,0,,run1,EXCLUDED_N_LT_30,,,,,,,UNDEFINED,EXCLUDED_N_LT_30
county_within_state_patch75_500m,VT,WUI-Z,500,p_a,WUI-P,area_proportion,14,0,0.328270314330,0.118439732755,0.050000000000,29c57827c16b2abba6ada7fcc5ba20e0eebcc1cb8da432ea179f750415415ded,r,0,,run1,EXCLUDED_N_LT_30,,,,,,,UNDEFINED,EXCLUDED_N_LT_30
county_within_state_patch75_500m,WA,WUI-P,500,p_a,WUI-P,area_proportion,39,0,0.154101005182,0.118176017509,0.050000000000,6435832406f78829d667eda704901b53d0f05c83ae7f6074f873d5fc5dcf43d9,r,0,,run1,ELIGIBLE_FORMAL_N_GE_30,0.277809755389,-0.026315789474,0.010376252395,2.985606973450,0.002830161306,True,POSITIVE_SIGNIFICANT,FORMAL_COMPLETE
county_within_state_patch75_500m,WA,WUI-P,500,p_s,WUI-P,structure_proportion,39,0,0.558610844811,0.298900167910,0.050000000000,6435832406f78829d667eda704901b53d0f05c83ae7f6074f873d5fc5dcf43d9,r,0,,run1,ELIGIBLE_FORMAL_N_GE_30,0.304964697421,-0.026315789474,0.010376252395,3.252187619713,0.001145204005,True,POSITIVE_SIGNIFICANT,FORMAL_COMPLETE
county_within_state_patch75_500m,WA,WUI-S,500,p_a,WUI-S,area_proportion,39,0,0.153160147106,0.114847846338,0.050000000000,6435832406f78829d667eda704901b53d0f05c83ae7f6074f873d5fc5dcf43d9,r,0,,run1,ELIGIBLE_FORMAL_N_GE_30,0.279252133814,-0.026315789474,0.010376252395,2.999766833274,0.002701863505,True,POSITIVE_SIGNIFICANT,FORMAL_COMPLETE
county_within_state_patch75_500m,WA,WUI-S,500,p_s,WUI-S,structure_proportion,39,0,0.588871814266,0.290733880660,0.050000000000,6435832406f78829d667eda704901b53d0f05c83ae7f6074f873d5fc5dcf43d9,r,0,,run1,ELIGIBLE_FORMAL_N_GE_30,0.365200634491,-0.026315789474,0.010376252395,3.843525101235,0.000121279588,True,POSITIVE_SIGNIFICANT,FORMAL_COMPLETE
county_within_state_patch75_500m,WA,WUI-Z,500,p_a,WUI-P,area_proportion,39,0,0.108638945187,0.117074408898,0.050000000000,6435832406f78829d667eda704901b53d0f05c83ae7f6074f873d5fc5dcf43d9,r,0,,run1,ELIGIBLE_FORMAL_N_GE_30,0.312894799215,-0.026315789474,0.010376252395,3.330037598499,0.000868342578,True,POSITIVE_SIGNIFICANT,FORMAL_COMPLETE
county_within_state_patch75_500m,WI,WUI-P,500,p_a,WUI-P,area_proportion,72,0,0.412814676567,0.251134372985,0.050000000000,da793a5a33eea20ea66c4fc7c2d0f59cf66a4c88a47181ac73395bfb1c223f3d,r,0,,run1,ELIGIBLE_FORMAL_N_GE_30,0.580896175688,-0.014084507042,0.005272393622,8.194056471571,0.000000000000,True,POSITIVE_SIGNIFICANT,FORMAL_COMPLETE
county_within_state_patch75_500m,WI,WUI-P,500,p_s,WUI-P,structure_proportion,72,0,0.466127782899,0.345327030841,0.050000000000,da793a5a33eea20ea66c4fc7c2d0f59cf66a4c88a47181ac73395bfb1c223f3d,r,0,,run1,ELIGIBLE_FORMAL_N_GE_30,0.739361381100,-0.014084507042,0.005272393622,10.376434622007,0.000000000000,True,POSITIVE_SIGNIFICANT,FORMAL_COMPLETE
county_within_state_patch75_500m,WI,WUI-S,500,p_a,WUI-S,area_proportion,72,0,0.207993705401,0.125224931458,0.050000000000,da793a5a33eea20ea66c4fc7c2d0f59cf66a4c88a47181ac73395bfb1c223f3d,r,0,,run1,ELIGIBLE_FORMAL_N_GE_30,0.530629106034,-0.014084507042,0.005272393622,7.501779866031,0.000000000000,True,POSITIVE_SIGNIFICANT,FORMAL_COMPLETE
county_within_state_patch75_500m,WI,WUI-S,500,p_s,WUI-S,structure_proportion,72,0,0.421013126017,0.331930790446,0.050000000000,da793a5a33eea20ea66c4fc7c2d0f59cf66a4c88a47181ac73395bfb1c223f3d,r,0,,run1,ELIGIBLE_FORMAL_N_GE_30,0.747690441221,-0.014084507042,0.005272393622,10.491142193145,0.000000000000,True,POSITIVE_SIGNIFICANT,FORMAL_COMPLETE
county_within_state_patch75_500m,WI,WUI-Z,500,p_a,WUI-P,area_proportion,72,0,0.098231884198,0.077225672647,0.050000000000,da793a5a33eea20ea66c4fc7c2d0f59cf66a4c88a47181ac73395bfb1c223f3d,r,0,,run1,ELIGIBLE_FORMAL_N_GE_30,0.269858328373,-0.014084507042,0.005272393622,3.910452382107,0.000092123421,True,POSITIVE_SIGNIFICANT,FORMAL_COMPLETE
county_within_state_patch75_500m,WV,WUI-P,500,p_a,WUI-P,area_proportion,55,0,0.513288983428,0.179751425345,0.050000000000,fd33e46e62f77c54f68f8071dda60e66046d09ef080d587cfff97c5516571554,r,0,,run1,ELIGIBLE_FORMAL_N_GE_30,0.425145308105,-0.018518518519,0.008629501540,4.775965329220,0.000001788472,True,POSITIVE_SIGNIFICANT,FORMAL_COMPLETE
county_within_state_patch75_500m,WV,WUI-P,500,p_s,WUI-P,structure_proportion,55,0,0.896799917869,0.155035149826,0.050000000000,fd33e46e62f77c54f68f8071dda60e66046d09ef080d587cfff97c5516571554,r,0,,run1,ELIGIBLE_FORMAL_N_GE_30,0.490063835340,-0.018518518519,0.008629501540,5.474802188779,0.000000043800,True,POSITIVE_SIGNIFICANT,FORMAL_COMPLETE
county_within_state_patch75_500m,WV,WUI-S,500,p_a,WUI-S,area_proportion,55,0,0.447526217292,0.163656317435,0.050000000000,fd33e46e62f77c54f68f8071dda60e66046d09ef080d587cfff97c5516571554,r,0,,run1,ELIGIBLE_FORMAL_N_GE_30,0.557854376418,-0.018518518519,0.008629501540,6.204555786916,0.000000000549,True,POSITIVE_SIGNIFICANT,FORMAL_COMPLETE
county_within_state_patch75_500m,WV,WUI-S,500,p_s,WUI-S,structure_proportion,55,0,0.887186082075,0.143219896440,0.050000000000,fd33e46e62f77c54f68f8071dda60e66046d09ef080d587cfff97c5516571554,r,0,,run1,ELIGIBLE_FORMAL_N_GE_30,0.509627426171,-0.018518518519,0.008629501540,5.685400903208,0.000000013051,True,POSITIVE_SIGNIFICANT,FORMAL_COMPLETE
county_within_state_patch75_500m,WV,WUI-Z,500,p_a,WUI-P,area_proportion,55,0,0.300846998176,0.189208280186,0.050000000000,fd33e46e62f77c54f68f8071dda60e66046d09ef080d587cfff97c5516571554,r,0,,run1,ELIGIBLE_FORMAL_N_GE_30,0.553768987978,-0.018518518519,0.008629501540,6.160577278021,0.000000000725,True,POSITIVE_SIGNIFICANT,FORMAL_COMPLETE
county_within_state_patch75_500m,WY,WUI-P,500,p_a,WUI-P,area_proportion,23,0,0.035488778622,0.023076002831,0.050000000000,e909f588cd9b7f46237d10c99d6a7a2be5540c1f8c8fea38f30b7ebb50dc294c,r,0,,run1,EXCLUDED_N_LT_30,,,,,,,UNDEFINED,EXCLUDED_N_LT_30
county_within_state_patch75_500m,WY,WUI-P,500,p_s,WUI-P,structure_proportion,23,0,0.726025847881,0.167534342064,0.050000000000,e909f588cd9b7f46237d10c99d6a7a2be5540c1f8c8fea38f30b7ebb50dc294c,r,0,,run1,EXCLUDED_N_LT_30,,,,,,,UNDEFINED,EXCLUDED_N_LT_30
county_within_state_patch75_500m,WY,WUI-S,500,p_a,WUI-S,area_proportion,23,0,0.041519934089,0.020912318104,0.050000000000,e909f588cd9b7f46237d10c99d6a7a2be5540c1f8c8fea38f30b7ebb50dc294c,r,0,,run1,EXCLUDED_N_LT_30,,,,,,,UNDEFINED,EXCLUDED_N_LT_30
county_within_state_patch75_500m,WY,WUI-S,500,p_s,WUI-S,structure_proportion,23,0,0.819016730657,0.115759827584,0.050000000000,e909f588cd9b7f46237d10c99d6a7a2be5540c1f8c8fea38f30b7ebb50dc294c,r,0,,run1,EXCLUDED_N_LT_30,,,,,,,UNDEFINED,EXCLUDED_N_LT_30
county_within_state_patch75_500m,WY,WUI-Z,500,p_a,WUI-P,area_proportion,23,0,0.010588235908,0.008594088089,0.050000000000,e909f588cd9b7f46237d10c99d6a7a2be5540c1f8c8fea38f30b7ebb50dc294c,r,0,,run1,EXCLUDED_N_LT_30,,,,,,,UNDEFINED,EXCLUDED_N_LT_30
