analysis_panel,state,radius_m,method_pair,intersection_pixels,intersection_area_km2,common_valid_pixels
five_state_radius_sensitivity,CA,100,WUI-P/WUI-S,15839418,14255.476199999999,
five_state_radius_sensitivity,CA,100,WUI-P/WUI-Z,15944185,14349.766500000000,
five_state_radius_sensitivity,CA,100,WUI-S/WUI-Z,14986213,13487.591700000001,
five_state_radius_sensitivity,CA,200,WUI-P/WUI-S,31983411,28785.069899999999,
five_state_radius_sensitivity,CA,200,WUI-P/WUI-Z,23981001,21582.900900000001,
five_state_radius_sensitivity,CA,200,WUI-S/WUI-Z,22232787,20009.508300000001,
five_state_radius_sensitivity,CA,300,WUI-P/WUI-S,33381406,30043.265400000000,
five_state_radius_sensitivity,CA,300,WUI-P/WUI-Z,24462465,22016.218499999999,
five_state_radius_sensitivity,CA,300,WUI-S/WUI-Z,23774549,21397.094099999998,
five_state_radius_sensitivity,CA,400,WUI-P/WUI-S,31908696,28717.826400000002,
five_state_radius_sensitivity,CA,400,WUI-P/WUI-Z,24225084,21802.575600000000,
five_state_radius_sensitivity,CA,400,WUI-S/WUI-Z,24113055,21701.749500000002,
five_state_radius_sensitivity,CA,500,WUI-P/WUI-S,37520470,33768.423000000003,
five_state_radius_sensitivity,CA,500,WUI-P/WUI-Z,26033343,23430.008699999998,
five_state_radius_sensitivity,CA,500,WUI-S/WUI-Z,25896552,23306.896799999999,
five_state_radius_sensitivity,CA,600,WUI-P/WUI-S,38684411,34815.969899999996,
five_state_radius_sensitivity,CA,600,WUI-P/WUI-Z,26475007,23827.506300000001,
five_state_radius_sensitivity,CA,600,WUI-S/WUI-Z,26428770,23785.893000000000,
five_state_radius_sensitivity,CA,700,WUI-P/WUI-S,38592623,34733.360699999997,
five_state_radius_sensitivity,CA,700,WUI-P/WUI-Z,26585190,23926.670999999998,
five_state_radius_sensitivity,CA,700,WUI-S/WUI-Z,26632064,23968.857599999999,
five_state_radius_sensitivity,CA,800,WUI-P/WUI-S,40987207,36888.486299999997,
five_state_radius_sensitivity,CA,800,WUI-P/WUI-Z,27249604,24524.643599999999,
five_state_radius_sensitivity,CA,800,WUI-S/WUI-Z,27298269,24568.442100000000,
five_state_radius_sensitivity,CA,900,WUI-P/WUI-S,42036824,37833.141600000003,
five_state_radius_sensitivity,CA,900,WUI-P/WUI-Z,27532122,24778.909800000001,
five_state_radius_sensitivity,CA,900,WUI-S/WUI-Z,27602667,24842.400300000001,
five_state_radius_sensitivity,CA,1000,WUI-P/WUI-S,42466596,38219.936399999999,
five_state_radius_sensitivity,CA,1000,WUI-P/WUI-Z,27656845,24891.160500000002,
five_state_radius_sensitivity,CA,1000,WUI-S/WUI-Z,27767672,24990.904800000000,
five_state_radius_sensitivity,CO,100,WUI-P/WUI-S,5936715,5343.043500000000,
five_state_radius_sensitivity,CO,100,WUI-P/WUI-Z,4876173,4388.555700000000,
five_state_radius_sensitivity,CO,100,WUI-S/WUI-Z,4574935,4117.441500000000,
five_state_radius_sensitivity,CO,200,WUI-P/WUI-S,15079518,13571.566199999999,
five_state_radius_sensitivity,CO,200,WUI-P/WUI-Z,7683494,6915.144600000000,
five_state_radius_sensitivity,CO,200,WUI-S/WUI-Z,7477134,6729.420599999999,
five_state_radius_sensitivity,CO,300,WUI-P/WUI-S,16843717,15159.345300000001,
five_state_radius_sensitivity,CO,300,WUI-P/WUI-Z,8462055,7615.849499999999,
five_state_radius_sensitivity,CO,300,WUI-S/WUI-Z,8065327,7258.794300000000,
five_state_radius_sensitivity,CO,400,WUI-P/WUI-S,14543069,13088.762100000000,
five_state_radius_sensitivity,CO,400,WUI-P/WUI-Z,8412874,7571.586600000000,
five_state_radius_sensitivity,CO,400,WUI-S/WUI-Z,8123910,7311.519000000000,
five_state_radius_sensitivity,CO,500,WUI-P/WUI-S,17430924,15687.831600000000,
five_state_radius_sensitivity,CO,500,WUI-P/WUI-Z,8876398,7988.758200000000,
five_state_radius_sensitivity,CO,500,WUI-S/WUI-Z,8859719,7973.747100000000,
five_state_radius_sensitivity,CO,600,WUI-P/WUI-S,17709302,15938.371800000001,
five_state_radius_sensitivity,CO,600,WUI-P/WUI-Z,9042735,8138.461499999999,
five_state_radius_sensitivity,CO,600,WUI-S/WUI-Z,9043776,8139.398400000000,
five_state_radius_sensitivity,CO,700,WUI-P/WUI-S,17304159,15573.743100000000,
five_state_radius_sensitivity,CO,700,WUI-P/WUI-Z,9130518,8217.466199999999,
five_state_radius_sensitivity,CO,700,WUI-S/WUI-Z,9076073,8168.465700000000,
five_state_radius_sensitivity,CO,800,WUI-P/WUI-S,18291264,16462.137599999998,
five_state_radius_sensitivity,CO,800,WUI-P/WUI-Z,9292166,8362.949400000000,
five_state_radius_sensitivity,CO,800,WUI-S/WUI-Z,9315477,8383.929300000000,
five_state_radius_sensitivity,CO,900,WUI-P/WUI-S,18736880,16863.191999999999,
five_state_radius_sensitivity,CO,900,WUI-P/WUI-Z,9389284,8450.355599999999,
five_state_radius_sensitivity,CO,900,WUI-S/WUI-Z,9404589,8464.130100000000,
five_state_radius_sensitivity,CO,1000,WUI-P/WUI-S,18683947,16815.552299999999,
five_state_radius_sensitivity,CO,1000,WUI-P/WUI-Z,9430001,8487.000899999999,
five_state_radius_sensitivity,CO,1000,WUI-S/WUI-Z,9437057,8493.351300000000,
five_state_radius_sensitivity,FL,100,WUI-P/WUI-S,12146617,10931.955300000000,
five_state_radius_sensitivity,FL,100,WUI-P/WUI-Z,14350665,12915.598500000000,
five_state_radius_sensitivity,FL,100,WUI-S/WUI-Z,10046595,9041.935500000000,
five_state_radius_sensitivity,FL,200,WUI-P/WUI-S,24117514,21705.762599999998,
five_state_radius_sensitivity,FL,200,WUI-P/WUI-Z,20660232,18594.208800000000,
five_state_radius_sensitivity,FL,200,WUI-S/WUI-Z,16275056,14647.550400000000,
five_state_radius_sensitivity,FL,300,WUI-P/WUI-S,26820984,24138.885600000001,
five_state_radius_sensitivity,FL,300,WUI-P/WUI-Z,21052872,18947.584800000001,
five_state_radius_sensitivity,FL,300,WUI-S/WUI-Z,17665467,15898.920300000000,
five_state_radius_sensitivity,FL,400,WUI-P/WUI-S,26590270,23931.242999999999,
five_state_radius_sensitivity,FL,400,WUI-P/WUI-Z,21079295,18971.365500000000,
five_state_radius_sensitivity,FL,400,WUI-S/WUI-Z,17916568,16124.911200000000,
five_state_radius_sensitivity,FL,500,WUI-P/WUI-S,31072018,27964.816200000001,
five_state_radius_sensitivity,FL,500,WUI-P/WUI-Z,22351926,20116.733400000001,
five_state_radius_sensitivity,FL,500,WUI-S/WUI-Z,19680813,17712.731700000000,
five_state_radius_sensitivity,FL,600,WUI-P/WUI-S,32227714,29004.942599999998,
five_state_radius_sensitivity,FL,600,WUI-P/WUI-Z,22737000,20463.299999999999,
five_state_radius_sensitivity,FL,600,WUI-S/WUI-Z,20213854,18192.468600000000,
five_state_radius_sensitivity,FL,700,WUI-P/WUI-S,32332147,29098.932300000000,
five_state_radius_sensitivity,FL,700,WUI-P/WUI-Z,22936378,20642.740200000000,
five_state_radius_sensitivity,FL,700,WUI-S/WUI-Z,20403847,18363.462299999999,
five_state_radius_sensitivity,FL,800,WUI-P/WUI-S,34278419,30850.577099999999,
five_state_radius_sensitivity,FL,800,WUI-P/WUI-Z,23382617,21044.355299999999,
five_state_radius_sensitivity,FL,800,WUI-S/WUI-Z,21087387,18978.648300000001,
five_state_radius_sensitivity,FL,900,WUI-P/WUI-S,35111428,31600.285199999998,
five_state_radius_sensitivity,FL,900,WUI-P/WUI-Z,23593100,21233.790000000001,
five_state_radius_sensitivity,FL,900,WUI-S/WUI-Z,21392049,19252.844099999998,
five_state_radius_sensitivity,FL,1000,WUI-P/WUI-S,35419068,31877.161199999999,
five_state_radius_sensitivity,FL,1000,WUI-P/WUI-Z,23729676,21356.708400000000,
five_state_radius_sensitivity,FL,1000,WUI-S/WUI-Z,21545482,19390.933799999999,
five_state_radius_sensitivity,PA,100,WUI-P/WUI-S,14487366,13038.629400000000,
five_state_radius_sensitivity,PA,100,WUI-P/WUI-Z,12782848,11504.563200000001,
five_state_radius_sensitivity,PA,100,WUI-S/WUI-Z,13214828,11893.345200000000,
five_state_radius_sensitivity,PA,200,WUI-P/WUI-S,36045033,32440.529699999999,
five_state_radius_sensitivity,PA,200,WUI-P/WUI-Z,25735783,23162.204699999998,
five_state_radius_sensitivity,PA,200,WUI-S/WUI-Z,26125229,23512.706099999999,
five_state_radius_sensitivity,PA,300,WUI-P/WUI-S,38930119,35037.107100000001,
five_state_radius_sensitivity,PA,300,WUI-P/WUI-Z,27301582,24571.423800000000,
five_state_radius_sensitivity,PA,300,WUI-S/WUI-Z,29626983,26664.284700000000,
five_state_radius_sensitivity,PA,400,WUI-P/WUI-S,37606208,33845.587200000002,
five_state_radius_sensitivity,PA,400,WUI-P/WUI-Z,27150488,24435.439200000001,
five_state_radius_sensitivity,PA,400,WUI-S/WUI-Z,30535524,27481.971600000001,
five_state_radius_sensitivity,PA,500,WUI-P/WUI-S,46512198,41860.978199999998,
five_state_radius_sensitivity,PA,500,WUI-P/WUI-Z,31330852,28197.766800000001,
five_state_radius_sensitivity,PA,500,WUI-S/WUI-Z,34349835,30914.851500000001,
five_state_radius_sensitivity,PA,600,WUI-P/WUI-S,48387441,43548.696900000003,
five_state_radius_sensitivity,PA,600,WUI-P/WUI-Z,32340145,29106.130499999999,
five_state_radius_sensitivity,PA,600,WUI-S/WUI-Z,35455402,31909.861799999999,
five_state_radius_sensitivity,PA,700,WUI-P/WUI-S,47991534,43192.380599999997,
five_state_radius_sensitivity,PA,700,WUI-P/WUI-Z,32460499,29214.449100000002,
five_state_radius_sensitivity,PA,700,WUI-S/WUI-Z,35891200,32302.080000000002,
five_state_radius_sensitivity,PA,800,WUI-P/WUI-S,51347881,46213.092900000003,
five_state_radius_sensitivity,PA,800,WUI-P/WUI-Z,33778997,30401.097300000001,
five_state_radius_sensitivity,PA,800,WUI-S/WUI-Z,36981621,33283.458899999998,
five_state_radius_sensitivity,PA,900,WUI-P/WUI-S,52556940,47301.245999999999,
five_state_radius_sensitivity,PA,900,WUI-P/WUI-Z,34246109,30821.498100000001,
five_state_radius_sensitivity,PA,900,WUI-S/WUI-Z,37395096,33655.586400000000,
five_state_radius_sensitivity,PA,1000,WUI-P/WUI-S,52678437,47410.593300000000,
five_state_radius_sensitivity,PA,1000,WUI-P/WUI-Z,34358800,30922.919999999998,
five_state_radius_sensitivity,PA,1000,WUI-S/WUI-Z,37561495,33805.345500000003,
five_state_radius_sensitivity,TX,100,WUI-P/WUI-S,19584683,17626.214700000000,
five_state_radius_sensitivity,TX,100,WUI-P/WUI-Z,16527009,14874.308100000000,
five_state_radius_sensitivity,TX,100,WUI-S/WUI-Z,16066441,14459.796899999999,
five_state_radius_sensitivity,TX,200,WUI-P/WUI-S,52735574,47462.016600000003,
five_state_radius_sensitivity,TX,200,WUI-P/WUI-Z,28459191,25613.271900000000,
five_state_radius_sensitivity,TX,200,WUI-S/WUI-Z,28240842,25416.757799999999,
five_state_radius_sensitivity,TX,300,WUI-P/WUI-S,63755854,57380.268600000003,
five_state_radius_sensitivity,TX,300,WUI-P/WUI-Z,32328643,29095.778699999999,
five_state_radius_sensitivity,TX,300,WUI-S/WUI-Z,31052667,27947.400300000001,
five_state_radius_sensitivity,TX,400,WUI-P/WUI-S,56523395,50871.055500000002,
five_state_radius_sensitivity,TX,400,WUI-P/WUI-Z,32855685,29570.116500000000,
five_state_radius_sensitivity,TX,400,WUI-S/WUI-Z,31432518,28289.266199999998,
five_state_radius_sensitivity,TX,500,WUI-P/WUI-S,68084844,61276.359600000003,
five_state_radius_sensitivity,TX,500,WUI-P/WUI-Z,35779084,32201.175599999999,
five_state_radius_sensitivity,TX,500,WUI-S/WUI-Z,34997579,31497.821100000001,
five_state_radius_sensitivity,TX,600,WUI-P/WUI-S,69890677,62901.609299999996,
five_state_radius_sensitivity,TX,600,WUI-P/WUI-Z,36865211,33178.689899999998,
five_state_radius_sensitivity,TX,600,WUI-S/WUI-Z,35991810,32392.629000000001,
five_state_radius_sensitivity,TX,700,WUI-P/WUI-S,68733695,61860.325499999999,
five_state_radius_sensitivity,TX,700,WUI-P/WUI-Z,37481328,33733.195200000002,
five_state_radius_sensitivity,TX,700,WUI-S/WUI-Z,36294545,32665.090499999998,
five_state_radius_sensitivity,TX,800,WUI-P/WUI-S,72859937,65573.943299999999,
five_state_radius_sensitivity,TX,800,WUI-P/WUI-Z,38546619,34691.957100000000,
five_state_radius_sensitivity,TX,800,WUI-S/WUI-Z,37570465,33813.418500000000,
five_state_radius_sensitivity,TX,900,WUI-P/WUI-S,74485808,67037.227199999994,
five_state_radius_sensitivity,TX,900,WUI-P/WUI-Z,39094981,35185.482899999995,
five_state_radius_sensitivity,TX,900,WUI-S/WUI-Z,38087314,34278.582600000002,
five_state_radius_sensitivity,TX,1000,WUI-P/WUI-S,74207741,66786.966899999999,
five_state_radius_sensitivity,TX,1000,WUI-P/WUI-Z,39365348,35428.813199999997,
five_state_radius_sensitivity,TX,1000,WUI-S/WUI-Z,38319751,34487.775900000001,
national49_standardized_500m,AL,500,WUI-P/WUI-S,21381061,19242.954900000001,150852694.000000000000
national49_standardized_500m,AL,500,WUI-P/WUI-Z,15056420,13550.778000000000,150852694.000000000000
national49_standardized_500m,AL,500,WUI-S/WUI-Z,23272229,20945.006099999999,150852694.000000000000
national49_standardized_500m,AR,500,WUI-P/WUI-S,23164279,20847.851100000000,153092005.000000000000
national49_standardized_500m,AR,500,WUI-P/WUI-Z,12063119,10856.807100000000,153092005.000000000000
national49_standardized_500m,AR,500,WUI-S/WUI-Z,12150090,10935.081000000000,153092005.000000000000
national49_standardized_500m,AZ,500,WUI-P/WUI-S,12685349,11416.814100000000,328022112.000000000000
national49_standardized_500m,AZ,500,WUI-P/WUI-Z,8141069,7326.962100000000,328022112.000000000000
national49_standardized_500m,AZ,500,WUI-S/WUI-Z,8322535,7490.281500000000,328022112.000000000000
national49_standardized_500m,CA,500,WUI-P/WUI-S,37520470,33768.423000000003,471072551.000000000000
national49_standardized_500m,CA,500,WUI-P/WUI-Z,26033343,23430.008699999998,471072551.000000000000
national49_standardized_500m,CA,500,WUI-S/WUI-Z,25896552,23306.896799999999,471072551.000000000000
national49_standardized_500m,CO,500,WUI-P/WUI-S,17430924,15687.831600000000,299560551.000000000000
national49_standardized_500m,CO,500,WUI-P/WUI-Z,8876398,7988.758200000000,299560551.000000000000
national49_standardized_500m,CO,500,WUI-S/WUI-Z,8859719,7973.747100000000,299560551.000000000000
national49_standardized_500m,CT,500,WUI-P/WUI-S,9274447,8347.002300000000,15953457.000000000000
national49_standardized_500m,CT,500,WUI-P/WUI-Z,8391271,7552.143900000000,15953457.000000000000
national49_standardized_500m,CT,500,WUI-S/WUI-Z,8472857,7625.571300000000,15953457.000000000000
national49_standardized_500m,DC,500,WUI-P/WUI-S,6559,5.903100000000,196698.000000000000
national49_standardized_500m,DC,500,WUI-P/WUI-Z,234,0.210600000000,196698.000000000000
national49_standardized_500m,DC,500,WUI-S/WUI-Z,234,0.210600000000,196698.000000000000
national49_standardized_500m,DE,500,WUI-P/WUI-S,1110098,999.088200000000,7162140.000000000000
national49_standardized_500m,DE,500,WUI-P/WUI-Z,684589,616.130100000000,7162140.000000000000
national49_standardized_500m,DE,500,WUI-S/WUI-Z,645013,580.511700000000,7162140.000000000000
national49_standardized_500m,FL,500,WUI-P/WUI-S,31072018,27964.816200000001,205482681.000000000000
national49_standardized_500m,FL,500,WUI-P/WUI-Z,22351926,20116.733400000001,205482681.000000000000
national49_standardized_500m,FL,500,WUI-S/WUI-Z,19680813,17712.731700000000,205482681.000000000000
national49_standardized_500m,GA,500,WUI-P/WUI-S,36722667,33050.400300000001,171005499.000000000000
national49_standardized_500m,GA,500,WUI-P/WUI-Z,24649795,22184.815500000001,171005499.000000000000
national49_standardized_500m,GA,500,WUI-S/WUI-Z,32061932,28855.738799999999,171005499.000000000000
national49_standardized_500m,IA,500,WUI-P/WUI-S,1953036,1757.732400000000,161939734.000000000000
national49_standardized_500m,IA,500,WUI-P/WUI-Z,610775,549.697500000000,161939734.000000000000
national49_standardized_500m,IA,500,WUI-S/WUI-Z,645794,581.214600000000,161939734.000000000000
national49_standardized_500m,ID,500,WUI-P/WUI-S,12059200,10853.280000000001,240490489.000000000000
national49_standardized_500m,ID,500,WUI-P/WUI-Z,4235396,3811.856400000000,240490489.000000000000
national49_standardized_500m,ID,500,WUI-S/WUI-Z,4057910,3652.119000000000,240490489.000000000000
national49_standardized_500m,IL,500,WUI-P/WUI-S,3567799,3211.019100000000,166661185.000000000000
national49_standardized_500m,IL,500,WUI-P/WUI-Z,1643325,1478.992500000000,166661185.000000000000
national49_standardized_500m,IL,500,WUI-S/WUI-Z,2468304,2221.473600000000,166661185.000000000000
national49_standardized_500m,IN,500,WUI-P/WUI-S,11010471,9909.423900000000,104811869.000000000000
national49_standardized_500m,IN,500,WUI-P/WUI-Z,6429488,5786.539200000000,104811869.000000000000
national49_standardized_500m,IN,500,WUI-S/WUI-Z,6846553,6161.897700000000,104811869.000000000000
national49_standardized_500m,KS,500,WUI-P/WUI-S,6296488,5666.839199999999,236777598.000000000000
national49_standardized_500m,KS,500,WUI-P/WUI-Z,1889811,1700.829900000000,236777598.000000000000
national49_standardized_500m,KS,500,WUI-S/WUI-Z,2001553,1801.397700000000,236777598.000000000000
national49_standardized_500m,KY,500,WUI-P/WUI-S,26509461,23858.514899999998,116278607.000000000000
national49_standardized_500m,KY,500,WUI-P/WUI-Z,14688623,13219.760700000001,116278607.000000000000
national49_standardized_500m,KY,500,WUI-S/WUI-Z,15578878,14020.990200000000,116278607.000000000000
national49_standardized_500m,LA,500,WUI-P/WUI-S,13287277,11958.549300000001,150724058.000000000000
national49_standardized_500m,LA,500,WUI-P/WUI-Z,8778198,7900.378200000000,150724058.000000000000
national49_standardized_500m,LA,500,WUI-S/WUI-Z,12797233,11517.509700000001,150724058.000000000000
national49_standardized_500m,MA,500,WUI-P/WUI-S,13707930,12337.137000000001,30372241.000000000000
national49_standardized_500m,MA,500,WUI-P/WUI-Z,11662905,10496.614500000000,30372241.000000000000
national49_standardized_500m,MA,500,WUI-S/WUI-Z,11759554,10583.598599999999,30372241.000000000000
national49_standardized_500m,MD,500,WUI-P/WUI-S,9587813,8629.031700000000,35701204.000000000000
national49_standardized_500m,MD,500,WUI-P/WUI-Z,7110244,6399.219599999999,35701204.000000000000
national49_standardized_500m,MD,500,WUI-S/WUI-Z,6567430,5910.687000000000,35701204.000000000000
national49_standardized_500m,ME,500,WUI-P/WUI-S,19329105,17396.194499999998,101814710.000000000000
national49_standardized_500m,ME,500,WUI-P/WUI-Z,14209503,12788.552700000000,101814710.000000000000
national49_standardized_500m,ME,500,WUI-S/WUI-Z,14789517,13310.565300000000,101814710.000000000000
national49_standardized_500m,MI,500,WUI-P/WUI-S,13352098,12016.888199999999,278318737.000000000000
national49_standardized_500m,MI,500,WUI-P/WUI-Z,9691900,8722.709999999999,278318737.000000000000
national49_standardized_500m,MI,500,WUI-S/WUI-Z,24806273,22325.645700000001,278318737.000000000000
national49_standardized_500m,MN,500,WUI-P/WUI-S,19939398,17945.458200000001,250201884.000000000000
national49_standardized_500m,MN,500,WUI-P/WUI-Z,8042678,7238.410199999999,250201884.000000000000
national49_standardized_500m,MN,500,WUI-S/WUI-Z,7926916,7134.224400000000,250201884.000000000000
national49_standardized_500m,MO,500,WUI-P/WUI-S,4260703,3834.632700000000,200599680.000000000000
national49_standardized_500m,MO,500,WUI-P/WUI-Z,2306541,2075.886900000000,200599680.000000000000
national49_standardized_500m,MO,500,WUI-S/WUI-Z,10675240,9607.716000000000,200599680.000000000000
national49_standardized_500m,MS,500,WUI-P/WUI-S,37174726,33457.253400000001,139387019.000000000000
national49_standardized_500m,MS,500,WUI-P/WUI-Z,22083199,19874.879099999998,139387019.000000000000
national49_standardized_500m,MS,500,WUI-S/WUI-Z,18609815,16748.833500000001,139387019.000000000000
national49_standardized_500m,MT,500,WUI-P/WUI-S,13094735,11785.261500000001,423156033.000000000000
national49_standardized_500m,MT,500,WUI-P/WUI-Z,5013467,4512.120300000000,423156033.000000000000
national49_standardized_500m,MT,500,WUI-S/WUI-Z,4574823,4117.340700000000,423156033.000000000000
national49_standardized_500m,NC,500,WUI-P/WUI-S,55330965,49797.868499999997,154877123.000000000000
national49_standardized_500m,NC,500,WUI-P/WUI-Z,42757484,38481.735600000000,154877123.000000000000
national49_standardized_500m,NC,500,WUI-S/WUI-Z,39167613,35250.851699999999,154877123.000000000000
national49_standardized_500m,ND,500,WUI-P/WUI-S,2923656,2631.290400000000,203454506.000000000000
national49_standardized_500m,ND,500,WUI-P/WUI-Z,588758,529.882200000000,203454506.000000000000
national49_standardized_500m,ND,500,WUI-S/WUI-Z,551249,496.124100000000,203454506.000000000000
national49_standardized_500m,NE,500,WUI-P/WUI-S,4763654,4287.288600000000,222587524.000000000000
national49_standardized_500m,NE,500,WUI-P/WUI-Z,816618,734.956200000000,222587524.000000000000
national49_standardized_500m,NE,500,WUI-S/WUI-Z,810450,729.405000000000,222587524.000000000000
national49_standardized_500m,NH,500,WUI-P/WUI-S,11913887,10722.498299999999,26906819.000000000000
national49_standardized_500m,NH,500,WUI-P/WUI-Z,10002798,9002.518200000000,26906819.000000000000
national49_standardized_500m,NH,500,WUI-S/WUI-Z,9107931,8197.137900000000,26906819.000000000000
national49_standardized_500m,NJ,500,WUI-P/WUI-S,8722751,7850.475899999999,25091131.000000000000
national49_standardized_500m,NJ,500,WUI-P/WUI-Z,7291693,6562.523700000000,25091131.000000000000
national49_standardized_500m,NJ,500,WUI-S/WUI-Z,7412963,6671.666700000000,25091131.000000000000
national49_standardized_500m,NM,500,WUI-P/WUI-S,10893999,9804.599099999999,349916765.000000000000
national49_standardized_500m,NM,500,WUI-P/WUI-Z,6192782,5573.503800000000,349916765.000000000000
national49_standardized_500m,NM,500,WUI-S/WUI-Z,6282891,5654.601900000000,349916765.000000000000
national49_standardized_500m,NV,500,WUI-P/WUI-S,3925747,3533.172300000000,318196629.000000000000
national49_standardized_500m,NV,500,WUI-P/WUI-Z,2411603,2170.442700000000,318196629.000000000000
national49_standardized_500m,NV,500,WUI-S/WUI-Z,2375065,2137.558500000000,318196629.000000000000
national49_standardized_500m,NY,500,WUI-P/WUI-S,45667239,41100.515099999997,157006893.000000000000
national49_standardized_500m,NY,500,WUI-P/WUI-Z,30002919,27002.627100000002,157006893.000000000000
national49_standardized_500m,NY,500,WUI-S/WUI-Z,30378500,27340.650000000001,157006893.000000000000
national49_standardized_500m,OH,500,WUI-P/WUI-S,22075388,19867.849200000001,128998124.000000000000
national49_standardized_500m,OH,500,WUI-P/WUI-Z,13740655,12366.589500000000,128998124.000000000000
national49_standardized_500m,OH,500,WUI-S/WUI-Z,14891477,13402.329299999999,128998124.000000000000
national49_standardized_500m,OK,500,WUI-P/WUI-S,5154238,4638.814200000000,201152946.000000000000
national49_standardized_500m,OK,500,WUI-P/WUI-Z,3588123,3229.310700000000,201152946.000000000000
national49_standardized_500m,OK,500,WUI-S/WUI-Z,12210080,10989.072000000000,201152946.000000000000
national49_standardized_500m,OR,500,WUI-P/WUI-S,15500679,13950.611100000000,283110409.000000000000
national49_standardized_500m,OR,500,WUI-P/WUI-Z,8113651,7302.285900000000,283110409.000000000000
national49_standardized_500m,OR,500,WUI-S/WUI-Z,7814502,7033.051800000000,283110409.000000000000
national49_standardized_500m,PA,500,WUI-P/WUI-S,46512198,41860.978199999998,132533003.000000000000
national49_standardized_500m,PA,500,WUI-P/WUI-Z,31330852,28197.766800000001,132533003.000000000000
national49_standardized_500m,PA,500,WUI-S/WUI-Z,34349835,30914.851500000001,132533003.000000000000
national49_standardized_500m,RI,500,WUI-P/WUI-S,1836268,1652.641200000000,4446043.000000000000
national49_standardized_500m,RI,500,WUI-P/WUI-Z,1521323,1369.190700000000,4446043.000000000000
national49_standardized_500m,RI,500,WUI-S/WUI-Z,1528166,1375.349400000000,4446043.000000000000
national49_standardized_500m,SC,500,WUI-P/WUI-S,23027723,20724.950700000001,92156012.000000000000
national49_standardized_500m,SC,500,WUI-P/WUI-Z,16829742,15146.767800000000,92156012.000000000000
national49_standardized_500m,SC,500,WUI-S/WUI-Z,21382287,19244.058300000001,92156012.000000000000
national49_standardized_500m,SD,500,WUI-P/WUI-S,2684119,2415.707100000000,221921550.000000000000
national49_standardized_500m,SD,500,WUI-P/WUI-Z,971266,874.139400000000,221921542.000000000000
national49_standardized_500m,SD,500,WUI-S/WUI-Z,1091542,982.387800000000,221921542.000000000000
national49_standardized_500m,TN,500,WUI-P/WUI-S,33023344,29721.009600000001,121238469.000000000000
national49_standardized_500m,TN,500,WUI-P/WUI-Z,22150389,19935.350100000000,121238469.000000000000
national49_standardized_500m,TN,500,WUI-S/WUI-Z,22052123,19846.910700000000,121238469.000000000000
national49_standardized_500m,TX,500,WUI-P/WUI-S,68084844,61276.359600000003,772955584.000000000000
national49_standardized_500m,TX,500,WUI-P/WUI-Z,35779084,32201.175599999999,772955584.000000000000
national49_standardized_500m,TX,500,WUI-S/WUI-Z,34997579,31497.821100000001,772955584.000000000000
national49_standardized_500m,UT,500,WUI-P/WUI-S,5764762,5188.285800000000,244316751.000000000000
national49_standardized_500m,UT,500,WUI-P/WUI-Z,3385916,3047.324400000000,244316751.000000000000
national49_standardized_500m,UT,500,WUI-S/WUI-Z,3401791,3061.611900000000,244316751.000000000000
national49_standardized_500m,VA,500,WUI-P/WUI-S,44780899,40302.809099999999,123095781.000000000000
national49_standardized_500m,VA,500,WUI-P/WUI-Z,30114143,27102.728700000000,123095781.000000000000
national49_standardized_500m,VA,500,WUI-S/WUI-Z,30011789,27010.610100000002,123095781.000000000000
national49_standardized_500m,VT,500,WUI-P/WUI-S,10409978,9368.980200000000,27670406.000000000000
national49_standardized_500m,VT,500,WUI-P/WUI-Z,6743752,6069.376800000000,27670406.000000000000
national49_standardized_500m,VT,500,WUI-S/WUI-Z,6685198,6016.678200000000,27670406.000000000000
national49_standardized_500m,WA,500,WUI-P/WUI-S,21643430,19479.087000000000,205186365.000000000000
national49_standardized_500m,WA,500,WUI-P/WUI-Z,13488170,12139.352999999999,205186365.000000000000
national49_standardized_500m,WA,500,WUI-S/WUI-Z,13633400,12270.059999999999,205186365.000000000000
national49_standardized_500m,WI,500,WUI-P/WUI-S,38094529,34285.076099999998,188484126.000000000000
national49_standardized_500m,WI,500,WUI-P/WUI-Z,15546773,13992.095700000000,188484126.000000000000
national49_standardized_500m,WI,500,WUI-S/WUI-Z,12453034,11207.730600000001,188484126.000000000000
national49_standardized_500m,WV,500,WUI-P/WUI-S,26049816,23444.834400000000,69728289.000000000000
national49_standardized_500m,WV,500,WUI-P/WUI-Z,14483372,13035.034799999999,69728289.000000000000
national49_standardized_500m,WV,500,WUI-S/WUI-Z,13560994,12204.894600000000,69728289.000000000000
national49_standardized_500m,WY,500,WUI-P/WUI-S,6105526,5494.973400000000,281473571.000000000000
national49_standardized_500m,WY,500,WUI-P/WUI-Z,2257383,2031.644700000000,281473571.000000000000
national49_standardized_500m,WY,500,WUI-S/WUI-Z,2158067,1942.260300000000,281473571.000000000000
