state,STATEFP,state_name,method,buffer_m,nonwui_population,intermix_population,interface_population,wui_population,total_population,population_closure_error,wui_population_share_pct,selected_changed_cell_points,moved_0_to_1_points,moved_0_to_2_points,moved_1_to_0_points,moved_1_to_2_points,moved_2_to_0_points,moved_2_to_1_points,changed_0_to_1,changed_0_to_2,changed_1_to_0,changed_1_to_2,changed_2_to_0,changed_2_to_1,domain_difference_pixels,transition_audit_cells,classification_path,classification_sha256,population_source,status,points_processed,points_exact_unique_block_group,points_exact_ambiguous_block_group,points_outside_target_state_block_coverage,target_state_eligible_nodata_255,classified_structure_denominator,nodata_points_excluded_from_denominator
AL,1,Alabama,WUI-P,500,3017971.261348762084,584127.574609363219,1422180.164041874465,2006307.738651237683,5024279.000000000000,0.000000000000,39.932251745001,552748.000000000000,0.000000000000,96301.000000000000,0.000000000000,0.000000000000,456447.000000000000,0.000000000000,0.000000000000,51839.000000000000,0.000000000000,0.000000000000,233195.000000000000,0.000000000000,0.000000000000,1931059.000000000000,<PROJECT_ROOT>/step49_patch75_remaining44_500m_20260729T231000Z/states/AL/rasters/WUI-P/WUI_P_AL_r0500m_SILVIS_GT75.tif,46c5870f529efae506506b505e4d5be909533a2cb32f6a0cfabb6f4f690da2b4,<DATA_ROOT>/OpenAddresses_Work/Processed_GPKG/Alabama_addresses.gpkg,PASS,,,,,,,
AL,1,Alabama,WUI-S,500,2359467.921172488481,855282.253267379245,1809528.825560132042,2664811.078827511519,5024279.000000000000,0.000000000000,53.038676371824,,,,,,,,,,,,,,,,<PROJECT_ROOT>/step49_patch75_remaining44_500m_20260729T231000Z/states/AL/rasters/WUI-S/WUI_S_AL_r0500m_SILVIS_GT75.tif,1a8f24ca14156d73ce8d32f1d736601db52e70900389c5b5416264aa57503ae2,<DATA_ROOT>/mbf_work/centroids_5070/MBF_Alabama_centroids_5070.gpkg,PASS,2455168.000000000000,2448545.000000000000,0.000000000000,6623.000000000000,26.000000000000,2448545.000000000000,26.000000000000
AL,1,Alabama,WUI-Z,0,2376621.000000000000,901264.000000000000,1746394.000000000000,2647658.000000000000,5024279.000000000000,0.000000000000,52.697272583788,,,,,,,,,,,,,,,,<PROJECT_ROOT>/step51_wuiz_ketchpaw_gt50_20260731T215644Z/states/AL/WUI_Z_AL_KETCHPAW_GT50_class.tif,34fd1702029bdf64a1b198c4d21673c5b5f63e683d9dd54ac6db5947ae84233c,,PASS,,,,,,,
AR,5,Arkansas,WUI-P,500,1796287.115040012635,462445.184833609441,752791.700126377749,1215236.884959987132,3011524.000000000000,0.000000000000,40.352887274350,481539.000000000000,0.000000000000,61520.000000000000,0.000000000000,0.000000000000,420018.000000000000,0.000000000000,0.000000000000,21159.000000000000,0.000000000000,0.000000000000,195209.000000000000,0.000000000000,0.000000000000,1427348.000000000000,<PROJECT_ROOT>/step49_patch75_remaining44_500m_20260729T231000Z/states/AR/rasters/WUI-P/WUI_P_AR_r0500m_SILVIS_GT75.tif,61a3db3712bc3d0869fda853b5b45da39ac438576f1c6a661482f6248ee4ceb4,<DATA_ROOT>/OpenAddresses_Work/Processed_GPKG/Arkansas_addresses.gpkg,PASS,,,,,,,
AR,5,Arkansas,WUI-S,500,1849774.728211020818,456912.560865276784,704836.710923702223,1161749.271788978716,3011524.000000000000,0.000000000000,38.576789419210,,,,,,,,,,,,,,,,<PROJECT_ROOT>/step49_patch75_remaining44_500m_20260729T231000Z/states/AR/rasters/WUI-S/WUI_S_AR_r0500m_SILVIS_GT75.tif,b6e269c6beb53655dd6110cefc498648546cd139b4666e940fe61bea48c20d0c,<DATA_ROOT>/mbf_work/centroids_5070/MBF_Arkansas_centroids_5070.gpkg,PASS,1571198.000000000000,1564952.000000000000,0.000000000000,6246.000000000000,10.000000000000,1564952.000000000000,10.000000000000
AR,5,Arkansas,WUI-Z,0,1915046.000000000000,421006.000000000000,675472.000000000000,1096478.000000000000,3011524.000000000000,0.000000000000,36.409406001745,,,,,,,,,,,,,,,,<PROJECT_ROOT>/step51_wuiz_ketchpaw_gt50_20260731T215644Z/states/AR/WUI_Z_AR_KETCHPAW_GT50_class.tif,0be0a743d1d65a6be82d765568d709a3f4072fae3491a2b27a85fd5dae52b879,,PASS,,,,,,,
AZ,4,Arizona,WUI-P,500,4166212.029254713561,587789.427728148759,2397500.543017137796,2985289.970745286439,7151502.000000000000,0.000000000000,41.743538220996,592991.000000000000,0.000000000000,202347.000000000000,0.000000000000,0.000000000000,390644.000000000000,0.000000000000,0.000000000000,66416.000000000000,0.000000000000,0.000000000000,114663.000000000000,0.000000000000,0.000000000000,2579109.000000000000,<PROJECT_ROOT>/step49_patch75_remaining44_500m_20260729T231000Z/states/AZ/rasters/WUI-P/WUI_P_AZ_r0500m_SILVIS_GT75.tif,21262d2dd67a01a85fd64b37b17b15f95dd37c02540bd6070f128bbba5a4d90f,<DATA_ROOT>/OpenAddresses_Work/Processed_GPKG/Arizona_addresses.gpkg,PASS,,,,,,,
AZ,4,Arizona,WUI-S,500,4061590.377354505472,603707.168374178465,2486204.454271315597,3089911.622645494062,7151502.000000000000,0.000000000000,43.206470789570,,,,,,,,,,,,,,,,<PROJECT_ROOT>/step49_patch75_remaining44_500m_20260729T231000Z/states/AZ/rasters/WUI-S/WUI_S_AZ_r0500m_SILVIS_GT75.tif,1eca343dac949c4d23aba03ec11b654f787929553da037f0b61408d922c014b0,<DATA_ROOT>/mbf_work/centroids_5070/MBF_Arizona_centroids_5070.gpkg,PASS,2738732.000000000000,2729826.000000000000,0.000000000000,8906.000000000000,12.000000000000,2729826.000000000000,12.000000000000
AZ,4,Arizona,WUI-Z,0,4030394.000000000000,509733.000000000000,2611375.000000000000,3121108.000000000000,7151502.000000000000,0.000000000000,43.642692122578,,,,,,,,,,,,,,,,<PROJECT_ROOT>/step51_wuiz_ketchpaw_gt50_20260731T215644Z/states/AZ/WUI_Z_AZ_KETCHPAW_GT50_class.tif,f89a761b82b29001baf56b87181b87ebf7a02a4aaee9c32328eef45aa9d06ce7,,PASS,,,,,,,
CA,6,California,WUI-P,500,26461652.219981662929,1574126.517742480384,11502444.262275855988,13076570.780018335208,39538223.000000000000,0.000000000000,33.073238471082,1762337.000000000000,0.000000000000,455465.000000000000,0.000000000000,0.000000000000,1306872.000000000000,0.000000000000,0.000000000000,170840.000000000000,0.000000000000,0.000000000000,442889.000000000000,0.000000000000,0.000000000000,8722222.000000000000,<PROJECT_ROOT>/step47d_patch75_four_state_psz_20260729T150314Z/CA/rasters/WUI-P/WUI_P_CA_r0500m_SILVIS_GT75.tif,6aafa06a9f81aba1e5b5d6b02e6537dee5b050b87d7883f8e1dbd27c2d3c2c80,<DATA_ROOT>/OpenAddresses_Work/Processed_GPKG/California_addresses.gpkg,PASS,,,,,,,
CA,6,California,WUI-S,500,26401952.101443804801,1633482.810422757640,11502788.088133435696,13136270.898556195199,39538223.000000000000,0.000000000000,33.224231899740,,,,,,,,,,,,,,,,<PROJECT_ROOT>/step47d_patch75_four_state_psz_20260729T150314Z/CA/rasters/WUI-S/WUI_S_CA_r0500m_SILVIS_GT75.tif,873fe383c7904fa821129c97325bb2d0dfeda2fa5ce78837255128dec7407b5d,<DATA_ROOT>/mbf_work/centroids_5070/MBF_California_centroids_5070.gpkg,PASS,11542912.000000000000,11522298.000000000000,0.000000000000,20614.000000000000,5.000000000000,11522298.000000000000,5.000000000000
CA,6,California,WUI-Z,0,25834295.000000000000,1578998.000000000000,12124930.000000000000,13703928.000000000000,39538223.000000000000,0.000000000000,34.659949183857,,,,,,,,,,,,,,,,<PROJECT_ROOT>/step51_wuiz_ketchpaw_gt50_20260731T215644Z/states/CA/WUI_Z_CA_KETCHPAW_GT50_class.tif,ce01d84cba996a7a33cfd98d136918468b6c1832c515150b4863cef6e5211d70,,PASS,,,,,,,
CO,8,Colorado,WUI-P,500,3357333.555825852789,500296.438590524951,1916084.005583620863,2416380.444174146745,5773714.000000000000,0.000000000000,41.851405251007,592970.000000000000,0.000000000000,286448.000000000000,0.000000000000,0.000000000000,306522.000000000000,0.000000000000,0.000000000000,61619.000000000000,0.000000000000,0.000000000000,86871.000000000000,0.000000000000,0.000000000000,1976233.000000000000,<PROJECT_ROOT>/step47_patch75_silvis_colorado_canary_20260729T034216Z/WUI_P_CO_r0500m_SILVIS_GT75_CANARY.tif,25433fd37a8922cd07cdc3b735ff6bfd5106859327b76b80c0f832767ba78eff,<DATA_ROOT>/OpenAddresses_Work/Processed_GPKG/Colorado_addresses.gpkg,PASS,,,,,,,
CO,8,Colorado,WUI-S,500,3250758.207914288156,524488.467994048027,1998467.324091663584,2522955.792085711844,5773714.000000000000,0.000000000000,43.697276866948,,,,,,,,,,,,,,,,<PROJECT_ROOT>/step47_patch75_silvis_colorado_canary_20260729T034216Z/WUI_S_CO_r0500m_SILVIS_GT75_CANARY.tif,dfffcce3122bb6f2149c7cc2c8aadb1184c2c2b1481b43eddf604dfc930acc2b,<DATA_ROOT>/mbf_work/centroids_5070/MBF_Colorado_centroids_5070.gpkg,PASS,2185953.000000000000,2185295.000000000000,0.000000000000,658.000000000000,7.000000000000,2185295.000000000000,7.000000000000
CO,8,Colorado,WUI-Z,0,3265746.000000000000,391350.000000000000,2116618.000000000000,2507968.000000000000,5773714.000000000000,0.000000000000,43.437690193868,,,,,,,,,,,,,,,,<PROJECT_ROOT>/step51_wuiz_ketchpaw_gt50_20260731T215644Z/states/CO/WUI_Z_CO_KETCHPAW_GT50_class.tif,cdd86d650e22dc8c77bfaba22796463acf8fc958baafeb48b3a6ff1dbcba8271,,PASS,,,,,,,
CT,9,Connecticut,WUI-P,500,1955213.799324080814,673350.568224977585,977379.632450941135,1650730.200675918721,3605944.000000000000,0.000000000000,45.778032068050,173273.000000000000,0.000000000000,27706.000000000000,0.000000000000,0.000000000000,145567.000000000000,0.000000000000,0.000000000000,16534.000000000000,0.000000000000,0.000000000000,98270.000000000000,0.000000000000,0.000000000000,1073550.000000000000,<PROJECT_ROOT>/step49_patch75_remaining44_500m_20260729T231000Z/states/CT/rasters/WUI-P/WUI_P_CT_r0500m_SILVIS_GT75.tif,45abeffe0159fbf0cb711a568b9b942b465ed4fb34f34adec6dca0f681278158,<DATA_ROOT>/OpenAddresses_Work/Processed_GPKG/Connecticut_addresses.gpkg,PASS,,,,,,,
CT,9,Connecticut,WUI-S,500,1953033.565381500870,665041.774500722764,987868.660117776366,1652910.434618499130,3605944.000000000000,0.000000000000,45.838494292160,,,,,,,,,,,,,,,,<PROJECT_ROOT>/step49_patch75_remaining44_500m_20260729T231000Z/states/CT/rasters/WUI-S/WUI_S_CT_r0500m_SILVIS_GT75.tif,ed5950cfef1c661e286e309c8d1e2b33845c0fb10ceeef7d30e3a46ebe825e5c,<DATA_ROOT>/mbf_work/centroids_5070/MBF_Connecticut_centroids_5070.gpkg,PASS,1215624.000000000000,1205996.000000000000,0.000000000000,9628.000000000000,37.000000000000,1205996.000000000000,37.000000000000
CT,9,Connecticut,WUI-Z,0,1842864.000000000000,724577.000000000000,1038503.000000000000,1763080.000000000000,3605944.000000000000,0.000000000000,48.893715487539,,,,,,,,,,,,,,,,<PROJECT_ROOT>/step51_wuiz_ketchpaw_gt50_20260731T215644Z/states/CT/WUI_Z_CT_KETCHPAW_GT50_class.tif,0b65d91c81ef58bf48d3f13245719aacba518dbc351eb6af17a11258b70eba03,,PASS,,,,,,,
DC,11,District of Columbia,WUI-P,500,688738.622860942967,806.377139057028,0.000000000000,806.377139057028,689545.000000000000,0.000000000000,0.116943366866,0.000000000000,0.000000000000,0.000000000000,0.000000000000,0.000000000000,0.000000000000,0.000000000000,0.000000000000,0.000000000000,0.000000000000,0.000000000000,0.000000000000,0.000000000000,0.000000000000,61200.000000000000,<PROJECT_ROOT>/step49_patch75_remaining44_500m_20260729T231000Z/states/DC/rasters/WUI-P/WUI_P_DC_r0500m_SILVIS_GT75.tif,a426197d2489f674504bc000e257e97053feee2a415be9954fb57e9282296603,<DATA_ROOT>/OpenAddresses_Work/Processed_GPKG/DistrictofColumbia_addresses.gpkg,PASS,,,,,,,
DC,11,District of Columbia,WUI-S,500,688855.188429794507,689.811570205318,0.000000000000,689.811570205318,689544.999999999884,-0.000000000116,0.100038658856,,,,,,,,,,,,,,,,<PROJECT_ROOT>/step49_patch75_remaining44_500m_20260729T231000Z/states/DC/rasters/WUI-S/WUI_S_DC_r0500m_SILVIS_GT75.tif,d52b060d3951fb427f97217c3e0399e7b6ad2f9db8524007d6285a70f5b10318,<DATA_ROOT>/mbf_work/centroids_5070/MBF_DistrictofColumbia_centroids_5070.gpkg,PASS,77851.000000000000,66540.000000000000,0.000000000000,11311.000000000000,0.000000000000,66540.000000000000,0.000000000000
DC,11,District of Columbia,WUI-Z,0,688217.000000000000,1328.000000000000,0.000000000000,1328.000000000000,689545.000000000000,0.000000000000,0.192590766375,,,,,,,,,,,,,,,,<PROJECT_ROOT>/step51_wuiz_ketchpaw_gt50_20260731T215644Z/states/DC/WUI_Z_DC_KETCHPAW_GT50_class.tif,608908f0242fab34cc6523d8d832a7e8518ba087170fdc963471fc1fde2ddd6a,,PASS,,,,,,,
DE,10,Delaware,WUI-P,500,887853.624570131535,44035.386726320736,58058.988703547438,102094.375429868160,989948.000000000000,-0.000000000116,10.313104873172,349141.000000000000,0.000000000000,6576.000000000000,0.000000000000,0.000000000000,342561.000000000000,0.000000000000,0.000000000000,2023.000000000000,0.000000000000,0.000000000000,91810.000000000000,0.000000000000,0.000000000000,400734.000000000000,<PROJECT_ROOT>/step49_patch75_remaining44_500m_20260729T231000Z/states/DE/rasters/WUI-P/WUI_P_DE_r0500m_SILVIS_GT75.tif,c119ca3ded673c75fdd70d5a3dd0f056500f0371a8b0208a3952895ad1dd67c9,<DATA_ROOT>/OpenAddresses_Work/Processed_GPKG/Delaware_addresses.gpkg,PASS,,,,,,,
DE,10,Delaware,WUI-S,500,911871.795819031307,40545.886167711687,37530.318013256830,78076.204180968518,989948.000000000000,0.000000000000,7.886899532194,,,,,,,,,,,,,,,,<PROJECT_ROOT>/step49_patch75_remaining44_500m_20260729T231000Z/states/DE/rasters/WUI-S/WUI_S_DE_r0500m_SILVIS_GT75.tif,25e6eb1ec95cc721688274b2e44917ece6b6e5f23bc8226359d061d9e74f63c1,<DATA_ROOT>/mbf_work/centroids_5070/MBF_Delaware_centroids_5070.gpkg,PASS,357534.000000000000,348994.000000000000,0.000000000000,8540.000000000000,24.000000000000,348994.000000000000,24.000000000000
DE,10,Delaware,WUI-Z,0,885320.000000000000,55683.000000000000,48945.000000000000,104628.000000000000,989948.000000000000,0.000000000000,10.569039989979,,,,,,,,,,,,,,,,<PROJECT_ROOT>/step51_wuiz_ketchpaw_gt50_20260731T215644Z/states/DE/WUI_Z_DE_KETCHPAW_GT50_class.tif,63fda2360df3a799fc5f2134aa2370557ab138c47523f4e42ae24276b647ff17,,PASS,,,,,,,
FL,12,Florida,WUI-P,500,16272802.033155487850,1030779.462265503942,4234605.504579005763,5265384.966844510287,21538187.000000000000,0.000000000000,24.446741811855,3582794.000000000000,0.000000000000,412820.000000000000,0.000000000000,0.000000000000,3169972.000000000000,0.000000000000,0.000000000000,147961.000000000000,0.000000000000,0.000000000000,1260101.000000000000,0.000000000000,0.000000000000,10416298.000000000000,<PROJECT_ROOT>/step47d_patch75_four_state_psz_20260729T150314Z/FL/rasters/WUI-P/WUI_P_FL_r0500m_SILVIS_GT75.tif,89190934e2fdae78061545a6361297d33749f3a625579eda130a7b419663f84f,<DATA_ROOT>/OpenAddresses_Work/Processed_GPKG/Florida_addresses.gpkg,PASS,,,,,,,
FL,12,Florida,WUI-S,500,16318693.847214980051,895090.543086588848,4324402.609698431566,5219493.152785019949,21538187.000000000000,0.000000000000,24.233669959245,,,,,,,,,,,,,,,,<PROJECT_ROOT>/step47d_patch75_four_state_psz_20260729T150314Z/FL/rasters/WUI-S/WUI_S_FL_r0500m_SILVIS_GT75.tif,05172abd3dcd76403c32036a745ba1cbe9db8f2881f9868cff226452068f4fc2,<DATA_ROOT>/mbf_work/centroids_5070/MBF_Florida_centroids_5070.gpkg,PASS,7263195.000000000000,7260261.000000000000,0.000000000000,2934.000000000000,12.000000000000,7260261.000000000000,12.000000000000
FL,12,Florida,WUI-Z,0,15743482.000000000000,1174143.000000000000,4620562.000000000000,5794705.000000000000,21538187.000000000000,0.000000000000,26.904330434126,,,,,,,,,,,,,,,,<PROJECT_ROOT>/step51_wuiz_ketchpaw_gt50_20260731T215644Z/states/FL/WUI_Z_FL_KETCHPAW_GT50_class.tif,7724229d701a2801f1f351d919b0801c85961e43c87e24397fabe7f4a389e693,,PASS,,,,,,,
GA,13,Georgia,WUI-P,500,7244165.335031233728,1451615.672013591044,2016126.992955172900,3467742.664968764875,10711908.000000000000,0.000000000000,32.372782374240,647221.000000000000,0.000000000000,98415.000000000000,0.000000000000,0.000000000000,548806.000000000000,0.000000000000,0.000000000000,63392.000000000000,0.000000000000,0.000000000000,385247.000000000000,0.000000000000,0.000000000000,3662945.000000000000,<PROJECT_ROOT>/step49_patch75_remaining44_500m_20260729T231000Z/states/GA/rasters/WUI-P/WUI_P_GA_r0500m_SILVIS_GT75.tif,efc029a9514af08a25a06a0226a93c2bd0ffe598b13ce981ff3cd3cbc43b9e6e,<DATA_ROOT>/OpenAddresses_Work/Processed_GPKG/Georgia_addresses.gpkg,PASS,,,,,,,
GA,13,Georgia,WUI-S,500,6706765.483098228462,1621435.023970951093,2383707.492930820677,4005142.516901772004,10711908.000000000000,0.000000000000,37.389627663921,,,,,,,,,,,,,,,,<PROJECT_ROOT>/step49_patch75_remaining44_500m_20260729T231000Z/states/GA/rasters/WUI-S/WUI_S_GA_r0500m_SILVIS_GT75.tif,7e2cce7ad24b6c106ec847051dab6d1077e68a3670fc620e2ca4f0a14d02d65c,<DATA_ROOT>/mbf_work/centroids_5070/MBF_Georgia_centroids_5070.gpkg,PASS,3981792.000000000000,3968958.000000000000,0.000000000000,12834.000000000000,42.000000000000,3968958.000000000000,42.000000000000
GA,13,Georgia,WUI-Z,0,6554675.000000000000,1794463.000000000000,2362770.000000000000,4157233.000000000000,10711908.000000000000,0.000000000000,38.809453927349,,,,,,,,,,,,,,,,<PROJECT_ROOT>/step51_wuiz_ketchpaw_gt50_20260731T215644Z/states/GA/WUI_Z_GA_KETCHPAW_GT50_class.tif,47843719a74305d424631a358eb99ff97986eeaa0fa94aacf8f0c875b1170120,,PASS,,,,,,,
IA,19,Iowa,WUI-P,500,3084455.915018643253,43747.840244060491,62165.244737296096,105913.084981356558,3190368.999999999534,-0.000000000466,3.319775392168,151145.000000000000,0.000000000000,2698.000000000000,0.000000000000,0.000000000000,148447.000000000000,0.000000000000,0.000000000000,1735.000000000000,0.000000000000,0.000000000000,84465.000000000000,0.000000000000,0.000000000000,1381208.000000000000,<PROJECT_ROOT>/step49_patch75_remaining44_500m_20260729T231000Z/states/IA/rasters/WUI-P/WUI_P_IA_r0500m_SILVIS_GT75.tif,e7e946c923d6b883d3c28010ef1fd39a9d9200aff2f51791a25dacd4c9f94665,<DATA_ROOT>/OpenAddresses_Work/Processed_GPKG/Iowa_addresses.gpkg,PASS,,,,,,,
IA,19,Iowa,WUI-S,500,3088207.294877574313,40663.858429469859,61497.846692955849,102161.705122425716,3190369.000000000000,0.000000000000,3.202190878937,,,,,,,,,,,,,,,,<PROJECT_ROOT>/step49_patch75_remaining44_500m_20260729T231000Z/states/IA/rasters/WUI-S/WUI_S_IA_r0500m_SILVIS_GT75.tif,76cbf960990d313343547ad54eb4a8b72403cb964e65fa8b9662d93b2678f482,<DATA_ROOT>/mbf_work/centroids_5070/MBF_Iowa_centroids_5070.gpkg,PASS,2074904.000000000000,2066232.000000000000,0.000000000000,8672.000000000000,15.000000000000,2066232.000000000000,15.000000000000
IA,19,Iowa,WUI-Z,0,3079856.000000000000,45572.000000000000,64941.000000000000,110513.000000000000,3190369.000000000000,0.000000000000,3.463956677112,,,,,,,,,,,,,,,,<PROJECT_ROOT>/step51_wuiz_ketchpaw_gt50_20260731T215644Z/states/IA/WUI_Z_IA_KETCHPAW_GT50_class.tif,9e1fa29a5a49aa06e3d57197f5fffe4278c42ccff9439c832f09988e561c2d76,,PASS,,,,,,,
ID,16,Idaho,WUI-P,500,1159863.573416720610,149669.742323182960,529572.684260096168,679242.426583279157,1839106.000000000000,-0.000000000233,36.933294034345,129585.000000000000,0.000000000000,31728.000000000000,0.000000000000,0.000000000000,97855.000000000000,0.000000000000,0.000000000000,13962.000000000000,0.000000000000,0.000000000000,53281.000000000000,0.000000000000,0.000000000000,936486.000000000000,<PROJECT_ROOT>/step49_patch75_remaining44_500m_20260729T231000Z/states/ID/rasters/WUI-P/WUI_P_ID_r0500m_SILVIS_GT75.tif,ab4bf59942c706e28844c31ebaf3334dd2961f1e045bc6283bfbca6d96f8b305,<DATA_ROOT>/OpenAddresses_Work/Processed_GPKG/Idaho_addresses.gpkg,PASS,,,,,,,
ID,16,Idaho,WUI-S,500,1159775.428019407904,151729.956445070711,527600.615535521298,679330.571980591980,1839106.000000000000,0.000000000000,36.938086873763,,,,,,,,,,,,,,,,<PROJECT_ROOT>/step49_patch75_remaining44_500m_20260729T231000Z/states/ID/rasters/WUI-S/WUI_S_ID_r0500m_SILVIS_GT75.tif,fabeabdb57966836f2ce8ce9e745ddcc62ec8318f8ccf295ee6a829cf59dc0cf,<DATA_ROOT>/mbf_work/centroids_5070/MBF_Idaho_centroids_5070.gpkg,PASS,942132.000000000000,937658.000000000000,0.000000000000,4474.000000000000,9.000000000000,937658.000000000000,9.000000000000
ID,16,Idaho,WUI-Z,0,1201660.000000000000,102359.000000000000,535087.000000000000,637446.000000000000,1839106.000000000000,0.000000000000,34.660644900294,,,,,,,,,,,,,,,,<PROJECT_ROOT>/step51_wuiz_ketchpaw_gt50_20260731T215644Z/states/ID/WUI_Z_ID_KETCHPAW_GT50_class.tif,67b7660d51ff7f302af20bcb7848af8f05e977e9708afefd9273ff5d730e22cb,,PASS,,,,,,,
IL,17,Illinois,WUI-P,500,12231692.350757354870,99409.224594744635,481406.424647901673,580815.649242646294,12812508.000000000000,0.000000000000,4.533192480681,378060.000000000000,0.000000000000,126602.000000000000,0.000000000000,0.000000000000,251458.000000000000,0.000000000000,0.000000000000,88210.000000000000,0.000000000000,0.000000000000,177631.000000000000,0.000000000000,0.000000000000,2807212.000000000000,<PROJECT_ROOT>/step49_patch75_remaining44_500m_20260729T231000Z/states/IL/rasters/WUI-P/WUI_P_IL_r0500m_SILVIS_GT75.tif,24c392cf63fc66b3206220f64f1a8bf496346182be1255005539bc1f2c48e77f,<DATA_ROOT>/OpenAddresses_Work/Processed_GPKG/Illinois_addresses.gpkg,PASS,,,,,,,
IL,17,Illinois,WUI-S,500,12147975.886249719188,128052.025452015907,536480.088298264425,664532.113750280347,12812508.000000000000,0.000000000000,5.186588868864,,,,,,,,,,,,,,,,<PROJECT_ROOT>/step49_patch75_remaining44_500m_20260729T231000Z/states/IL/rasters/WUI-S/WUI_S_IL_r0500m_SILVIS_GT75.tif,4a9ad32a24b42c611e83e1fec6817a9baa4a1b2cb9811ddfac0cf40951100249,<DATA_ROOT>/mbf_work/centroids_5070/MBF_Illinois_centroids_5070.gpkg,PASS,5194010.000000000000,5175304.000000000000,0.000000000000,18706.000000000000,16.000000000000,5175304.000000000000,16.000000000000
IL,17,Illinois,WUI-Z,0,12067976.000000000000,156612.000000000000,587920.000000000000,744532.000000000000,12812508.000000000000,0.000000000000,5.810977835097,,,,,,,,,,,,,,,,<PROJECT_ROOT>/step51_wuiz_ketchpaw_gt50_20260731T215644Z/states/IL/WUI_Z_IL_KETCHPAW_GT50_class.tif,27c262fc0470462be642e9b9a21612fc8626c72d543e1734ef9dd7a3fc8a6797,,PASS,,,,,,,
IN,18,Indiana,WUI-P,500,6206555.509261988103,264986.613844769541,313985.876893242588,578972.490738012129,6785528.000000000000,0.000000000000,8.532460417789,341226.000000000000,0.000000000000,39265.000000000000,0.000000000000,0.000000000000,301960.000000000000,0.000000000000,0.000000000000,16650.000000000000,0.000000000000,0.000000000000,138917.000000000000,0.000000000000,0.000000000000,2589721.000000000000,<PROJECT_ROOT>/step49_patch75_remaining44_500m_20260729T231000Z/states/IN/rasters/WUI-P/WUI_P_IN_r0500m_SILVIS_GT75.tif,b417a1c4d6178af1bd8b06d3561f5af211d8d38a0c865bc964f6ef700e5770a2,<DATA_ROOT>/OpenAddresses_Work/Processed_GPKG/Indiana_addresses.gpkg,PASS,,,,,,,
IN,18,Indiana,WUI-S,500,6258561.823766241781,263352.842944744974,263613.333289012662,526966.176233757637,6785527.999999999069,-0.000000000931,7.766030531946,,,,,,,,,,,,,,,,<PROJECT_ROOT>/step49_patch75_remaining44_500m_20260729T231000Z/states/IN/rasters/WUI-S/WUI_S_IN_r0500m_SILVIS_GT75.tif,c0c23b2a558574b4834c02fbc7f1b98fb5d7842271891494f788650f75a307d1,<DATA_ROOT>/mbf_work/centroids_5070/MBF_Indiana_centroids_5070.gpkg,PASS,3379648.000000000000,3363618.000000000000,0.000000000000,16030.000000000000,31.000000000000,3363618.000000000000,31.000000000000
IN,18,Indiana,WUI-Z,0,6223624.000000000000,292281.000000000000,269623.000000000000,561904.000000000000,6785528.000000000000,0.000000000000,8.280917859303,,,,,,,,,,,,,,,,<PROJECT_ROOT>/step51_wuiz_ketchpaw_gt50_20260731T215644Z/states/IN/WUI_Z_IN_KETCHPAW_GT50_class.tif,9117f1c7008374b10b331b825b758d87dbe6a63f80e6228455244840f2ff75e7,,PASS,,,,,,,
KS,20,Kansas,WUI-P,500,2509293.939945597667,99177.852200170339,329408.207854232052,428586.060054402391,2937880.000000000000,0.000000000000,14.588276582243,241386.000000000000,0.000000000000,108756.000000000000,0.000000000000,0.000000000000,132628.000000000000,0.000000000000,0.000000000000,61892.000000000000,0.000000000000,0.000000000000,89199.000000000000,0.000000000000,0.000000000000,1306517.000000000000,<PROJECT_ROOT>/step49_patch75_remaining44_500m_20260729T231000Z/states/KS/rasters/WUI-P/WUI_P_KS_r0500m_SILVIS_GT75.tif,fabd852f5451f9724dc2e918817f6e88c675b506d8f10edb8afccea9cf43cc4e,<DATA_ROOT>/OpenAddresses_Work/Processed_GPKG/Kansas_addresses.gpkg,PASS,,,,,,,
KS,20,Kansas,WUI-S,500,2454180.496107768733,134724.388558637293,348975.115333593625,483699.503892230859,2937880.000000000000,0.000000000000,16.464236248323,,,,,,,,,,,,,,,,<PROJECT_ROOT>/step49_patch75_remaining44_500m_20260729T231000Z/states/KS/rasters/WUI-S/WUI_S_KS_r0500m_SILVIS_GT75.tif,5968443d024314f13eee6db74a31f7e4937da536ebe74957b094a8dd61e48464,<DATA_ROOT>/mbf_work/centroids_5070/MBF_Kansas_centroids_5070.gpkg,PASS,1614406.000000000000,1605369.000000000000,0.000000000000,9037.000000000000,4.000000000000,1605369.000000000000,4.000000000000
KS,20,Kansas,WUI-Z,0,2480651.000000000000,85043.000000000000,372186.000000000000,457229.000000000000,2937880.000000000000,0.000000000000,15.563229267363,,,,,,,,,,,,,,,,<PROJECT_ROOT>/step51_wuiz_ketchpaw_gt50_20260731T215644Z/states/KS/WUI_Z_KS_KETCHPAW_GT50_class.tif,e8b3338b04c71aff1f40d541d8e4a2fc0bfc3d0485d18007a3f6a59f19c7e3b8,,PASS,,,,,,,
KY,21,Kentucky,WUI-P,500,3335901.963411984034,635807.183854870382,534126.852733145002,1169934.036588015500,4505836.000000000000,0.000000000000,25.964860607177,654586.000000000000,0.000000000000,12138.000000000000,0.000000000000,0.000000000000,642448.000000000000,0.000000000000,0.000000000000,7063.000000000000,0.000000000000,0.000000000000,354758.000000000000,0.000000000000,0.000000000000,1916217.000000000000,<PROJECT_ROOT>/step49_patch75_remaining44_500m_20260729T231000Z/states/KY/rasters/WUI-P/WUI_P_KY_r0500m_SILVIS_GT75.tif,cf8f3e4380180a7fe8844ffb330826a25a99392e8484033ba631b479b13e9a0d,<DATA_ROOT>/OpenAddresses_Work/Processed_GPKG/Kentucky_addresses.gpkg,PASS,,,,,,,
KY,21,Kentucky,WUI-S,500,3327054.954949987121,627579.748796053696,551201.296253958601,1178781.045050012413,4505835.999999999069,-0.000000000931,26.161206156860,,,,,,,,,,,,,,,,<PROJECT_ROOT>/step49_patch75_remaining44_500m_20260729T231000Z/states/KY/rasters/WUI-S/WUI_S_KY_r0500m_SILVIS_GT75.tif,7cfd9fa495aa520d082889f67a880ef20331745d28bd76f24b966b963318cf4d,<DATA_ROOT>/mbf_work/centroids_5070/MBF_Kentucky_centroids_5070.gpkg,PASS,2447682.000000000000,2411667.000000000000,0.000000000000,36015.000000000000,18.000000000000,2411667.000000000000,18.000000000000
KY,21,Kentucky,WUI-Z,0,3404608.000000000000,536174.000000000000,565054.000000000000,1101228.000000000000,4505836.000000000000,0.000000000000,24.440037320488,,,,,,,,,,,,,,,,<PROJECT_ROOT>/step51_wuiz_ketchpaw_gt50_20260731T215644Z/states/KY/WUI_Z_KY_KETCHPAW_GT50_class.tif,c5c9af2a066351aca378bd97099c38352a05b336dc1e8b4ce89eaaf2426e5e8b,,PASS,,,,,,,
LA,22,Louisiana,WUI-P,500,3128671.872427199967,385124.165214914654,1143960.962357885903,1529085.127572800498,4657757.000000000931,0.000000000931,32.828787065809,377354.000000000000,0.000000000000,33069.000000000000,0.000000000000,0.000000000000,344284.000000000000,0.000000000000,0.000000000000,20103.000000000000,0.000000000000,0.000000000000,156226.000000000000,0.000000000000,0.000000000000,1306786.000000000000,<PROJECT_ROOT>/step49_patch75_remaining44_500m_20260729T231000Z/states/LA/rasters/WUI-P/WUI_P_LA_r0500m_SILVIS_GT75.tif,e38c2142509ba6d33e89b93bef8af0074b0e52d8286b8adfe4568c24b4cbb57b,<DATA_ROOT>/OpenAddresses_Work/Processed_GPKG/Louisiana_addresses.gpkg,PASS,,,,,,,
LA,22,Louisiana,WUI-S,500,2650998.972242570948,508693.738941184827,1498064.288816244341,2006758.027757428819,4657757.000000000000,0.000000000000,43.084214735922,,,,,,,,,,,,,,,,<PROJECT_ROOT>/step49_patch75_remaining44_500m_20260729T231000Z/states/LA/rasters/WUI-S/WUI_S_LA_r0500m_SILVIS_GT75.tif,26da5e1f315995ee927a5276b95cef56822ac562837f8513116a0cf70f949197,<DATA_ROOT>/mbf_work/centroids_5070/MBF_Louisiana_centroids_5070.gpkg,PASS,2173567.000000000000,2170408.000000000000,0.000000000000,3159.000000000000,7.000000000000,2170408.000000000000,7.000000000000
LA,22,Louisiana,WUI-Z,0,2626791.000000000000,531555.000000000000,1499411.000000000000,2030966.000000000000,4657757.000000000000,0.000000000000,43.603949282884,,,,,,,,,,,,,,,,<PROJECT_ROOT>/step51_wuiz_ketchpaw_gt50_20260731T215644Z/states/LA/WUI_Z_LA_KETCHPAW_GT50_class.tif,4d1775f886295102441c308006d50f4b995a43272902d3876afe58cea656bd6b,,PASS,,,,,,,
MA,25,Massachusetts,WUI-P,500,4249505.813528469764,867542.762771061156,1912868.423700468848,2780411.186471530236,7029917.000000000000,0.000000000000,39.551123953121,525769.000000000000,0.000000000000,220645.000000000000,0.000000000000,0.000000000000,305124.000000000000,0.000000000000,0.000000000000,109359.000000000000,0.000000000000,0.000000000000,167830.000000000000,0.000000000000,0.000000000000,1788195.000000000000,<PROJECT_ROOT>/step49_patch75_remaining44_500m_20260729T231000Z/states/MA/rasters/WUI-P/WUI_P_MA_r0500m_SILVIS_GT75.tif,a65794fa24f2c975c118abff0f8559c9cfd86c0c4f7a1bf2fc407815b32d31fc,<DATA_ROOT>/OpenAddresses_Work/Processed_GPKG/Massachusetts_addresses.gpkg,PASS,,,,,,,
MA,25,Massachusetts,WUI-S,500,4229692.504519792274,897030.035567254527,1903194.459912953665,2800224.495480208658,7029917.000000000931,0.000000000931,39.832966669168,,,,,,,,,,,,,,,,<PROJECT_ROOT>/step49_patch75_remaining44_500m_20260729T231000Z/states/MA/rasters/WUI-S/WUI_S_MA_r0500m_SILVIS_GT75.tif,d54d9aa5cd614ce2b05d67779ba6da1585add50f09ec2833b24e299895c6e800,<DATA_ROOT>/mbf_work/centroids_5070/MBF_Massachusetts_centroids_5070.gpkg,PASS,2114602.000000000000,2096518.000000000000,0.000000000000,18084.000000000000,59.000000000000,2096518.000000000000,59.000000000000
MA,25,Massachusetts,WUI-Z,0,4009373.000000000000,1030803.000000000000,1989741.000000000000,3020544.000000000000,7029917.000000000000,0.000000000000,42.966993778163,,,,,,,,,,,,,,,,<PROJECT_ROOT>/step51_wuiz_ketchpaw_gt50_20260731T215644Z/states/MA/WUI_Z_MA_KETCHPAW_GT50_class.tif,ddc38455a86da5f38c32eea1c82d50242b67960af5a82d226b64ed2db952c795,,PASS,,,,,,,
MD,24,Maryland,WUI-P,500,4940301.569725632668,441023.120989096467,795899.309285270516,1236922.430274366867,6177224.000000000000,0.000000000000,20.023920619915,1451537.000000000000,0.000000000000,103308.000000000000,0.000000000000,0.000000000000,1348219.000000000000,0.000000000000,0.000000000000,29005.000000000000,0.000000000000,0.000000000000,455352.000000000000,0.000000000000,0.000000000000,2220596.000000000000,<PROJECT_ROOT>/step49_patch75_remaining44_500m_20260729T231000Z/states/MD/rasters/WUI-P/WUI_P_MD_r0500m_SILVIS_GT75.tif,d51c77c96318e28ce48f502da500a31e416ea340b9f5a28a63c4a41595880a9d,<DATA_ROOT>/OpenAddresses_Work/Processed_GPKG/Maryland_addresses.gpkg,PASS,,,,,,,
MD,24,Maryland,WUI-S,500,5030675.165203811601,414025.008509172068,732523.826287016156,1146548.834796188399,6177224.000000000000,0.000000000000,18.560907533808,,,,,,,,,,,,,,,,<PROJECT_ROOT>/step49_patch75_remaining44_500m_20260729T231000Z/states/MD/rasters/WUI-S/WUI_S_MD_r0500m_SILVIS_GT75.tif,fe8b7a29a79dd8a1e500827d2b9a9ac17317fcd1f4766e7310d8316e02d7c252,<DATA_ROOT>/mbf_work/centroids_5070/MBF_Maryland_centroids_5070.gpkg,PASS,1657199.000000000000,1622206.000000000000,0.000000000000,34993.000000000000,36.000000000000,1622206.000000000000,36.000000000000
MD,24,Maryland,WUI-Z,0,4855245.000000000000,545766.000000000000,776213.000000000000,1321979.000000000000,6177224.000000000000,0.000000000000,21.400859026644,,,,,,,,,,,,,,,,<PROJECT_ROOT>/step51_wuiz_ketchpaw_gt50_20260731T215644Z/states/MD/WUI_Z_MD_KETCHPAW_GT50_class.tif,03452c24fa22ddb1beaa5db6f81136c1aadb1e323af8e84e56688fee04265719,,PASS,,,,,,,
ME,23,Maine,WUI-P,500,266019.754881676461,593222.068259922555,503117.176858400868,1096339.245118323481,1362359.000000000000,0.000000000000,80.473593606261,73503.000000000000,0.000000000000,27131.000000000000,0.000000000000,0.000000000000,46372.000000000000,0.000000000000,0.000000000000,12052.000000000000,0.000000000000,0.000000000000,20854.000000000000,0.000000000000,0.000000000000,622845.000000000000,<PROJECT_ROOT>/step49_patch75_remaining44_500m_20260729T231000Z/states/ME/rasters/WUI-P/WUI_P_ME_r0500m_SILVIS_GT75.tif,f026e1884327ba092df1515d8b480e04c8830f7f32eaabb07d5a75b4e05e7066,<DATA_ROOT>/OpenAddresses_Work/Processed_GPKG/Maine_addresses.gpkg,PASS,,,,,,,
ME,23,Maine,WUI-S,500,256971.553595741192,608422.469929572078,496964.976474686817,1105387.446404258721,1362359.000000000000,0.000000000000,81.137750505135,,,,,,,,,,,,,,,,<PROJECT_ROOT>/step49_patch75_remaining44_500m_20260729T231000Z/states/ME/rasters/WUI-S/WUI_S_ME_r0500m_SILVIS_GT75.tif,c1a940b08145971763059179fff5c05d416ce5f8802901351f4b0536009ce8eb,<DATA_ROOT>/mbf_work/centroids_5070/MBF_Maine_centroids_5070.gpkg,PASS,758999.000000000000,752105.000000000000,0.000000000000,6894.000000000000,2.000000000000,752105.000000000000,2.000000000000
ME,23,Maine,WUI-Z,0,300124.000000000000,645485.000000000000,416750.000000000000,1062235.000000000000,1362359.000000000000,0.000000000000,77.970270684893,,,,,,,,,,,,,,,,<PROJECT_ROOT>/step51_wuiz_ketchpaw_gt50_20260731T215644Z/states/ME/WUI_Z_ME_KETCHPAW_GT50_class.tif,5e3030ce91d9f7543ff0833e38780c8240005371cea81cffbf436757da319914,,PASS,,,,,,,
MI,26,Michigan,WUI-P,500,9206393.389246504754,449286.170610022906,421651.440143471176,870937.610753494082,10077331.000000000000,0.000000001863,8.642542462419,256079.000000000000,0.000000000000,59032.000000000000,0.000000000000,0.000000000000,197047.000000000000,0.000000000000,0.000000000000,41424.000000000000,0.000000000000,0.000000000000,128176.000000000000,0.000000000000,0.000000000000,2632341.000000000000,<PROJECT_ROOT>/step49_patch75_remaining44_500m_20260729T231000Z/states/MI/rasters/WUI-P/WUI_P_MI_r0500m_SILVIS_GT75.tif,dea7627ccb2ec4b273f7027565b6bcc50fed8054a87b40409fe7978a811c4d62,<DATA_ROOT>/OpenAddresses_Work/Processed_GPKG/Michigan_addresses.gpkg,PASS,,,,,,,
MI,26,Michigan,WUI-S,500,8205661.135048969649,920518.572258024360,951151.292693004827,1871669.864951028721,10077331.000000000000,0.000000000000,18.573071232363,,,,,,,,,,,,,,,,<PROJECT_ROOT>/step49_patch75_remaining44_500m_20260729T231000Z/states/MI/rasters/WUI-S/WUI_S_MI_r0500m_SILVIS_GT75.tif,76334f5b8388e7997fa56f1ae3c57588af72b750b552166bebf8e311688fafa8,<DATA_ROOT>/mbf_work/centroids_5070/MBF_Michigan_centroids_5070.gpkg,PASS,4982783.000000000000,4967020.000000000000,0.000000000000,15763.000000000000,24.000000000000,4967020.000000000000,24.000000000000
MI,26,Michigan,WUI-Z,0,8156179.000000000000,984882.000000000000,936270.000000000000,1921152.000000000000,10077331.000000000000,0.000000000000,19.064095443526,,,,,,,,,,,,,,,,<PROJECT_ROOT>/step51_wuiz_ketchpaw_gt50_20260731T215644Z/states/MI/WUI_Z_MI_KETCHPAW_GT50_class.tif,87a20bec1f9e05c2619e4e2693d2036ebaf52330b50df78594de81517fef1e6b,,PASS,,,,,,,
MN,27,Minnesota,WUI-P,500,4974537.600833763368,320876.636253224453,411079.762913011655,731956.399166236166,5706494.000000000000,0.000000000000,12.826726868831,369491.000000000000,0.000000000000,62382.000000000000,0.000000000000,0.000000000000,307109.000000000000,0.000000000000,0.000000000000,23554.000000000000,0.000000000000,0.000000000000,145134.000000000000,0.000000000000,0.000000000000,2123565.000000000000,<PROJECT_ROOT>/step49_patch75_remaining44_500m_20260729T231000Z/states/MN/rasters/WUI-P/WUI_P_MN_r0500m_SILVIS_GT75.tif,2870d81b5b4c5778bc9b75ab094397b16a00138c191423d41667ce599fb12381,<DATA_ROOT>/OpenAddresses_Work/Processed_GPKG/Minnesota_addresses.gpkg,PASS,,,,,,,
MN,27,Minnesota,WUI-S,500,4945313.449817691930,328913.971235387493,432266.578946920810,761180.550182308303,5706494.000000000931,0.000000000931,13.338847814127,,,,,,,,,,,,,,,,<PROJECT_ROOT>/step49_patch75_remaining44_500m_20260729T231000Z/states/MN/rasters/WUI-S/WUI_S_MN_r0500m_SILVIS_GT75.tif,47454c2c995f44aa9b424db8cc0220998f901db957de32f8c3814f3456099681,<DATA_ROOT>/mbf_work/centroids_5070/MBF_Minnesota_centroids_5070.gpkg,PASS,2914016.000000000000,2898889.000000000000,0.000000000000,15127.000000000000,6.000000000000,2898889.000000000000,6.000000000000
MN,27,Minnesota,WUI-Z,0,4989832.000000000000,335139.000000000000,381523.000000000000,716662.000000000000,5706494.000000000000,0.000000000000,12.558709428241,,,,,,,,,,,,,,,,<PROJECT_ROOT>/step51_wuiz_ketchpaw_gt50_20260731T215644Z/states/MN/WUI_Z_MN_KETCHPAW_GT50_class.tif,1097f2035134861257db2c807190ab87e6410ca584b07d3caf317ad29702d5b6,,PASS,,,,,,,
MO,29,Missouri,WUI-P,500,5856627.432808460668,135269.627216202789,163015.939975336631,298285.567191539449,6154913.000000000000,0.000000000000,4.846300300127,148881.000000000000,0.000000000000,3566.000000000000,0.000000000000,0.000000000000,145315.000000000000,0.000000000000,0.000000000000,1918.000000000000,0.000000000000,0.000000000000,91014.000000000000,0.000000000000,0.000000000000,1268651.000000000000,<PROJECT_ROOT>/step49_patch75_remaining44_500m_20260729T231000Z/states/MO/rasters/WUI-P/WUI_P_MO_r0500m_SILVIS_GT75.tif,9aa1a662c754635647532d2217917002a3f2bdf2e534b0690586dea8dec4d121,<DATA_ROOT>/OpenAddresses_Work/Processed_GPKG/Missouri_addresses.gpkg,PASS,,,,,,,
MO,29,Missouri,WUI-S,500,5142716.616211888380,479046.210113502864,533150.173674608814,1012196.383788111620,6154913.000000000000,0.000000000000,16.445340231261,,,,,,,,,,,,,,,,<PROJECT_ROOT>/step49_patch75_remaining44_500m_20260729T231000Z/states/MO/rasters/WUI-S/WUI_S_MO_r0500m_SILVIS_GT75.tif,043b4a2d15ffc1aae2a0305d233441db02701ee200d892c83f6a7f6156293eca,<DATA_ROOT>/mbf_work/centroids_5070/MBF_Missouri_centroids_5070.gpkg,PASS,3190076.000000000000,3178520.000000000000,0.000000000000,11556.000000000000,16.000000000000,3178520.000000000000,16.000000000000
MO,29,Missouri,WUI-Z,0,5207854.000000000000,448633.000000000000,498426.000000000000,947059.000000000000,6154913.000000000000,0.000000000000,15.387041214068,,,,,,,,,,,,,,,,<PROJECT_ROOT>/step51_wuiz_ketchpaw_gt50_20260731T215644Z/states/MO/WUI_Z_MO_KETCHPAW_GT50_class.tif,4196221823fdbebe0ce2770dd73a8181658b58f72f97dd7d17395e3597b66042,,PASS,,,,,,,
MS,28,Mississippi,WUI-P,500,1375097.802155533805,740335.994641275844,845845.203203190118,1586181.197844465962,2961279.000000000000,0.000000000000,53.564057890002,419732.000000000000,0.000000000000,74466.000000000000,0.000000000000,0.000000000000,345263.000000000000,0.000000000000,0.000000000000,37333.000000000000,0.000000000000,0.000000000000,225737.000000000000,0.000000000000,0.000000000000,2307276.000000000000,<PROJECT_ROOT>/step49_patch75_remaining44_500m_20260729T231000Z/states/MS/rasters/WUI-P/WUI_P_MS_r0500m_SILVIS_GT75.tif,aeedb48c97b08b73d73576e68a05468f488ebfff2d80a1b5f106e914c9150457,<DATA_ROOT>/OpenAddresses_Work/Processed_GPKG/Mississippi_addresses.gpkg,PASS,,,,,,,
MS,28,Mississippi,WUI-S,500,1378898.487187712453,659264.505811658921,923116.007000628626,1582380.512812287547,2961279.000000000000,0.000000000000,53.435711826285,,,,,,,,,,,,,,,,<PROJECT_ROOT>/step49_patch75_remaining44_500m_20260729T231000Z/states/MS/rasters/WUI-S/WUI_S_MS_r0500m_SILVIS_GT75.tif,36224dba802e001a8d1de54e54319249955ad20a76a39a353ff54b86b230e443,<DATA_ROOT>/mbf_work/centroids_5070/MBF_Mississippi_centroids_5070.gpkg,PASS,1507496.000000000000,1502664.000000000000,0.000000000000,4832.000000000000,14.000000000000,1502664.000000000000,14.000000000000
MS,28,Mississippi,WUI-Z,0,1505290.000000000000,618842.000000000000,837147.000000000000,1455989.000000000000,2961279.000000000000,0.000000000000,49.167572525250,,,,,,,,,,,,,,,,<PROJECT_ROOT>/step51_wuiz_ketchpaw_gt50_20260731T215644Z/states/MS/WUI_Z_MS_KETCHPAW_GT50_class.tif,45402b80ef147c2a39da22be836196b562a1ecbc00bc4c3c1ca8ac4a78a68c18,,PASS,,,,,,,
MT,30,Montana,WUI-P,500,408544.119517103536,173162.725332068629,502518.155150827894,675680.880482896464,1084225.000000000000,0.000000000000,62.319249277862,158853.000000000000,0.000000000000,22442.000000000000,0.000000000000,0.000000000000,136411.000000000000,0.000000000000,0.000000000000,9439.000000000000,0.000000000000,0.000000000000,70950.000000000000,0.000000000000,0.000000000000,1120096.000000000000,<PROJECT_ROOT>/step49_patch75_remaining44_500m_20260729T231000Z/states/MT/rasters/WUI-P/WUI_P_MT_r0500m_SILVIS_GT75.tif,b634d6781b84fcf55604c797e78dda95fc4eaeee05193771b2f5137d38ad71d9,<DATA_ROOT>/OpenAddresses_Work/Processed_GPKG/Montana_addresses.gpkg,PASS,,,,,,,
MT,30,Montana,WUI-S,500,368495.532245333190,197635.121886536392,518094.345868130506,715729.467754666810,1084225.000000000000,0.000000000000,66.013001706718,,,,,,,,,,,,,,,,<PROJECT_ROOT>/step49_patch75_remaining44_500m_20260729T231000Z/states/MT/rasters/WUI-S/WUI_S_MT_r0500m_SILVIS_GT75.tif,87f467e7f82cf15a2944a1c26f1509d400a7a952b792e9af6fd5d4dd7c7ed384,<DATA_ROOT>/mbf_work/centroids_5070/MBF_Montana_centroids_5070.gpkg,PASS,773199.000000000000,772487.000000000000,0.000000000000,712.000000000000,2.000000000000,772487.000000000000,2.000000000000
MT,30,Montana,WUI-Z,0,429040.000000000000,122229.000000000000,532956.000000000000,655185.000000000000,1084225.000000000000,0.000000000000,60.428877769836,,,,,,,,,,,,,,,,<PROJECT_ROOT>/step51_wuiz_ketchpaw_gt50_20260731T215644Z/states/MT/WUI_Z_MT_KETCHPAW_GT50_class.tif,4c68cf841eca77f2804d459467dcb36750620d2f0d7c8b0fe928049acaacb55e,,PASS,,,,,,,
NC,37,North Carolina,WUI-P,500,6548300.211653057486,1776395.095848818310,2114692.692498124205,3891087.788346942980,10439388.000000000000,0.000000000000,37.273140804298,2531474.000000000000,0.000000000000,287246.000000000000,0.000000000000,0.000000000000,2244221.000000000000,0.000000000000,0.000000000000,89685.000000000000,0.000000000000,0.000000000000,859839.000000000000,0.000000000000,0.000000000000,5786908.000000000000,<PROJECT_ROOT>/step49_patch75_remaining44_500m_20260729T231000Z/states/NC/rasters/WUI-P/WUI_P_NC_r0500m_SILVIS_GT75.tif,d3bbc5da70f43c51653d126c56b09836c5b57b24ff1a0d793d39dd98ca85baca,<DATA_ROOT>/OpenAddresses_Work/Processed_GPKG/NorthCarolina_addresses.gpkg,PASS,,,,,,,
NC,37,North Carolina,WUI-S,500,6678308.087819301523,1698024.683415764477,2063055.228764934465,3761079.912180697545,10439388.000000000000,0.000000000000,36.027781630309,,,,,,,,,,,,,,,,<PROJECT_ROOT>/step49_patch75_remaining44_500m_20260729T231000Z/states/NC/rasters/WUI-S/WUI_S_NC_r0500m_SILVIS_GT75.tif,4654f9b963102961fedbac5f5624fbfc5a74a3a259d58086e7f25da2060615f0,<DATA_ROOT>/mbf_work/centroids_5070/MBF_NorthCarolina_centroids_5070.gpkg,PASS,4678064.000000000000,4666616.000000000000,0.000000000000,11448.000000000000,61.000000000000,4666616.000000000000,61.000000000000
NC,37,North Carolina,WUI-Z,0,6370821.000000000000,1997164.000000000000,2071403.000000000000,4068567.000000000000,10439388.000000000000,0.000000000000,38.973232913654,,,,,,,,,,,,,,,,<PROJECT_ROOT>/step51_wuiz_ketchpaw_gt50_20260731T215644Z/states/NC/WUI_Z_NC_KETCHPAW_GT50_class.tif,363da5b616117ca6b7d6741374d0d42384d1aa0452fbbdcc8853dac49f92bfbd,,PASS,,,,,,,
ND,38,North Dakota,WUI-P,500,662801.861134006875,38274.418532964286,78017.720333028832,116292.138865993125,779094.000000000000,0.000000000000,14.926586376739,108555.000000000000,0.000000000000,4270.000000000000,0.000000000000,0.000000000000,104284.000000000000,0.000000000000,0.000000000000,1492.000000000000,0.000000000000,0.000000000000,54290.000000000000,0.000000000000,0.000000000000,761812.000000000000,<PROJECT_ROOT>/step49_patch75_remaining44_500m_20260729T231000Z/states/ND/rasters/WUI-P/WUI_P_ND_r0500m_SILVIS_GT75.tif,0a7f9b4bbdc0733fe48ac01152488d3d5499874a07b753b590dca8180e493cae,<DATA_ROOT>/OpenAddresses_Work/Processed_GPKG/NorthDakota_addresses.gpkg,PASS,,,,,,,
ND,38,North Dakota,WUI-S,500,637243.474812629633,53073.590071438193,88776.935115932167,141850.525187370367,779094.000000000000,0.000000000000,18.207113029669,,,,,,,,,,,,,,,,<PROJECT_ROOT>/step49_patch75_remaining44_500m_20260729T231000Z/states/ND/rasters/WUI-S/WUI_S_ND_r0500m_SILVIS_GT75.tif,0e812314e127804536b899c25f4820f44fae1c91d5e2af8738b7aaaab6087b03,<DATA_ROOT>/mbf_work/centroids_5070/MBF_NorthDakota_centroids_5070.gpkg,PASS,568213.000000000000,561102.000000000000,0.000000000000,7111.000000000000,5.000000000000,561102.000000000000,5.000000000000
ND,38,North Dakota,WUI-Z,0,665731.000000000000,22404.000000000000,90959.000000000000,113363.000000000000,779094.000000000000,0.000000000000,14.550619052386,,,,,,,,,,,,,,,,<PROJECT_ROOT>/step51_wuiz_ketchpaw_gt50_20260731T215644Z/states/ND/WUI_Z_ND_KETCHPAW_GT50_class.tif,dc93b3cd68655ee6fc87abe79db40febc35d632a6a19f082a571eacca449cb89,,PASS,,,,,,,
NE,31,Nebraska,WUI-P,500,1765555.202787813265,44742.067374133934,151206.729838052910,195948.797212186881,1961504.000000000000,0.000000000233,9.989722030248,112386.000000000000,0.000000000000,13451.000000000000,0.000000000000,0.000000000000,98935.000000000000,0.000000000000,0.000000000000,8932.000000000000,0.000000000000,0.000000000000,64754.000000000000,0.000000000000,0.000000000000,1111152.000000000000,<PROJECT_ROOT>/step49_patch75_remaining44_500m_20260729T231000Z/states/NE/rasters/WUI-P/WUI_P_NE_r0500m_SILVIS_GT75.tif,6d93c145cd6d3c1106603eb16f368a91f826a6807ec6d9e648582619a5228f73,<DATA_ROOT>/OpenAddresses_Work/Processed_GPKG/Nebraska_addresses.gpkg,PASS,,,,,,,
NE,31,Nebraska,WUI-S,500,1739138.815509131877,65742.462528376142,156622.721962491865,222365.184490868007,1961504.000000000000,0.000000000000,11.336463473481,,,,,,,,,,,,,,,,<PROJECT_ROOT>/step49_patch75_remaining44_500m_20260729T231000Z/states/NE/rasters/WUI-S/WUI_S_NE_r0500m_SILVIS_GT75.tif,c89db271addaa62499fed6b1ee48c528da4e15a82d7f27053cd5f1cc66e24360,<DATA_ROOT>/mbf_work/centroids_5070/MBF_Nebraska_centroids_5070.gpkg,PASS,1187234.000000000000,1183729.000000000000,0.000000000000,3505.000000000000,8.000000000000,1183729.000000000000,8.000000000000
NE,31,Nebraska,WUI-Z,0,1772149.000000000000,31610.000000000000,157745.000000000000,189355.000000000000,1961504.000000000000,0.000000000000,9.653561756693,,,,,,,,,,,,,,,,<PROJECT_ROOT>/step51_wuiz_ketchpaw_gt50_20260731T215644Z/states/NE/WUI_Z_NE_KETCHPAW_GT50_class.tif,4005a0335dfd9c4cd0072c4ee76a8cf46944943629e077324e0cfe906bedd6af,,PASS,,,,,,,
NH,33,New Hampshire,WUI-P,500,355569.942657876294,587464.940918748965,434494.116423374740,1021959.057342123589,1377529.000000000000,0.000000000000,74.187843402362,43177.000000000000,0.000000000000,10671.000000000000,0.000000000000,0.000000000000,32506.000000000000,0.000000000000,0.000000000000,8256.000000000000,0.000000000000,0.000000000000,26545.000000000000,0.000000000000,0.000000000000,594047.000000000000,<PROJECT_ROOT>/step49_patch75_remaining44_500m_20260729T231000Z/states/NH/rasters/WUI-P/WUI_P_NH_r0500m_SILVIS_GT75.tif,922f62076e27ae656b395696e2f9c535d3d5a38e93a85845ba345da25e374b6e,<DATA_ROOT>/OpenAddresses_Work/Processed_GPKG/NewHampshire_addresses.gpkg,PASS,,,,,,,
NH,33,New Hampshire,WUI-S,500,345735.281268729421,571955.218017496169,459838.500713774469,1031793.718731270637,1377529.000000000000,0.000000000000,74.901778382253,,,,,,,,,,,,,,,,<PROJECT_ROOT>/step49_patch75_remaining44_500m_20260729T231000Z/states/NH/rasters/WUI-S/WUI_S_NH_r0500m_SILVIS_GT75.tif,7805b1fe43885a9372d2da3ea04a4762124904bfe7310dd2b76c7334df4beb26,<DATA_ROOT>/mbf_work/centroids_5070/MBF_NewHampshire_centroids_5070.gpkg,PASS,577936.000000000000,565190.000000000000,0.000000000000,12746.000000000000,16.000000000000,565190.000000000000,16.000000000000
NH,33,New Hampshire,WUI-Z,0,347683.000000000000,569026.000000000000,460820.000000000000,1029846.000000000000,1377529.000000000000,0.000000000000,74.760386169729,,,,,,,,,,,,,,,,<PROJECT_ROOT>/step51_wuiz_ketchpaw_gt50_20260731T215644Z/states/NH/WUI_Z_NH_KETCHPAW_GT50_class.tif,acd428790f432036f04c484042efcbb1ef7ee6169cd7c510d82eb826966ad416,,PASS,,,,,,,
NJ,34,New Jersey,WUI-P,500,7033867.642075476237,513198.571801024140,1741927.786123499507,2255126.357924524229,9288994.000000000000,0.000000000000,24.277401384095,371834.000000000000,0.000000000000,141433.000000000000,0.000000000000,0.000000000000,230401.000000000000,0.000000000000,0.000000000000,81369.000000000000,0.000000000000,0.000000000000,135454.000000000000,0.000000000000,0.000000000000,2194454.000000000000,<PROJECT_ROOT>/step49_patch75_remaining44_500m_20260729T231000Z/states/NJ/rasters/WUI-P/WUI_P_NJ_r0500m_SILVIS_GT75.tif,f3824f7087d1f9c02fb014edfec316094e2b6bb608b237483cb1c669aea5d004,<DATA_ROOT>/OpenAddresses_Work/Processed_GPKG/NewJersey_addresses.gpkg,PASS,,,,,,,
NJ,34,New Jersey,WUI-S,500,7020074.038036623038,510446.517910357623,1758473.444053019630,2268919.961963376962,9288994.000000000000,0.000000000000,24.425895441028,,,,,,,,,,,,,,,,<PROJECT_ROOT>/step49_patch75_remaining44_500m_20260729T231000Z/states/NJ/rasters/WUI-S/WUI_S_NJ_r0500m_SILVIS_GT75.tif,5b0471b203c3a681aa661357dc2b1c3fea6e04578409d7ff76dbf47d6ef507bf,<DATA_ROOT>/mbf_work/centroids_5070/MBF_NewJersey_centroids_5070.gpkg,PASS,2550308.000000000000,2537048.000000000000,0.000000000000,13260.000000000000,24.000000000000,2537048.000000000000,24.000000000000
NJ,34,New Jersey,WUI-Z,0,6819030.000000000000,617649.000000000000,1852315.000000000000,2469964.000000000000,9288994.000000000000,0.000000000000,26.590220641762,,,,,,,,,,,,,,,,<PROJECT_ROOT>/step51_wuiz_ketchpaw_gt50_20260731T215644Z/states/NJ/WUI_Z_NJ_KETCHPAW_GT50_class.tif,4ce7e4d7766762f5a9d0236744849e14db1d82d9d779b7070ce4dd7c0f6c6167,,PASS,,,,,,,
NM,35,New Mexico,WUI-P,500,643978.642925306689,421830.474831261614,1051712.882243431639,1473543.357074693311,2117522.000000000000,0.000000000000,69.588101425850,80474.000000000000,0.000000000000,38478.000000000000,0.000000000000,0.000000000000,41996.000000000000,0.000000000000,0.000000000000,18259.000000000000,0.000000000000,0.000000000000,16430.000000000000,0.000000000000,0.000000000000,931803.000000000000,<PROJECT_ROOT>/step49_patch75_remaining44_500m_20260729T231000Z/states/NM/rasters/WUI-P/WUI_P_NM_r0500m_SILVIS_GT75.tif,427e733e41ece9e8e5a5fd7760b71bdafd1c2232abf813cb8d3b3a601e7a8413,<DATA_ROOT>/OpenAddresses_Work/Processed_GPKG/NewMexico_addresses.gpkg,PASS,,,,,,,
NM,35,New Mexico,WUI-S,500,615988.561068443931,431203.125395458657,1070330.313536097296,1501533.438931555953,2117522.000000000000,0.000000000000,70.909933352832,,,,,,,,,,,,,,,,<PROJECT_ROOT>/step49_patch75_remaining44_500m_20260729T231000Z/states/NM/rasters/WUI-S/WUI_S_NM_r0500m_SILVIS_GT75.tif,a2f0de72d5af393978c6ce348cce8710c5dce246b7de3f03cba59acaa79e271a,<DATA_ROOT>/mbf_work/centroids_5070/MBF_NewMexico_centroids_5070.gpkg,PASS,1037096.000000000000,1030959.000000000000,0.000000000000,6137.000000000000,24.000000000000,1030959.000000000000,24.000000000000
NM,35,New Mexico,WUI-Z,0,646704.000000000000,327045.000000000000,1143773.000000000000,1470818.000000000000,2117522.000000000000,0.000000000000,69.459396407688,,,,,,,,,,,,,,,,<PROJECT_ROOT>/step51_wuiz_ketchpaw_gt50_20260731T215644Z/states/NM/WUI_Z_NM_KETCHPAW_GT50_class.tif,59e66d75d2d7f8f5e746386fcff62db9d505c00ad727e75b78d7c64d55080b3b,,PASS,,,,,,,
NV,32,Nevada,WUI-P,500,1778572.907615344739,140355.515127582650,1185685.577257072320,1326041.092384655029,3104614.000000000000,0.000000000000,42.711947198095,132627.000000000000,0.000000000000,27403.000000000000,0.000000000000,0.000000000000,105224.000000000000,0.000000000000,0.000000000000,12200.000000000000,0.000000000000,0.000000000000,33073.000000000000,0.000000000000,0.000000000000,945032.000000000000,<PROJECT_ROOT>/step49_patch75_remaining44_500m_20260729T231000Z/states/NV/rasters/WUI-P/WUI_P_NV_r0500m_SILVIS_GT75.tif,88f44704bff0261ea1feb6865e58687b567aa073bc67a9a9b30d435bf44df2eb,<DATA_ROOT>/OpenAddresses_Work/Processed_GPKG/Nevada_addresses.gpkg,PASS,,,,,,,
NV,32,Nevada,WUI-S,500,1771114.122162466869,118055.755789361967,1215444.122048171237,1333499.877837533131,3104614.000000000000,0.000000000000,42.952195597827,,,,,,,,,,,,,,,,<PROJECT_ROOT>/step49_patch75_remaining44_500m_20260729T231000Z/states/NV/rasters/WUI-S/WUI_S_NV_r0500m_SILVIS_GT75.tif,b540100f043d65553230a66e0fa295c002a9232cd521ed118823e2da4cb709fb,<DATA_ROOT>/mbf_work/centroids_5070/MBF_Nevada_centroids_5070.gpkg,PASS,1006278.000000000000,1001268.000000000000,0.000000000000,5010.000000000000,6.000000000000,1001268.000000000000,6.000000000000
NV,32,Nevada,WUI-Z,0,1734924.000000000000,109704.000000000000,1259986.000000000000,1369690.000000000000,3104614.000000000000,0.000000000000,44.117883897966,,,,,,,,,,,,,,,,<PROJECT_ROOT>/step51_wuiz_ketchpaw_gt50_20260731T215644Z/states/NV/WUI_Z_NV_KETCHPAW_GT50_class.tif,d6fa842087ef82e307111cccec39881e9988149a08400dcc25d00ccb2d7ebd50,,PASS,,,,,,,
NY,36,New York,WUI-P,500,16832699.052355375141,1213627.780258852756,2154922.167385773733,3368549.947644626722,20201249.000000000000,0.000000000000,16.674958799056,742705.000000000000,0.000000000000,242089.000000000000,0.000000000000,0.000000000000,500611.000000000000,0.000000000000,0.000000000000,123124.000000000000,0.000000000000,0.000000000000,272217.000000000000,0.000000000000,0.000000000000,4250552.000000000000,<PROJECT_ROOT>/step49_patch75_remaining44_500m_20260729T231000Z/states/NY/rasters/WUI-P/WUI_P_NY_r0500m_SILVIS_GT75.tif,c062b3e4191e256e0a845b9266ab8395e4b3abe45a838f08794e8141dc67c28f,<DATA_ROOT>/OpenAddresses_Work/Processed_GPKG/NewYork_addresses.gpkg,PASS,,,,,,,
NY,36,New York,WUI-S,500,16810143.378034003079,1208663.966873244382,2182441.655092753004,3391105.621965997387,20201249.000000000000,0.000000000000,16.786613649314,,,,,,,,,,,,,,,,<PROJECT_ROOT>/step49_patch75_remaining44_500m_20260729T231000Z/states/NY/rasters/WUI-S/WUI_S_NY_r0500m_SILVIS_GT75.tif,98c1f3ac1d3a4fede93e1a4bfa326c83bd807fdabe0531d833f0d6a925baa9c2,<DATA_ROOT>/mbf_work/centroids_5070/MBF_NewYork_centroids_5070.gpkg,PASS,4972497.000000000000,4955014.000000000000,0.000000000000,17483.000000000000,40.000000000000,4955014.000000000000,40.000000000000
NY,36,New York,WUI-Z,0,16709366.000000000000,1286403.000000000000,2205480.000000000000,3491883.000000000000,20201249.000000000000,0.000000000000,17.285480714584,,,,,,,,,,,,,,,,<PROJECT_ROOT>/step51_wuiz_ketchpaw_gt50_20260731T215644Z/states/NY/WUI_Z_NY_KETCHPAW_GT50_class.tif,6927cfd9ce96b85a76ec1ee4785b82648315c87f304fa40dd709d81d93efff3e,,PASS,,,,,,,
OH,39,Ohio,WUI-P,500,10457719.586350783706,571873.507437652210,769854.906211566762,1341728.413649219088,11799448.000000000000,0.000000001863,11.371111713440,362635.000000000000,0.000000000000,59958.000000000000,0.000000000000,0.000000000000,302675.000000000000,0.000000000000,0.000000000000,43296.000000000000,0.000000000000,0.000000000000,207552.000000000000,0.000000000000,0.000000000000,3970920.000000000000,<PROJECT_ROOT>/step49_patch75_remaining44_500m_20260729T231000Z/states/OH/rasters/WUI-P/WUI_P_OH_r0500m_SILVIS_GT75.tif,86364adca134cbee1b18d1b472529119fdf18a496514fd07ef849c8dbfa983a8,<DATA_ROOT>/OpenAddresses_Work/Processed_GPKG/Ohio_addresses.gpkg,PASS,,,,,,,
OH,39,Ohio,WUI-S,500,10449903.718662772328,579142.937467494514,770401.343869732344,1349544.281337226741,11799448.000000000000,0.000000000000,11.437350978938,,,,,,,,,,,,,,,,<PROJECT_ROOT>/step49_patch75_remaining44_500m_20260729T231000Z/states/OH/rasters/WUI-S/WUI_S_OH_r0500m_SILVIS_GT75.tif,afb240ffe0e5799ed8352f73b421a6b9717164e9904f314622585d534baa3e00,<DATA_ROOT>/mbf_work/centroids_5070/MBF_Ohio_centroids_5070.gpkg,PASS,5544032.000000000000,5526379.000000000000,0.000000000000,17653.000000000000,38.000000000000,5526379.000000000000,38.000000000000
OH,39,Ohio,WUI-Z,0,10345225.000000000000,652492.000000000000,801731.000000000000,1454223.000000000000,11799448.000000000000,0.000000000000,12.324500264758,,,,,,,,,,,,,,,,<PROJECT_ROOT>/step51_wuiz_ketchpaw_gt50_20260731T215644Z/states/OH/WUI_Z_OH_KETCHPAW_GT50_class.tif,cb010449b816178a6d0ec5b025f7bc777b49062710bd59b7731dfe7794d5ea6b,,PASS,,,,,,,
OK,40,Oklahoma,WUI-P,500,3236402.426193954423,246706.354621771374,476244.219184274087,722950.573806045461,3959353.000000000000,0.000000000000,18.259310897665,230722.000000000000,0.000000000000,179483.000000000000,0.000000000000,0.000000000000,51239.000000000000,0.000000000000,0.000000000000,100803.000000000000,0.000000000000,0.000000000000,37814.000000000000,0.000000000000,0.000000000000,839340.000000000000,<PROJECT_ROOT>/step49_patch75_remaining44_500m_20260729T231000Z/states/OK/rasters/WUI-P/WUI_P_OK_r0500m_SILVIS_GT75.tif,a6bbb1f0d7498fc5ea078400edc33cfe208965aa1d092620084c0d83405d3bea,<DATA_ROOT>/OpenAddresses_Work/Processed_GPKG/Oklahoma_addresses.gpkg,PASS,,,,,,,
OK,40,Oklahoma,WUI-S,500,2232205.390763948206,658193.912318034563,1068953.696918017231,1727147.609236051561,3959353.000000000000,0.000000000000,43.621965741273,,,,,,,,,,,,,,,,<PROJECT_ROOT>/step49_patch75_remaining44_500m_20260729T231000Z/states/OK/rasters/WUI-S/WUI_S_OK_r0500m_SILVIS_GT75.tif,ea22625c64aa817f240a959c086f296471403f833baf68b00359b0da5a6c5308,<DATA_ROOT>/mbf_work/centroids_5070/MBF_Oklahoma_centroids_5070.gpkg,PASS,2159894.000000000000,2154903.000000000000,0.000000000000,4991.000000000000,7.000000000000,2154903.000000000000,7.000000000000
OK,40,Oklahoma,WUI-Z,0,2359940.000000000000,502576.000000000000,1096837.000000000000,1599413.000000000000,3959353.000000000000,0.000000000000,40.395817195385,,,,,,,,,,,,,,,,<PROJECT_ROOT>/step51_wuiz_ketchpaw_gt50_20260731T215644Z/states/OK/WUI_Z_OK_KETCHPAW_GT50_class.tif,2d4e244c39779d85a90246a19c1f80df546e63cc5d17b387370185a46a2aa4f3,,PASS,,,,,,,
OR,41,Oregon,WUI-P,500,2963465.898895848077,299684.329024763661,974105.772079388029,1273790.101104151923,4237256.000000000000,0.000000000000,30.061674373796,1413062.000000000000,0.000000000000,42783.000000000000,0.000000000000,0.000000000000,1370279.000000000000,0.000000000000,0.000000000000,7202.000000000000,0.000000000000,0.000000000000,209863.000000000000,0.000000000000,0.000000000000,1717391.000000000000,<PROJECT_ROOT>/step49_patch75_remaining44_500m_20260729T231000Z/states/OR/rasters/WUI-P/WUI_P_OR_r0500m_SILVIS_GT75.tif,4c67daca16d1691c56a3b7acefd919b3778bedeab9fb0851020d2b97c255db59,<DATA_ROOT>/OpenAddresses_Work/Processed_GPKG/Oregon_addresses.gpkg,PASS,,,,,,,
OR,41,Oregon,WUI-S,500,2994594.353607294615,305270.230913334060,937391.415479371208,1242661.646392705152,4237256.000000000000,0.000000000000,29.327037271119,,,,,,,,,,,,,,,,<PROJECT_ROOT>/step49_patch75_remaining44_500m_20260729T231000Z/states/OR/rasters/WUI-S/WUI_S_OR_r0500m_SILVIS_GT75.tif,3b28982f35ff9c4712d9bd4308b96dc86fc780f2d49ce56172549baf9bf20119,<DATA_ROOT>/mbf_work/centroids_5070/MBF_Oregon_centroids_5070.gpkg,PASS,1873786.000000000000,1870050.000000000000,0.000000000000,3736.000000000000,2.000000000000,1870050.000000000000,2.000000000000
OR,41,Oregon,WUI-Z,0,3019648.000000000000,252491.000000000000,965117.000000000000,1217608.000000000000,4237256.000000000000,0.000000000000,28.735766732055,,,,,,,,,,,,,,,,<PROJECT_ROOT>/step51_wuiz_ketchpaw_gt50_20260731T215644Z/states/OR/WUI_Z_OR_KETCHPAW_GT50_class.tif,19c9ae9b323987b981e93f13b8f17e6c46767c64898126056c6de24965982afa,,PASS,,,,,,,
PA,42,Pennsylvania,WUI-P,500,9101827.817072058097,1303328.667496292852,2597543.515431648586,3900872.182927940972,13002699.999999998137,-0.000000001863,30.000478230890,679154.000000000000,0.000000000000,92309.000000000000,0.000000000000,0.000000000000,586839.000000000000,0.000000000000,0.000000000000,48890.000000000000,0.000000000000,0.000000000000,387411.000000000000,0.000000000000,0.000000000000,3887266.000000000000,<PROJECT_ROOT>/step47d_patch75_four_state_psz_20260729T150314Z/PA/rasters/WUI-P/WUI_P_PA_r0500m_SILVIS_GT75.tif,3502352ddb8f4f3bc77eeff3f2d3b31ab5cdc170e50928e82ac9919abbcb6f57,<DATA_ROOT>/OpenAddresses_Work/Processed_GPKG/Pennsylvania_addresses.gpkg,PASS,,,,,,,
PA,42,Pennsylvania,WUI-S,500,8929333.584571590647,1321380.464645928703,2751985.950782480650,4073366.415428409819,13002700.000000000000,0.000000000000,31.327081417155,,,,,,,,,,,,,,,,<PROJECT_ROOT>/step47d_patch75_four_state_psz_20260729T150314Z/PA/rasters/WUI-S/WUI_S_PA_r0500m_SILVIS_GT75.tif,cae720b68f66ced686fe015a6487f3dc768ac794e12083f27dab46fe244ae62a,<DATA_ROOT>/mbf_work/centroids_5070/MBF_Pennsylvania_centroids_5070.gpkg,PASS,4965213.000000000000,4940637.000000000000,0.000000000000,24576.000000000000,45.000000000000,4940637.000000000000,45.000000000000
PA,42,Pennsylvania,WUI-Z,0,8825613.000000000000,1378130.000000000000,2798957.000000000000,4177087.000000000000,13002700.000000000000,0.000000000000,32.124766394672,,,,,,,,,,,,,,,,<PROJECT_ROOT>/step51_wuiz_ketchpaw_gt50_20260731T215644Z/states/PA/WUI_Z_PA_KETCHPAW_GT50_class.tif,159a5264aa2702d222cc8b0ebc5e3a8a87c3f3e22b4180ddcb43c841781e5060,,PASS,,,,,,,
RI,44,Rhode Island,WUI-P,500,825800.088258506265,111658.181889375759,159920.729852118035,271578.911741493735,1097379.000000000000,0.000000000000,24.747959614818,28044.000000000000,0.000000000000,15242.000000000000,0.000000000000,0.000000000000,12802.000000000000,0.000000000000,0.000000000000,11285.000000000000,0.000000000000,0.000000000000,10260.000000000000,0.000000000000,0.000000000000,332971.000000000000,<PROJECT_ROOT>/step49_patch75_remaining44_500m_20260729T231000Z/states/RI/rasters/WUI-P/WUI_P_RI_r0500m_SILVIS_GT75.tif,30015b720a46f796799340b87ea8c59b541cb18626c0262847cbc16d13698bfd,<DATA_ROOT>/OpenAddresses_Work/Processed_GPKG/RhodeIsland_addresses.gpkg,PASS,,,,,,,
RI,44,Rhode Island,WUI-S,500,825493.970950952149,114343.618822317760,157541.410226730048,271885.029049047851,1097379.000000000000,0.000000000000,24.775854927883,,,,,,,,,,,,,,,,<PROJECT_ROOT>/step49_patch75_remaining44_500m_20260729T231000Z/states/RI/rasters/WUI-S/WUI_S_RI_r0500m_SILVIS_GT75.tif,eee588941907c565ab0021aa86137654ddb0fc2e963577683b4167d6659093a9,<DATA_ROOT>/mbf_work/centroids_5070/MBF_RhodeIsland_centroids_5070.gpkg,PASS,392581.000000000000,383501.000000000000,0.000000000000,9080.000000000000,43.000000000000,383501.000000000000,43.000000000000
RI,44,Rhode Island,WUI-Z,0,814400.000000000000,113918.000000000000,169061.000000000000,282979.000000000000,1097379.000000000000,0.000000000000,25.786806563639,,,,,,,,,,,,,,,,<PROJECT_ROOT>/step51_wuiz_ketchpaw_gt50_20260731T215644Z/states/RI/WUI_Z_RI_KETCHPAW_GT50_class.tif,84df91769226b0fa97f8ad95764690beb7821dc0f03f983f078ea8b6e454b864,,PASS,,,,,,,
SC,45,South Carolina,WUI-P,500,3072478.821020380594,805988.485882171313,1239957.693097447511,2045946.178979618708,5118425.000000000000,0.000000000000,39.972182438536,460598.000000000000,0.000000000000,98025.000000000000,0.000000000000,0.000000000000,362568.000000000000,0.000000000000,0.000000000000,54821.000000000000,0.000000000000,0.000000000000,209623.000000000000,0.000000000000,0.000000000000,1906792.000000000000,<PROJECT_ROOT>/step49_patch75_remaining44_500m_20260729T231000Z/states/SC/rasters/WUI-P/WUI_P_SC_r0500m_SILVIS_GT75.tif,978101e5ba1a9ca653021dd7d880f31f9422d82d1b904ed49cd5222f19fcfe1b,<DATA_ROOT>/OpenAddresses_Work/Processed_GPKG/SouthCarolina_addresses.gpkg,PASS,,,,,,,
SC,45,South Carolina,WUI-S,500,2613843.067171552218,935605.079165652045,1568976.853662795853,2504581.932828447782,5118425.000000000000,0.000000000000,48.932668405387,,,,,,,,,,,,,,,,<PROJECT_ROOT>/step49_patch75_remaining44_500m_20260729T231000Z/states/SC/rasters/WUI-S/WUI_S_SC_r0500m_SILVIS_GT75.tif,80cd212dc0bf96e3ff03ed1f4fdc64a14db188fe18845733ca771a56b4fb1caf,<DATA_ROOT>/mbf_work/centroids_5070/MBF_SouthCarolina_centroids_5070.gpkg,PASS,2299671.000000000000,2288958.000000000000,0.000000000000,10713.000000000000,26.000000000000,2288958.000000000000,26.000000000000
SC,45,South Carolina,WUI-Z,0,2503455.000000000000,1046455.000000000000,1568515.000000000000,2614970.000000000000,5118425.000000000000,0.000000000000,51.089348774281,,,,,,,,,,,,,,,,<PROJECT_ROOT>/step51_wuiz_ketchpaw_gt50_20260731T215644Z/states/SC/WUI_Z_SC_KETCHPAW_GT50_class.tif,e90e7430165fde5df95921cb508d123ea4cd9e26e01c89f8656c72c84d35a906,,PASS,,,,,,,
SD,46,South Dakota,WUI-P,500,671521.163080997765,54649.894732380722,160495.942186621483,215145.836919002089,886667.000000000000,0.000000000000,24.264558951557,24780.000000000000,0.000000000000,4174.000000000000,0.000000000000,0.000000000000,20606.000000000000,0.000000000000,0.000000000000,2921.000000000000,0.000000000000,0.000000000000,14960.000000000000,0.000000000000,0.000000000000,499312.000000000000,<PROJECT_ROOT>/step49_patch75_remaining44_500m_20260729T231000Z/states/SD/rasters/WUI-P/WUI_P_SD_r0500m_SILVIS_GT75.tif,516bdd7323ef03478f62da29272129aa5aab2f5eac0c5f0a4e47f5ff408ec3c9,<DATA_ROOT>/OpenAddresses_Work/Processed_GPKG/SouthDakota_addresses.gpkg,PASS,,,,,,,
SD,46,South Dakota,WUI-S,500,640265.358315352467,87620.533317538706,158781.108367108798,246401.641684647591,886667.000000000000,0.000000000000,27.789648389378,,,,,,,,,,,,,,,,<PROJECT_ROOT>/step49_patch75_remaining44_500m_20260729T231000Z/states/SD/rasters/WUI-S/WUI_S_SD_r0500m_SILVIS_GT75.tif,ece4fe560b409f033590a0b037b84722f65d9229e1c8299b4181e96d778a9bd4,<DATA_ROOT>/mbf_work/centroids_5070/MBF_SouthDakota_centroids_5070.gpkg,PASS,661311.000000000000,657624.000000000000,0.000000000000,3687.000000000000,5.000000000000,657624.000000000000,5.000000000000
SD,46,South Dakota,WUI-Z,0,671829.000000000000,51122.000000000000,163716.000000000000,214838.000000000000,886667.000000000000,0.000000000000,24.229840515098,,,,,,,,,,,,,,,,<PROJECT_ROOT>/step51_wuiz_ketchpaw_gt50_20260731T215644Z/states/SD/WUI_Z_SD_KETCHPAW_GT50_class.tif,d05511f6e02a4f57ea8eadf323e32501992649ec0c43606ff800129b5f5d1024,,PASS,,,,,,,
TN,47,Tennessee,WUI-P,500,5116914.278806944378,764039.323540787562,1029886.397652268643,1793925.721193056321,6910840.000000000000,0.000000000000,25.958142876887,898221.000000000000,0.000000000000,37894.000000000000,0.000000000000,0.000000000000,860322.000000000000,0.000000000000,0.000000000000,25664.000000000000,0.000000000000,0.000000000000,496273.000000000000,0.000000000000,0.000000000000,3243500.000000000000,<PROJECT_ROOT>/step49_patch75_remaining44_500m_20260729T231000Z/states/TN/rasters/WUI-P/WUI_P_TN_r0500m_SILVIS_GT75.tif,6e38cffa082ca977476e5ddbdf9172800490767e5a0dc60ad6b4ab86d684ebdd,<DATA_ROOT>/OpenAddresses_Work/Processed_GPKG/Tennessee_addresses.gpkg,PASS,,,,,,,
TN,47,Tennessee,WUI-S,500,5121210.156422182918,720796.969511614065,1068832.874066202436,1789629.843577816617,6910840.000000000000,0.000000000000,25.895981437536,,,,,,,,,,,,,,,,<PROJECT_ROOT>/step49_patch75_remaining44_500m_20260729T231000Z/states/TN/rasters/WUI-S/WUI_S_TN_r0500m_SILVIS_GT75.tif,81b08f1b1ce6e297df634b3ff35cd3c05051ab52da1c6f3c6c09961ef9286619,<DATA_ROOT>/mbf_work/centroids_5070/MBF_Tennessee_centroids_5070.gpkg,PASS,3212306.000000000000,3197259.000000000000,0.000000000000,15047.000000000000,91.000000000000,3197259.000000000000,91.000000000000
TN,47,Tennessee,WUI-Z,0,5047598.000000000000,810347.000000000000,1052895.000000000000,1863242.000000000000,6910840.000000000000,0.000000000000,26.961150887591,,,,,,,,,,,,,,,,<PROJECT_ROOT>/step51_wuiz_ketchpaw_gt50_20260731T215644Z/states/TN/WUI_Z_TN_KETCHPAW_GT50_class.tif,10efc04522b339d4894d3ccdaffb7b44d92839fd1c119929245c51ff22f68c6d,,PASS,,,,,,,
TX,48,Texas,WUI-P,500,21958303.100193507969,1892614.144279820845,5294587.755526673980,7187201.899806495756,29145505.000000007451,0.000000007451,24.659726773671,2339216.000000000000,0.000000000000,361224.000000000000,0.000000000000,0.000000000000,1977989.000000000000,0.000000000000,0.000000000000,144772.000000000000,0.000000000000,0.000000000000,990471.000000000000,0.000000000000,0.000000000000,9416758.000000000000,<PROJECT_ROOT>/step47d_patch75_four_state_psz_20260729T150314Z/TX/rasters/WUI-P/WUI_P_TX_r0500m_SILVIS_GT75.tif,fbbb7da6e469443944125a6359f1e7d9447f4982c0ea16de683dcad8c6db5024,<LEGACY_ROOT>/WUI_TX_recovery/step18_archive_handoff_runs/texas_archive_handoff_20260722T213425Z/downstream_workspace/wui_p_rasters_pending_step19/texas_wui_p_rebuild_20260722T220430Z/step19C_inside_grid_candidate_20260723T152032Z/Texas_addresses_inside_grid_candidate_20991807.gpkg,PASS,,,,,,,
TX,48,Texas,WUI-S,500,21930034.123424243182,1851644.625037316699,5363826.251538433135,7215470.876575752161,29145504.999999992549,-0.000000007451,24.756719352009,,,,,,,,,,,,,,,,<PROJECT_ROOT>/step47d_patch75_four_state_psz_20260729T150314Z/TX/rasters/WUI-S/WUI_S_TX_r0500m_SILVIS_GT75.tif,3fdcb07134418695794e9516f43e1365b148308b11ed9c2fd39795df097d4540,<DATA_ROOT>/mbf_work/centroids_5070/MBF_Texas_centroids_5070.gpkg,PASS,10678921.000000000000,10667079.000000000000,0.000000000000,11842.000000000000,28.000000000000,10667079.000000000000,28.000000000000
TX,48,Texas,WUI-Z,0,21704441.000000000000,1742273.000000000000,5698791.000000000000,7441064.000000000000,29145505.000000000000,0.000000000000,25.530743076848,,,,,,,,,,,,,,,,<PROJECT_ROOT>/step51_wuiz_ketchpaw_gt50_20260731T215644Z/states/TX/WUI_Z_TX_KETCHPAW_GT50_class.tif,f737c5ab2bc5c43ecd0ef9e78da4cd310da5337fe56f6fe1c6541091f5b1a759,,PASS,,,,,,,
UT,49,Utah,WUI-P,500,1670614.717722660629,157072.004397173529,1443929.277880165493,1601001.282277339138,3271616.000000000000,0.000000000000,48.936100149814,143352.000000000000,0.000000000000,18938.000000000000,0.000000000000,0.000000000000,124414.000000000000,0.000000000000,0.000000000000,7498.000000000000,0.000000000000,0.000000000000,48324.000000000000,0.000000000000,0.000000000000,970068.000000000000,<PROJECT_ROOT>/step49_patch75_remaining44_500m_20260729T231000Z/states/UT/rasters/WUI-P/WUI_P_UT_r0500m_SILVIS_GT75.tif,b7ce25b99a7b0fdcc78d1dbb4a1dcea607ece2712d1d0692d9388cec49b375d2,<DATA_ROOT>/OpenAddresses_Work/Processed_GPKG/Utah_addresses.gpkg,PASS,,,,,,,
UT,49,Utah,WUI-S,500,1676203.839484613156,128620.919723218947,1466791.240792167140,1595412.160515386378,3271616.000000000000,0.000000000000,48.765263420749,,,,,,,,,,,,,,,,<PROJECT_ROOT>/step49_patch75_remaining44_500m_20260729T231000Z/states/UT/rasters/WUI-S/WUI_S_UT_r0500m_SILVIS_GT75.tif,d125d583a0b282f3bdce37ae22ad0073763e426cafe5b6438f004d61d7eec441,<DATA_ROOT>/mbf_work/centroids_5070/MBF_Utah_centroids_5070.gpkg,PASS,1081586.000000000000,1080394.000000000000,0.000000000000,1192.000000000000,3.000000000000,1080394.000000000000,3.000000000000
UT,49,Utah,WUI-Z,0,1625641.000000000000,113153.000000000000,1532822.000000000000,1645975.000000000000,3271616.000000000000,0.000000000000,50.310763854927,,,,,,,,,,,,,,,,<PROJECT_ROOT>/step51_wuiz_ketchpaw_gt50_20260731T215644Z/states/UT/WUI_Z_UT_KETCHPAW_GT50_class.tif,1a4a92810fb672f0e6f6a71ea9fe2906f3e1ea2ad1a216116f56db06e4b3b2f5,,PASS,,,,,,,
VA,51,Virginia,WUI-P,500,5343907.096575216390,1191366.888711650856,2096119.014713132055,3287485.903424782213,8631393.000000000000,0.000000000000,38.087547437879,1444378.000000000000,0.000000000000,121196.000000000000,0.000000000000,0.000000000000,1323180.000000000000,0.000000000000,0.000000000000,34624.000000000000,0.000000000000,0.000000000000,400615.000000000000,0.000000000000,0.000000000000,2983433.000000000000,<PROJECT_ROOT>/step49_patch75_remaining44_500m_20260729T231000Z/states/VA/rasters/WUI-P/WUI_P_VA_r0500m_SILVIS_GT75.tif,2d18a38e75347fa4d36960091819c3f7e675a410364d474fc8dabbcd82300822,<DATA_ROOT>/OpenAddresses_Work/Processed_GPKG/Virginia_addresses.gpkg,PASS,,,,,,,
VA,51,Virginia,WUI-S,500,5414925.852810878307,1171489.583690302214,2044977.563498819247,3216467.147189121693,8631393.000000000000,0.000000000000,37.264751439184,,,,,,,,,,,,,,,,<PROJECT_ROOT>/step49_patch75_remaining44_500m_20260729T231000Z/states/VA/rasters/WUI-S/WUI_S_VA_r0500m_SILVIS_GT75.tif,85d5930e9e24900d52e493e2a5f2c4e06c32f112fa5e7952e5d1b2d39af14f26,<DATA_ROOT>/mbf_work/centroids_5070/MBF_Virginia_centroids_5070.gpkg,PASS,3079351.000000000000,3067425.000000000000,0.000000000000,11926.000000000000,102.000000000000,3067425.000000000000,102.000000000000
VA,51,Virginia,WUI-Z,0,5255418.000000000000,1270737.000000000000,2105238.000000000000,3375975.000000000000,8631393.000000000000,0.000000000000,39.112748081335,,,,,,,,,,,,,,,,<PROJECT_ROOT>/step51_wuiz_ketchpaw_gt50_20260731T215644Z/states/VA/WUI_Z_VA_KETCHPAW_GT50_class.tif,affa939c5560b88908ce44ffa1cec3fc38fdccbdb2c9da1734893f6f6cd4964b,,PASS,,,,,,,
VT,50,Vermont,WUI-P,500,170108.937983369164,233790.481332931871,239177.580683698878,472968.062016630778,643077.000000000000,0.000000000000,73.547656348560,48666.000000000000,0.000000000000,7773.000000000000,0.000000000000,0.000000000000,40893.000000000000,0.000000000000,0.000000000000,3209.000000000000,0.000000000000,0.000000000000,18340.000000000000,0.000000000000,0.000000000000,323305.000000000000,<PROJECT_ROOT>/step49_patch75_remaining44_500m_20260729T231000Z/states/VT/rasters/WUI-P/WUI_P_VT_r0500m_SILVIS_GT75.tif,f3d6c7aad5d4f650e73328fbb7382b10254e9d21c3fdb773e027150889135450,<DATA_ROOT>/OpenAddresses_Work/Processed_GPKG/Vermont_addresses.gpkg,PASS,,,,,,,
VT,50,Vermont,WUI-S,500,170835.046972968907,232102.559393839765,240139.393633191270,472241.953027031093,643077.000000000000,0.000000000000,73.434744677081,,,,,,,,,,,,,,,,<PROJECT_ROOT>/step49_patch75_remaining44_500m_20260729T231000Z/states/VT/rasters/WUI-S/WUI_S_VT_r0500m_SILVIS_GT75.tif,0f87aefc7b6b160252b3529ffc0cfefb37717ffc233ab244c5bfaa60c9c49f90,<DATA_ROOT>/mbf_work/centroids_5070/MBF_Vermont_centroids_5070.gpkg,PASS,351266.000000000000,345901.000000000000,0.000000000000,5365.000000000000,10.000000000000,345901.000000000000,10.000000000000
VT,50,Vermont,WUI-Z,0,205808.000000000000,206986.000000000000,230283.000000000000,437269.000000000000,643077.000000000000,0.000000000000,67.996367464549,,,,,,,,,,,,,,,,<PROJECT_ROOT>/step51_wuiz_ketchpaw_gt50_20260731T215644Z/states/VT/WUI_Z_VT_KETCHPAW_GT50_class.tif,3103b1bb4333daea11692cbb68700b300c2ea6bf7ed674861a789dff33b7d597,,PASS,,,,,,,
WA,53,Washington,WUI-P,500,5388319.609799237922,563519.928712829365,1753441.461487931898,2316961.390200760681,7705280.999999998137,-0.000000000931,30.069784478993,818146.000000000000,0.000000000000,101738.000000000000,0.000000000000,0.000000000000,716408.000000000000,0.000000000000,0.000000000000,29231.000000000000,0.000000000000,0.000000000000,256306.000000000000,0.000000000000,0.000000000000,2656345.000000000000,<PROJECT_ROOT>/step49_patch75_remaining44_500m_20260729T231000Z/states/WA/rasters/WUI-P/WUI_P_WA_r0500m_SILVIS_GT75.tif,d7f26ec10601c19c6c24f6dfb4414179b8c927563fc228582d26eadc0078217d,<DATA_ROOT>/OpenAddresses_Work/Processed_GPKG/Washington_addresses.gpkg,PASS,,,,,,,
WA,53,Washington,WUI-S,500,5382987.091657157056,584227.380525815068,1738066.527817028342,2322293.908342843875,7705281.000000001863,0.000000000931,30.138990496814,,,,,,,,,,,,,,,,<PROJECT_ROOT>/step49_patch75_remaining44_500m_20260729T231000Z/states/WA/rasters/WUI-S/WUI_S_WA_r0500m_SILVIS_GT75.tif,4a54d427c8a6abfa4c1885161ca60fad668bd507e526fe2dd371fe15c648391e,<DATA_ROOT>/mbf_work/centroids_5070/MBF_Washington_centroids_5070.gpkg,PASS,3128258.000000000000,3123522.000000000000,0.000000000000,4736.000000000000,6.000000000000,3123522.000000000000,6.000000000000
WA,53,Washington,WUI-Z,0,5301568.000000000000,595393.000000000000,1808320.000000000000,2403713.000000000000,7705281.000000000000,0.000000000000,31.195656589292,,,,,,,,,,,,,,,,<PROJECT_ROOT>/step51_wuiz_ketchpaw_gt50_20260731T215644Z/states/WA/WUI_Z_WA_KETCHPAW_GT50_class.tif,1bfe9ed34a156227449dc21052eca0988b0a44849fe5d4951798ee6c19ecc85b,,PASS,,,,,,,
WI,55,Wisconsin,WUI-P,500,4808678.067816222087,497828.520617274800,587211.411566502531,1085039.932183777448,5893717.999999999069,-0.000000000931,18.410109411135,904065.000000000000,0.000000000000,146738.000000000000,0.000000000000,0.000000000000,757327.000000000000,0.000000000000,0.000000000000,69377.000000000000,0.000000000000,0.000000000000,452865.000000000000,0.000000000000,0.000000000000,4273142.000000000000,<PROJECT_ROOT>/step49_patch75_remaining44_500m_20260729T231000Z/states/WI/rasters/WUI-P/WUI_P_WI_r0500m_SILVIS_GT75.tif,77ea35f7449860db913f63cb938cb2170d818fbadb224dc13f18bf2514aef4bf,<DATA_ROOT>/OpenAddresses_Work/Processed_GPKG/Wisconsin_addresses.gpkg,PASS,,,,,,,
WI,55,Wisconsin,WUI-S,500,4918532.867153069004,401448.654130584328,573736.478716345853,975185.132846929948,5893717.999999999069,-0.000000000931,16.546179047707,,,,,,,,,,,,,,,,<PROJECT_ROOT>/step49_patch75_remaining44_500m_20260729T231000Z/states/WI/rasters/WUI-S/WUI_S_WI_r0500m_SILVIS_GT75.tif,bbba82195ec9222bbcf46786cdc459d67b7cd4334a014a8834c055b4218a2d33,<DATA_ROOT>/mbf_work/centroids_5070/MBF_Wisconsin_centroids_5070.gpkg,PASS,3173347.000000000000,3161552.000000000000,0.000000000000,11795.000000000000,12.000000000000,3161552.000000000000,12.000000000000
WI,55,Wisconsin,WUI-Z,0,5001708.000000000000,370585.000000000000,521425.000000000000,892010.000000000000,5893718.000000000000,0.000000000000,15.134928410216,,,,,,,,,,,,,,,,<PROJECT_ROOT>/step51_wuiz_ketchpaw_gt50_20260731T215644Z/states/WI/WUI_Z_WI_KETCHPAW_GT50_class.tif,95897a608a4c90e02f7d2ba6760f12948bfcdf5bc5c63474da43e377922b92ba,,PASS,,,,,,,
WV,54,West Virginia,WUI-P,500,311009.633763000253,709492.996418150840,773213.369818848907,1482706.366236999864,1793716.000000000000,0.000000000000,82.661155179359,171081.000000000000,0.000000000000,2511.000000000000,0.000000000000,0.000000000000,168568.000000000000,0.000000000000,0.000000000000,959.000000000000,0.000000000000,0.000000000000,60382.000000000000,0.000000000000,0.000000000000,990318.000000000000,<PROJECT_ROOT>/step49_patch75_remaining44_500m_20260729T231000Z/states/WV/rasters/WUI-P/WUI_P_WV_r0500m_SILVIS_GT75.tif,5cd13b428215f9d03ebde1c16ce63e06c1152632cf8148c68e68327c91dad99b,<DATA_ROOT>/OpenAddresses_Work/Processed_GPKG/WestVirginia_addresses.gpkg,PASS,,,,,,,
WV,54,West Virginia,WUI-S,500,324351.383134486328,693266.290742930025,776098.326122583705,1469364.616865513613,1793716.000000000000,0.000000000000,81.917350175028,,,,,,,,,,,,,,,,<PROJECT_ROOT>/step49_patch75_remaining44_500m_20260729T231000Z/states/WV/rasters/WUI-S/WUI_S_WV_r0500m_SILVIS_GT75.tif,0b62b04575e3eae8f50c50b173fbeed48c1571cee0806e5d08b50580d45de7f2,<DATA_ROOT>/mbf_work/centroids_5070/MBF_WestVirginia_centroids_5070.gpkg,PASS,1055625.000000000000,1022048.000000000000,0.000000000000,33577.000000000000,56.000000000000,1022048.000000000000,56.000000000000
WV,54,West Virginia,WUI-Z,0,452358.000000000000,547328.000000000000,794030.000000000000,1341358.000000000000,1793716.000000000000,0.000000000000,74.780957520589,,,,,,,,,,,,,,,,<PROJECT_ROOT>/step51_wuiz_ketchpaw_gt50_20260731T215644Z/states/WV/WUI_Z_WV_KETCHPAW_GT50_class.tif,ac6dadd36cd3f888de96c043eb2b7b9e52ccd2084d365ce97c066f361859e120,,PASS,,,,,,,
WY,56,Wyoming,WUI-P,500,97026.737238094269,96915.863556536715,382908.399205368944,479824.262761905673,576851.000000000000,0.000000000000,83.179930824755,66252.000000000000,0.000000000000,48243.000000000000,0.000000000000,0.000000000000,18009.000000000000,0.000000000000,0.000000000000,11395.000000000000,0.000000000000,0.000000000000,10381.000000000000,0.000000000000,0.000000000000,417769.000000000000,<PROJECT_ROOT>/step49_patch75_remaining44_500m_20260729T231000Z/states/WY/rasters/WUI-P/WUI_P_WY_r0500m_SILVIS_GT75.tif,1d85c1219640509104a3554d7215985768b6c573d8a771a363aa38bcab68030e,<DATA_ROOT>/OpenAddresses_Work/Processed_GPKG/Wyoming_addresses.gpkg,PASS,,,,,,,
WY,56,Wyoming,WUI-S,500,76682.139677001600,108592.562056377705,391576.298266620724,500168.860322998371,576851.000000000000,0.000000000000,86.706768354913,,,,,,,,,,,,,,,,<PROJECT_ROOT>/step49_patch75_remaining44_500m_20260729T231000Z/states/WY/rasters/WUI-S/WUI_S_WY_r0500m_SILVIS_GT75.tif,969933ff914c989e0fe366b039d936bd62400ec741eef637d1cb3d9d71cece8e,<DATA_ROOT>/mbf_work/centroids_5070/MBF_Wyoming_centroids_5070.gpkg,PASS,386518.000000000000,385216.000000000000,0.000000000000,1302.000000000000,4.000000000000,385216.000000000000,4.000000000000
WY,56,Wyoming,WUI-Z,0,117873.000000000000,61346.000000000000,397632.000000000000,458978.000000000000,576851.000000000000,0.000000000000,79.566127128149,,,,,,,,,,,,,,,,<PROJECT_ROOT>/step51_wuiz_ketchpaw_gt50_20260731T215644Z/states/WY/WUI_Z_WY_KETCHPAW_GT50_class.tif,93dcbb398911f7a85a787bad9f91a83a05b91d22c8bfd8fbd2fb4d6aedfeac5d,,PASS,,,,,,,
