state,STATEFP,state_name,method,buffer_m,nonwui_area_km2,intermix_area_km2,interface_area_km2,wui_area_km2,valid_area_km2,classification_path,classification_sha256
AL,1,Alabama,WUI-P,500,111025.445399999997,16722.321300000000,8019.657900000000,24741.979200000002,135767.424599999998,<PROJECT_ROOT>/step49_patch75_remaining44_500m_20260729T231000Z/states/AL/rasters/WUI-P/WUI_P_AL_r0500m_SILVIS_GT75.tif,46c5870f529efae506506b505e4d5be909533a2cb32f6a0cfabb6f4f690da2b4
AL,1,Alabama,WUI-S,500,95779.449900000007,26702.795699999999,13285.179000000000,39987.974699999999,135767.424599999998,<PROJECT_ROOT>/step49_patch75_remaining44_500m_20260729T231000Z/states/AL/rasters/WUI-S/WUI_S_AL_r0500m_SILVIS_GT75.tif,1a8f24ca14156d73ce8d32f1d736601db52e70900389c5b5416264aa57503ae2
AL,1,Alabama,WUI-Z,0,106011.595799999996,20784.624299999999,8971.204500000000,29755.828799999999,135767.424599999998,<PROJECT_ROOT>/step51_wuiz_ketchpaw_gt50_20260731T215644Z/states/AL/WUI_Z_AL_KETCHPAW_GT50_class.tif,34fd1702029bdf64a1b198c4d21673c5b5f63e683d9dd54ac6db5947ae84233c
AR,5,Arkansas,WUI-P,500,113612.247900000002,16759.584899999998,7410.971700000000,24170.556600000000,137782.804499999998,<PROJECT_ROOT>/step49_patch75_remaining44_500m_20260729T231000Z/states/AR/rasters/WUI-P/WUI_P_AR_r0500m_SILVIS_GT75.tif,61a3db3712bc3d0869fda853b5b45da39ac438576f1c6a661482f6248ee4ceb4
AR,5,Arkansas,WUI-S,500,111941.952300000004,17012.276099999999,8828.576100000000,25840.852200000001,137782.804499999998,<PROJECT_ROOT>/step49_patch75_remaining44_500m_20260729T231000Z/states/AR/rasters/WUI-S/WUI_S_AR_r0500m_SILVIS_GT75.tif,b6e269c6beb53655dd6110cefc498648546cd139b4666e940fe61bea48c20d0c
AR,5,Arkansas,WUI-Z,0,122081.543999999994,10766.128500000001,4935.132000000000,15701.260500000000,137782.804499999998,<PROJECT_ROOT>/step51_wuiz_ketchpaw_gt50_20260731T215644Z/states/AR/WUI_Z_AR_KETCHPAW_GT50_class.tif,0be0a743d1d65a6be82d765568d709a3f4072fae3491a2b27a85fd5dae52b879
AZ,4,Arizona,WUI-P,500,280285.236900000018,11352.345300000001,3582.318600000000,14934.663900000000,295219.900800000003,<PROJECT_ROOT>/step49_patch75_remaining44_500m_20260729T231000Z/states/AZ/rasters/WUI-P/WUI_P_AZ_r0500m_SILVIS_GT75.tif,21262d2dd67a01a85fd64b37b17b15f95dd37c02540bd6070f128bbba5a4d90f
AZ,4,Arizona,WUI-S,500,280096.754399999976,11458.138499999999,3665.007900000000,15123.146400000000,295219.900800000003,<PROJECT_ROOT>/step49_patch75_remaining44_500m_20260729T231000Z/states/AZ/rasters/WUI-S/WUI_S_AZ_r0500m_SILVIS_GT75.tif,1eca343dac949c4d23aba03ec11b654f787929553da037f0b61408d922c014b0
AZ,4,Arizona,WUI-Z,0,285158.843999999983,7154.026200000000,2907.030600000000,10061.056800000000,295219.900800000003,<PROJECT_ROOT>/step51_wuiz_ketchpaw_gt50_20260731T215644Z/states/AZ/WUI_Z_AZ_KETCHPAW_GT50_class.tif,f89a761b82b29001baf56b87181b87ebf7a02a4aaee9c32328eef45aa9d06ce7
CA,6,California,WUI-P,500,379826.078399999999,32233.419000000002,11905.798500000001,44139.217499999999,423965.295900000026,<PROJECT_ROOT>/step47d_patch75_four_state_psz_20260729T150314Z/CA/rasters/WUI-P/WUI_P_CA_r0500m_SILVIS_GT75.tif,6aafa06a9f81aba1e5b5d6b02e6537dee5b050b87d7883f8e1dbd27c2d3c2c80
CA,6,California,WUI-S,500,381928.878900000011,29273.156100000000,12763.260899999999,42036.417000000001,423965.295900000026,<PROJECT_ROOT>/step47d_patch75_four_state_psz_20260729T150314Z/CA/rasters/WUI-S/WUI_S_CA_r0500m_SILVIS_GT75.tif,873fe383c7904fa821129c97325bb2d0dfeda2fa5ce78837255128dec7407b5d
CA,6,California,WUI-Z,0,394086.287699999986,20263.266899999999,9615.741300000000,29879.008200000000,423965.295900000026,<PROJECT_ROOT>/step51_wuiz_ketchpaw_gt50_20260731T215644Z/states/CA/WUI_Z_CA_KETCHPAW_GT50_class.tif,ce01d84cba996a7a33cfd98d136918468b6c1832c515150b4863cef6e5211d70
CO,8,Colorado,WUI-P,500,248671.185300000012,16356.241800000000,4577.068800000000,20933.310600000001,269604.495899999980,<PROJECT_ROOT>/step47_patch75_silvis_colorado_canary_20260729T034216Z/WUI_P_CO_r0500m_SILVIS_GT75_CANARY.tif,25433fd37a8922cd07cdc3b735ff6bfd5106859327b76b80c0f832767ba78eff
CO,8,Colorado,WUI-S,500,247547.706299999991,16188.054300000000,5868.735300000000,22056.789600000000,269604.495899999980,<PROJECT_ROOT>/step47_patch75_silvis_colorado_canary_20260729T034216Z/WUI_S_CO_r0500m_SILVIS_GT75_CANARY.tif,dfffcce3122bb6f2149c7cc2c8aadb1184c2c2b1481b43eddf604dfc930acc2b
CO,8,Colorado,WUI-Z,0,259210.216799999995,7190.431200000000,3203.847900000000,10394.279100000000,269604.495899999980,<PROJECT_ROOT>/step51_wuiz_ketchpaw_gt50_20260731T215644Z/states/CO/WUI_Z_CO_KETCHPAW_GT50_class.tif,cdd86d650e22dc8c77bfaba22796463acf8fc958baafeb48b3a6ff1dbcba8271
CT,9,Connecticut,WUI-P,500,5777.763300000000,6665.417100000000,1914.930900000000,8580.348000000000,14358.111300000000,<PROJECT_ROOT>/step49_patch75_remaining44_500m_20260729T231000Z/states/CT/rasters/WUI-P/WUI_P_CT_r0500m_SILVIS_GT75.tif,45abeffe0159fbf0cb711a568b9b942b465ed4fb34f34adec6dca0f681278158
CT,9,Connecticut,WUI-S,500,5597.312400000000,6809.286599999999,1951.512300000000,8760.798900000000,14358.111300000000,<PROJECT_ROOT>/step49_patch75_remaining44_500m_20260729T231000Z/states/CT/rasters/WUI-S/WUI_S_CT_r0500m_SILVIS_GT75.tif,ed5950cfef1c661e286e309c8d1e2b33845c0fb10ceeef7d30e3a46ebe825e5c
CT,9,Connecticut,WUI-Z,0,5496.692400000000,7137.065700000000,1724.353200000000,8861.418900000001,14358.111300000000,<PROJECT_ROOT>/step51_wuiz_ketchpaw_gt50_20260731T215644Z/states/CT/WUI_Z_CT_KETCHPAW_GT50_class.tif,0b65d91c81ef58bf48d3f13245719aacba518dbc351eb6af17a11258b70eba03
DC,11,District of Columbia,WUI-P,500,170.136900000000,6.891300000000,0.000000000000,6.891300000000,177.028200000000,<PROJECT_ROOT>/step49_patch75_remaining44_500m_20260729T231000Z/states/DC/rasters/WUI-P/WUI_P_DC_r0500m_SILVIS_GT75.tif,a426197d2489f674504bc000e257e97053feee2a415be9954fb57e9282296603
DC,11,District of Columbia,WUI-S,500,171.121500000000,5.906700000000,0.000000000000,5.906700000000,177.028200000000,<PROJECT_ROOT>/step49_patch75_remaining44_500m_20260729T231000Z/states/DC/rasters/WUI-S/WUI_S_DC_r0500m_SILVIS_GT75.tif,d52b060d3951fb427f97217c3e0399e7b6ad2f9db8524007d6285a70f5b10318
DC,11,District of Columbia,WUI-Z,0,175.186800000000,1.841400000000,0.000000000000,1.841400000000,177.028200000000,<PROJECT_ROOT>/step51_wuiz_ketchpaw_gt50_20260731T215644Z/states/DC/WUI_Z_DC_KETCHPAW_GT50_class.tif,608908f0242fab34cc6523d8d832a7e8518ba087170fdc963471fc1fde2ddd6a
DE,10,Delaware,WUI-P,500,5327.388000000000,802.960200000000,315.577800000000,1118.538000000000,6445.925999999999,<PROJECT_ROOT>/step49_patch75_remaining44_500m_20260729T231000Z/states/DE/rasters/WUI-P/WUI_P_DE_r0500m_SILVIS_GT75.tif,c119ca3ded673c75fdd70d5a3dd0f056500f0371a8b0208a3952895ad1dd67c9
DE,10,Delaware,WUI-S,500,5398.908300000000,735.696900000000,311.320800000000,1047.017700000000,6445.925999999999,<PROJECT_ROOT>/step49_patch75_remaining44_500m_20260729T231000Z/states/DE/rasters/WUI-S/WUI_S_DE_r0500m_SILVIS_GT75.tif,25e6eb1ec95cc721688274b2e44917ece6b6e5f23bc8226359d061d9e74f63c1
DE,10,Delaware,WUI-Z,0,5358.032099999999,770.964300000000,316.929600000000,1087.893900000000,6445.925999999999,<PROJECT_ROOT>/step51_wuiz_ketchpaw_gt50_20260731T215644Z/states/DE/WUI_Z_DE_KETCHPAW_GT50_class.tif,63fda2360df3a799fc5f2134aa2370557ab138c47523f4e42ae24276b647ff17
FL,12,Florida,WUI-P,500,143775.300599999988,27117.078300000001,14042.034000000000,41159.112300000001,184934.412899999996,<PROJECT_ROOT>/step47d_patch75_four_state_psz_20260729T150314Z/FL/rasters/WUI-P/WUI_P_FL_r0500m_SILVIS_GT75.tif,89190934e2fdae78061545a6361297d33749f3a625579eda130a7b419663f84f
FL,12,Florida,WUI-S,500,156246.155100000004,16381.274400000000,12306.983399999999,28688.257799999999,184934.412899999996,<PROJECT_ROOT>/step47d_patch75_four_state_psz_20260729T150314Z/FL/rasters/WUI-S/WUI_S_FL_r0500m_SILVIS_GT75.tif,05172abd3dcd76403c32036a745ba1cbe9db8f2881f9868cff226452068f4fc2
FL,12,Florida,WUI-Z,0,158402.617200000008,15999.554700000001,10532.241000000000,26531.795699999999,184934.412899999996,<PROJECT_ROOT>/step51_wuiz_ketchpaw_gt50_20260731T215644Z/states/FL/WUI_Z_FL_KETCHPAW_GT50_class.tif,7724229d701a2801f1f351d919b0801c85961e43c87e24397fabe7f4a389e693
GA,13,Georgia,WUI-P,500,115313.970600000001,27093.577499999999,11497.401000000000,38590.978499999997,153904.949099999998,<PROJECT_ROOT>/step49_patch75_remaining44_500m_20260729T231000Z/states/GA/rasters/WUI-P/WUI_P_GA_r0500m_SILVIS_GT75.tif,efc029a9514af08a25a06a0226a93c2bd0ffe598b13ce981ff3cd3cbc43b9e6e
GA,13,Georgia,WUI-S,500,103478.684399999998,34279.953300000001,16146.311400000001,50426.264700000000,153904.949099999998,<PROJECT_ROOT>/step49_patch75_remaining44_500m_20260729T231000Z/states/GA/rasters/WUI-S/WUI_S_GA_r0500m_SILVIS_GT75.tif,7e2cce7ad24b6c106ec847051dab6d1077e68a3670fc620e2ca4f0a14d02d65c
GA,13,Georgia,WUI-Z,0,114307.841700000004,29171.716199999999,10425.391200000000,39597.107400000001,153904.949099999998,<PROJECT_ROOT>/step51_wuiz_ketchpaw_gt50_20260731T215644Z/states/GA/WUI_Z_GA_KETCHPAW_GT50_class.tif,47843719a74305d424631a358eb99ff97986eeaa0fa94aacf8f0c875b1170120
IA,19,Iowa,WUI-P,500,143404.022700000001,1909.522800000000,432.215100000000,2341.737900000000,145745.760600000009,<PROJECT_ROOT>/step49_patch75_remaining44_500m_20260729T231000Z/states/IA/rasters/WUI-P/WUI_P_IA_r0500m_SILVIS_GT75.tif,e7e946c923d6b883d3c28010ef1fd39a9d9200aff2f51791a25dacd4c9f94665
IA,19,Iowa,WUI-S,500,142789.114800000010,2194.127100000000,762.518700000000,2956.645800000000,145745.760600000009,<PROJECT_ROOT>/step49_patch75_remaining44_500m_20260729T231000Z/states/IA/rasters/WUI-S/WUI_S_IA_r0500m_SILVIS_GT75.tif,76cbf960990d313343547ad54eb4a8b72403cb964e65fa8b9662d93b2678f482
IA,19,Iowa,WUI-Z,0,144678.603600000002,864.574200000000,202.582800000000,1067.157000000000,145745.760600000009,<PROJECT_ROOT>/step51_wuiz_ketchpaw_gt50_20260731T215644Z/states/IA/WUI_Z_IA_KETCHPAW_GT50_class.tif,9e1fa29a5a49aa06e3d57197f5fffe4278c42ccff9439c832f09988e561c2d76
ID,16,Idaho,WUI-P,500,203419.689299999998,7780.474800000000,5241.276000000000,13021.750800000000,216441.440100000007,<PROJECT_ROOT>/step49_patch75_remaining44_500m_20260729T231000Z/states/ID/rasters/WUI-P/WUI_P_ID_r0500m_SILVIS_GT75.tif,ab4bf59942c706e28844c31ebaf3334dd2961f1e045bc6283bfbca6d96f8b305
ID,16,Idaho,WUI-S,500,204370.191900000005,6958.988100000000,5112.260100000000,12071.248200000000,216441.440100000007,<PROJECT_ROOT>/step49_patch75_remaining44_500m_20260729T231000Z/states/ID/rasters/WUI-S/WUI_S_ID_r0500m_SILVIS_GT75.tif,fabeabdb57966836f2ce8ce9e745ddcc62ec8318f8ccf295ee6a829cf59dc0cf
ID,16,Idaho,WUI-Z,0,211559.355899999995,2821.074300000000,2061.009900000000,4882.084200000000,216441.440100000007,<PROJECT_ROOT>/step51_wuiz_ketchpaw_gt50_20260731T215644Z/states/ID/WUI_Z_ID_KETCHPAW_GT50_class.tif,67b7660d51ff7f302af20bcb7848af8f05e977e9708afefd9273ff5d730e22cb
IL,17,Illinois,WUI-P,500,145337.960699999996,3520.582200000000,1136.523600000000,4657.105800000000,149995.066499999986,<PROJECT_ROOT>/step49_patch75_remaining44_500m_20260729T231000Z/states/IL/rasters/WUI-P/WUI_P_IL_r0500m_SILVIS_GT75.tif,24c392cf63fc66b3206220f64f1a8bf496346182be1255005539bc1f2c48e77f
IL,17,Illinois,WUI-S,500,142387.823700000008,5454.711000000000,2152.531800000000,7607.242800000000,149995.066499999986,<PROJECT_ROOT>/step49_patch75_remaining44_500m_20260729T231000Z/states/IL/rasters/WUI-S/WUI_S_IL_r0500m_SILVIS_GT75.tif,4a9ad32a24b42c611e83e1fec6817a9baa4a1b2cb9811ddfac0cf40951100249
IL,17,Illinois,WUI-Z,0,146103.308099999995,2712.156300000000,1179.602100000000,3891.758400000000,149995.066499999986,<PROJECT_ROOT>/step51_wuiz_ketchpaw_gt50_20260731T215644Z/states/IL/WUI_Z_IL_KETCHPAW_GT50_class.tif,27c262fc0470462be642e9b9a21612fc8626c72d543e1734ef9dd7a3fc8a6797
IN,18,Indiana,WUI-P,500,83717.394300000000,7735.581000000000,2877.706800000000,10613.287800000000,94330.682100000005,<PROJECT_ROOT>/step49_patch75_remaining44_500m_20260729T231000Z/states/IN/rasters/WUI-P/WUI_P_IN_r0500m_SILVIS_GT75.tif,b417a1c4d6178af1bd8b06d3561f5af211d8d38a0c865bc964f6ef700e5770a2
IN,18,Indiana,WUI-S,500,81781.227899999998,9011.877300000000,3537.576900000000,12549.454200000000,94330.682100000005,<PROJECT_ROOT>/step49_patch75_remaining44_500m_20260729T231000Z/states/IN/rasters/WUI-S/WUI_S_IN_r0500m_SILVIS_GT75.tif,c0c23b2a558574b4834c02fbc7f1b98fb5d7842271891494f788650f75a307d1
IN,18,Indiana,WUI-Z,0,85005.352799999979,6799.258800000000,2526.070500000000,9325.329299999999,94330.682100000005,<PROJECT_ROOT>/step51_wuiz_ketchpaw_gt50_20260731T215644Z/states/IN/WUI_Z_IN_KETCHPAW_GT50_class.tif,9117f1c7008374b10b331b825b758d87dbe6a63f80e6228455244840f2ff75e7
KS,20,Kansas,WUI-P,500,206021.918700000009,4559.950800000000,2517.968700000000,7077.919500000000,213099.838199999998,<PROJECT_ROOT>/step49_patch75_remaining44_500m_20260729T231000Z/states/KS/rasters/WUI-P/WUI_P_KS_r0500m_SILVIS_GT75.tif,fabd852f5451f9724dc2e918817f6e88c675b506d8f10edb8afccea9cf43cc4e
KS,20,Kansas,WUI-S,500,199115.923500000004,9046.186200000000,4937.728500000000,13983.914699999999,213099.838199999998,<PROJECT_ROOT>/step49_patch75_remaining44_500m_20260729T231000Z/states/KS/rasters/WUI-S/WUI_S_KS_r0500m_SILVIS_GT75.tif,5968443d024314f13eee6db74a31f7e4937da536ebe74957b094a8dd61e48464
KS,20,Kansas,WUI-Z,0,210560.449499999988,1654.060500000000,885.328200000000,2539.388700000000,213099.838199999998,<PROJECT_ROOT>/step51_wuiz_ketchpaw_gt50_20260731T215644Z/states/KS/WUI_Z_KS_KETCHPAW_GT50_class.tif,e8b3338b04c71aff1f40d541d8e4a2fc0bfc3d0485d18007a3f6a59f19c7e3b8
KY,21,Kentucky,WUI-P,500,78772.381200000003,19828.699199999999,6049.665900000000,25878.365099999999,104650.746299999999,<PROJECT_ROOT>/step49_patch75_remaining44_500m_20260729T231000Z/states/KY/rasters/WUI-P/WUI_P_KY_r0500m_SILVIS_GT75.tif,cf8f3e4380180a7fe8844ffb330826a25a99392e8484033ba631b479b13e9a0d
KY,21,Kentucky,WUI-S,500,74967.799499999979,22380.770700000001,7302.176100000000,29682.946800000002,104650.746299999999,<PROJECT_ROOT>/step49_patch75_remaining44_500m_20260729T231000Z/states/KY/rasters/WUI-S/WUI_S_KY_r0500m_SILVIS_GT75.tif,7cfd9fa495aa520d082889f67a880ef20331745d28bd76f24b966b963318cf4d
KY,21,Kentucky,WUI-Z,0,82948.546799999982,16416.375300000000,5285.824200000000,21702.199499999999,104650.746299999999,<PROJECT_ROOT>/step51_wuiz_ketchpaw_gt50_20260731T215644Z/states/KY/WUI_Z_KY_KETCHPAW_GT50_class.tif,c5c9af2a066351aca378bd97099c38352a05b336dc1e8b4ce89eaaf2426e5e8b
LA,22,Louisiana,WUI-P,500,121092.922800000000,9869.418000000000,4689.311400000000,14558.729400000000,135651.652199999982,<PROJECT_ROOT>/step49_patch75_remaining44_500m_20260729T231000Z/states/LA/rasters/WUI-P/WUI_P_LA_r0500m_SILVIS_GT75.tif,e38c2142509ba6d33e89b93bef8af0074b0e52d8286b8adfe4568c24b4cbb57b
LA,22,Louisiana,WUI-S,500,113730.820200000002,14220.796500000000,7700.035500000000,21920.831999999999,135651.652199999982,<PROJECT_ROOT>/step49_patch75_remaining44_500m_20260729T231000Z/states/LA/rasters/WUI-S/WUI_S_LA_r0500m_SILVIS_GT75.tif,26da5e1f315995ee927a5276b95cef56822ac562837f8513116a0cf70f949197
LA,22,Louisiana,WUI-Z,0,118155.323699999994,11641.554000000000,5854.774500000000,17496.328500000000,135651.652199999982,<PROJECT_ROOT>/step51_wuiz_ketchpaw_gt50_20260731T215644Z/states/LA/WUI_Z_LA_KETCHPAW_GT50_class.tif,4d1775f886295102441c308006d50f4b995a43272902d3876afe58cea656bd6b
MA,25,Massachusetts,WUI-P,500,14695.213500000000,9136.427400000000,3503.376000000000,12639.803400000001,27335.016899999999,<PROJECT_ROOT>/step49_patch75_remaining44_500m_20260729T231000Z/states/MA/rasters/WUI-P/WUI_P_MA_r0500m_SILVIS_GT75.tif,a65794fa24f2c975c118abff0f8559c9cfd86c0c4f7a1bf2fc407815b32d31fc
MA,25,Massachusetts,WUI-S,500,14400.412200000001,9400.302900000001,3534.301800000000,12934.604700000000,27335.016899999999,<PROJECT_ROOT>/step49_patch75_remaining44_500m_20260729T231000Z/states/MA/rasters/WUI-S/WUI_S_MA_r0500m_SILVIS_GT75.tif,d54d9aa5cd614ce2b05d67779ba6da1585add50f09ec2833b24e299895c6e800
MA,25,Massachusetts,WUI-Z,0,14583.483000000000,9734.302799999999,3017.231100000000,12751.533900000000,27335.016899999999,<PROJECT_ROOT>/step51_wuiz_ketchpaw_gt50_20260731T215644Z/states/MA/WUI_Z_MA_KETCHPAW_GT50_class.tif,ddc38455a86da5f38c32eea1c82d50242b67960af5a82d226b64ed2db952c795
MD,24,Maryland,WUI-P,500,21946.633200000000,7230.902400000000,2953.548000000000,10184.450400000000,32131.083600000002,<PROJECT_ROOT>/step49_patch75_remaining44_500m_20260729T231000Z/states/MD/rasters/WUI-P/WUI_P_MD_r0500m_SILVIS_GT75.tif,d51c77c96318e28ce48f502da500a31e416ea340b9f5a28a63c4a41595880a9d
MD,24,Maryland,WUI-S,500,23139.440999999999,6054.688800000000,2936.953800000000,8991.642599999999,32131.083600000002,<PROJECT_ROOT>/step49_patch75_remaining44_500m_20260729T231000Z/states/MD/rasters/WUI-S/WUI_S_MD_r0500m_SILVIS_GT75.tif,fe8b7a29a79dd8a1e500827d2b9a9ac17317fcd1f4766e7310d8316e02d7c252
MD,24,Maryland,WUI-Z,0,23896.809900000000,5974.163100000000,2260.110600000000,8234.273700000000,32131.083600000002,<PROJECT_ROOT>/step51_wuiz_ketchpaw_gt50_20260731T215644Z/states/MD/WUI_Z_MD_KETCHPAW_GT50_class.tif,03452c24fa22ddb1beaa5db6f81136c1aadb1e323af8e84e56688fee04265719
ME,23,Maine,WUI-P,500,73275.418799999999,14620.935600000001,3736.884600000000,18357.820199999998,91633.239000000001,<PROJECT_ROOT>/step49_patch75_remaining44_500m_20260729T231000Z/states/ME/rasters/WUI-P/WUI_P_ME_r0500m_SILVIS_GT75.tif,f026e1884327ba092df1515d8b480e04c8830f7f32eaabb07d5a75b4e05e7066
ME,23,Maine,WUI-S,500,71626.122000000003,16018.896600000000,3988.220400000000,20007.116999999998,91633.239000000001,<PROJECT_ROOT>/step49_patch75_remaining44_500m_20260729T231000Z/states/ME/rasters/WUI-S/WUI_S_ME_r0500m_SILVIS_GT75.tif,c1a940b08145971763059179fff5c05d416ce5f8802901351f4b0536009ce8eb
ME,23,Maine,WUI-Z,0,72876.095099999962,16668.544500000000,2088.599400000000,18757.143899999999,91633.239000000001,<PROJECT_ROOT>/step51_wuiz_ketchpaw_gt50_20260731T215644Z/states/ME/WUI_Z_ME_KETCHPAW_GT50_class.tif,5e3030ce91d9f7543ff0833e38780c8240005371cea81cffbf436757da319914
MI,26,Michigan,WUI-P,500,237158.881200000003,9739.741500000000,3588.240600000000,13327.982099999999,250486.863299999997,<PROJECT_ROOT>/step49_patch75_remaining44_500m_20260729T231000Z/states/MI/rasters/WUI-P/WUI_P_MI_r0500m_SILVIS_GT75.tif,dea7627ccb2ec4b273f7027565b6bcc50fed8054a87b40409fe7978a811c4d62
MI,26,Michigan,WUI-S,500,208566.079200000007,30227.264999999999,11693.519100000000,41920.784099999997,250486.863299999997,<PROJECT_ROOT>/step49_patch75_remaining44_500m_20260729T231000Z/states/MI/rasters/WUI-S/WUI_S_MI_r0500m_SILVIS_GT75.tif,76334f5b8388e7997fa56f1ae3c57588af72b750b552166bebf8e311688fafa8
MI,26,Michigan,WUI-Z,0,220310.325899999996,22896.932400000002,7279.605000000000,30176.537400000001,250486.863299999997,<PROJECT_ROOT>/step51_wuiz_ketchpaw_gt50_20260731T215644Z/states/MI/WUI_Z_MI_KETCHPAW_GT50_class.tif,87a20bec1f9e05c2619e4e2693d2036ebaf52330b50df78594de81517fef1e6b
MN,27,Minnesota,WUI-P,500,198139.109399999987,21761.654399999999,5280.931800000000,27042.586200000002,225181.695600000006,<PROJECT_ROOT>/step49_patch75_remaining44_500m_20260729T231000Z/states/MN/rasters/WUI-P/WUI_P_MN_r0500m_SILVIS_GT75.tif,2870d81b5b4c5778bc9b75ab094397b16a00138c191423d41667ce599fb12381
MN,27,Minnesota,WUI-S,500,201753.854099999997,17252.172899999998,6175.668600000000,23427.841499999999,225181.695600000006,<PROJECT_ROOT>/step49_patch75_remaining44_500m_20260729T231000Z/states/MN/rasters/WUI-S/WUI_S_MN_r0500m_SILVIS_GT75.tif,47454c2c995f44aa9b424db8cc0220998f901db957de32f8c3814f3456099681
MN,27,Minnesota,WUI-Z,0,214490.483100000012,8468.482500000000,2222.730000000000,10691.212500000000,225181.695600000006,<PROJECT_ROOT>/step51_wuiz_ketchpaw_gt50_20260731T215644Z/states/MN/WUI_Z_MN_KETCHPAW_GT50_class.tif,1097f2035134861257db2c807190ab87e6410ca584b07d3caf317ad29702d5b6
MO,29,Missouri,WUI-P,500,175937.792400000006,3555.157500000000,1046.762100000000,4601.919600000000,180539.712000000000,<PROJECT_ROOT>/step49_patch75_remaining44_500m_20260729T231000Z/states/MO/rasters/WUI-P/WUI_P_MO_r0500m_SILVIS_GT75.tif,9aa1a662c754635647532d2217917002a3f2bdf2e534b0690586dea8dec4d121
MO,29,Missouri,WUI-S,500,152921.937600000005,19591.678800000002,8026.095600000000,27617.774399999998,180539.712000000000,<PROJECT_ROOT>/step49_patch75_remaining44_500m_20260729T231000Z/states/MO/rasters/WUI-S/WUI_S_MO_r0500m_SILVIS_GT75.tif,043b4a2d15ffc1aae2a0305d233441db02701ee200d892c83f6a7f6156293eca
MO,29,Missouri,WUI-Z,0,166758.244199999986,10685.499299999999,3095.968500000000,13781.467800000000,180539.712000000000,<PROJECT_ROOT>/step51_wuiz_ketchpaw_gt50_20260731T215644Z/states/MO/WUI_Z_MO_KETCHPAW_GT50_class.tif,4196221823fdbebe0ce2770dd73a8181658b58f72f97dd7d17395e3597b66042
MS,28,Mississippi,WUI-P,500,72117.201600000000,41497.045200000000,11834.070299999999,53331.115500000000,125448.317100000000,<PROJECT_ROOT>/step49_patch75_remaining44_500m_20260729T231000Z/states/MS/rasters/WUI-P/WUI_P_MS_r0500m_SILVIS_GT75.tif,aeedb48c97b08b73d73576e68a05468f488ebfff2d80a1b5f106e914c9150457
MS,28,Mississippi,WUI-S,500,90506.529899999994,24784.812000000002,10156.975200000001,34941.787199999999,125448.317100000000,<PROJECT_ROOT>/step49_patch75_remaining44_500m_20260729T231000Z/states/MS/rasters/WUI-S/WUI_S_MS_r0500m_SILVIS_GT75.tif,36224dba802e001a8d1de54e54319249955ad20a76a39a353ff54b86b230e443
MS,28,Mississippi,WUI-Z,0,101615.948999999993,17616.972600000001,6215.395500000000,23832.368100000000,125448.317100000000,<PROJECT_ROOT>/step51_wuiz_ketchpaw_gt50_20260731T215644Z/states/MS/WUI_Z_MS_KETCHPAW_GT50_class.tif,45402b80ef147c2a39da22be836196b562a1ecbc00bc4c3c1ca8ac4a78a68c18
MT,30,Montana,WUI-P,500,363068.302499999991,13206.419099999999,4565.708100000000,17772.127199999999,380840.429699999979,<PROJECT_ROOT>/step49_patch75_remaining44_500m_20260729T231000Z/states/MT/rasters/WUI-P/WUI_P_MT_r0500m_SILVIS_GT75.tif,b634d6781b84fcf55604c797e78dda95fc4eaeee05193771b2f5137d38ad71d9
MT,30,Montana,WUI-S,500,362613.865500000014,12660.289199999999,5566.275000000000,18226.564200000001,380840.429699999979,<PROJECT_ROOT>/step49_patch75_remaining44_500m_20260729T231000Z/states/MT/rasters/WUI-S/WUI_S_MT_r0500m_SILVIS_GT75.tif,87f467e7f82cf15a2944a1c26f1509d400a7a952b792e9af6fd5d4dd7c7ed384
MT,30,Montana,WUI-Z,0,375301.097999999998,3360.151800000000,2179.179900000000,5539.331700000000,380840.429699999979,<PROJECT_ROOT>/step51_wuiz_ketchpaw_gt50_20260731T215644Z/states/MT/WUI_Z_MT_KETCHPAW_GT50_class.tif,4c68cf841eca77f2804d459467dcb36750620d2f0d7c8b0fe928049acaacb55e
NC,37,North Carolina,WUI-P,500,80315.636400000003,45672.906600000002,13400.867700000001,59073.774299999997,139389.410700000008,<PROJECT_ROOT>/step49_patch75_remaining44_500m_20260729T231000Z/states/NC/rasters/WUI-P/WUI_P_NC_r0500m_SILVIS_GT75.tif,d3bbc5da70f43c51653d126c56b09836c5b57b24ff1a0d793d39dd98ca85baca
NC,37,North Carolina,WUI-S,500,87774.942599999980,38608.478100000000,13005.990000000000,51614.468099999998,139389.410700000008,<PROJECT_ROOT>/step49_patch75_remaining44_500m_20260729T231000Z/states/NC/rasters/WUI-S/WUI_S_NC_r0500m_SILVIS_GT75.tif,4654f9b963102961fedbac5f5624fbfc5a74a3a259d58086e7f25da2060615f0
NC,37,North Carolina,WUI-Z,0,89257.868999999962,40082.007599999997,10049.534100000001,50131.541700000002,139389.410700000008,<PROJECT_ROOT>/step51_wuiz_ketchpaw_gt50_20260731T215644Z/states/NC/WUI_Z_NC_KETCHPAW_GT50_class.tif,363da5b616117ca6b7d6741374d0d42384d1aa0452fbbdcc8853dac49f92bfbd
ND,38,North Dakota,WUI-P,500,176205.547800000000,5077.343699999999,1826.163900000000,6903.507600000000,183109.055400000012,<PROJECT_ROOT>/step49_patch75_remaining44_500m_20260729T231000Z/states/ND/rasters/WUI-P/WUI_P_ND_r0500m_SILVIS_GT75.tif,0a7f9b4bbdc0733fe48ac01152488d3d5499874a07b753b590dca8180e493cae
ND,38,North Dakota,WUI-S,500,175781.574900000007,5173.482600000000,2153.997900000000,7327.480500000000,183109.055400000012,<PROJECT_ROOT>/step49_patch75_remaining44_500m_20260729T231000Z/states/ND/rasters/WUI-S/WUI_S_ND_r0500m_SILVIS_GT75.tif,0e812314e127804536b899c25f4820f44fae1c91d5e2af8738b7aaaab6087b03
ND,38,North Dakota,WUI-Z,0,182334.142800000001,486.337500000000,288.575100000000,774.912600000000,183109.055400000012,<PROJECT_ROOT>/step51_wuiz_ketchpaw_gt50_20260731T215644Z/states/ND/WUI_Z_ND_KETCHPAW_GT50_class.tif,dc93b3cd68655ee6fc87abe79db40febc35d632a6a19f082a571eacca449cb89
NE,31,Nebraska,WUI-P,500,194001.448499999999,3922.952400000000,2404.370700000000,6327.323100000000,200328.771600000007,<PROJECT_ROOT>/step49_patch75_remaining44_500m_20260729T231000Z/states/NE/rasters/WUI-P/WUI_P_NE_r0500m_SILVIS_GT75.tif,6d93c145cd6d3c1106603eb16f368a91f826a6807ec6d9e648582619a5228f73
NE,31,Nebraska,WUI-S,500,188266.813200000004,7590.573899999999,4471.384500000000,12061.958400000000,200328.771600000007,<PROJECT_ROOT>/step49_patch75_remaining44_500m_20260729T231000Z/states/NE/rasters/WUI-S/WUI_S_NE_r0500m_SILVIS_GT75.tif,c89db271addaa62499fed6b1ee48c528da4e15a82d7f27053cd5f1cc66e24360
NE,31,Nebraska,WUI-Z,0,199196.285399999993,655.271100000000,477.222300000000,1132.493400000000,200328.778800000000,<PROJECT_ROOT>/step51_wuiz_ketchpaw_gt50_20260731T215644Z/states/NE/WUI_Z_NE_KETCHPAW_GT50_class.tif,4005a0335dfd9c4cd0072c4ee76a8cf46944943629e077324e0cfe906bedd6af
NH,33,New Hampshire,WUI-P,500,11330.315100000000,11286.906300000001,1598.915700000000,12885.822000000000,24216.137100000000,<PROJECT_ROOT>/step49_patch75_remaining44_500m_20260729T231000Z/states/NH/rasters/WUI-P/WUI_P_NH_r0500m_SILVIS_GT75.tif,922f62076e27ae656b395696e2f9c535d3d5a38e93a85845ba345da25e374b6e
NH,33,New Hampshire,WUI-S,500,13060.698300000000,9550.049400000000,1605.389400000000,11155.438800000000,24216.137100000000,<PROJECT_ROOT>/step49_patch75_remaining44_500m_20260729T231000Z/states/NH/rasters/WUI-S/WUI_S_NH_r0500m_SILVIS_GT75.tif,7805b1fe43885a9372d2da3ea04a4762124904bfe7310dd2b76c7334df4beb26
NH,33,New Hampshire,WUI-Z,0,13626.854100000000,9410.614200000000,1178.668800000000,10589.282999999999,24216.137100000000,<PROJECT_ROOT>/step51_wuiz_ketchpaw_gt50_20260731T215644Z/states/NH/WUI_Z_NH_KETCHPAW_GT50_class.tif,acd428790f432036f04c484042efcbb1ef7ee6169cd7c510d82eb826966ad416
NJ,34,New Jersey,WUI-P,500,14309.674199999999,5109.226200000000,3163.117500000000,8272.343699999999,22582.017899999999,<PROJECT_ROOT>/step49_patch75_remaining44_500m_20260729T231000Z/states/NJ/rasters/WUI-P/WUI_P_NJ_r0500m_SILVIS_GT75.tif,f3824f7087d1f9c02fb014edfec316094e2b6bb608b237483cb1c669aea5d004
NJ,34,New Jersey,WUI-S,500,14091.472800000000,5147.846100000000,3342.699000000000,8490.545099999999,22582.017899999999,<PROJECT_ROOT>/step49_patch75_remaining44_500m_20260729T231000Z/states/NJ/rasters/WUI-S/WUI_S_NJ_r0500m_SILVIS_GT75.tif,5b0471b203c3a681aa661357dc2b1c3fea6e04578409d7ff76dbf47d6ef507bf
NJ,34,New Jersey,WUI-Z,0,14270.168700000000,5253.111900000000,3058.737300000000,8311.849200000001,22582.017899999999,<PROJECT_ROOT>/step51_wuiz_ketchpaw_gt50_20260731T215644Z/states/NJ/WUI_Z_NJ_KETCHPAW_GT50_class.tif,4ce7e4d7766762f5a9d0236744849e14db1d82d9d779b7070ce4dd7c0f6c6167
NM,35,New Mexico,WUI-P,500,302838.108300000022,9561.101400000000,2525.878800000000,12086.980200000000,314925.088500000013,<PROJECT_ROOT>/step49_patch75_remaining44_500m_20260729T231000Z/states/NM/rasters/WUI-P/WUI_P_NM_r0500m_SILVIS_GT75.tif,427e733e41ece9e8e5a5fd7760b71bdafd1c2232abf813cb8d3b3a601e7a8413
NM,35,New Mexico,WUI-S,500,301763.312099999981,10490.319000000000,2671.457400000000,13161.776400000001,314925.088500000013,<PROJECT_ROOT>/step49_patch75_remaining44_500m_20260729T231000Z/states/NM/rasters/WUI-S/WUI_S_NM_r0500m_SILVIS_GT75.tif,a2f0de72d5af393978c6ce348cce8710c5dce246b7de3f03cba59acaa79e271a
NM,35,New Mexico,WUI-Z,0,307746.867599999998,5228.344800000000,1949.876100000000,7178.220900000000,314925.088500000013,<PROJECT_ROOT>/step51_wuiz_ketchpaw_gt50_20260731T215644Z/states/NM/WUI_Z_NM_KETCHPAW_GT50_class.tif,59e66d75d2d7f8f5e746386fcff62db9d505c00ad727e75b78d7c64d55080b3b
NV,32,Nevada,WUI-P,500,280727.396100000013,3953.639700000000,1695.930300000000,5649.570000000000,286376.966100000020,<PROJECT_ROOT>/step49_patch75_remaining44_500m_20260729T231000Z/states/NV/rasters/WUI-P/WUI_P_NV_r0500m_SILVIS_GT75.tif,88f44704bff0261ea1feb6865e58687b567aa073bc67a9a9b30d435bf44df2eb
NV,32,Nevada,WUI-S,500,281476.373399999982,2956.174200000000,1944.418500000000,4900.592700000000,286376.966100000020,<PROJECT_ROOT>/step49_patch75_remaining44_500m_20260729T231000Z/states/NV/rasters/WUI-S/WUI_S_NV_r0500m_SILVIS_GT75.tif,b540100f043d65553230a66e0fa295c002a9232cd521ed118823e2da4cb709fb
NV,32,Nevada,WUI-Z,0,283584.920400000003,1553.490000000000,1238.555700000000,2792.045700000000,286376.966100000020,<PROJECT_ROOT>/step51_wuiz_ketchpaw_gt50_20260731T215644Z/states/NV/WUI_Z_NV_KETCHPAW_GT50_class.tif,d6fa842087ef82e307111cccec39881e9988149a08400dcc25d00ccb2d7ebd50
NY,36,New York,WUI-P,500,96557.577300000004,32339.502000000000,12409.124400000001,44748.626400000001,141306.203699999984,<PROJECT_ROOT>/step49_patch75_remaining44_500m_20260729T231000Z/states/NY/rasters/WUI-P/WUI_P_NY_r0500m_SILVIS_GT75.tif,c062b3e4191e256e0a845b9266ab8395e4b3abe45a838f08794e8141dc67c28f
NY,36,New York,WUI-S,500,94520.938500000004,33173.168400000002,13612.096799999999,46785.265200000002,141306.203699999984,<PROJECT_ROOT>/step49_patch75_remaining44_500m_20260729T231000Z/states/NY/rasters/WUI-S/WUI_S_NY_r0500m_SILVIS_GT75.tif,98c1f3ac1d3a4fede93e1a4bfa326c83bd807fdabe0531d833f0d6a925baa9c2
NY,36,New York,WUI-Z,0,103899.311100000006,27692.820000000000,9714.072600000000,37406.892599999999,141306.203699999984,<PROJECT_ROOT>/step51_wuiz_ketchpaw_gt50_20260731T215644Z/states/NY/WUI_Z_NY_KETCHPAW_GT50_class.tif,6927cfd9ce96b85a76ec1ee4785b82648315c87f304fa40dd709d81d93efff3e
OH,39,Ohio,WUI-P,500,95138.526599999997,15590.764800000001,5369.020200000000,20959.785000000000,116098.311600000001,<PROJECT_ROOT>/step49_patch75_remaining44_500m_20260729T231000Z/states/OH/rasters/WUI-P/WUI_P_OH_r0500m_SILVIS_GT75.tif,86364adca134cbee1b18d1b472529119fdf18a496514fd07ef849c8dbfa983a8
OH,39,Ohio,WUI-S,500,91324.368900000001,18574.833600000002,6199.109100000000,24773.942700000000,116098.311600000001,<PROJECT_ROOT>/step49_patch75_remaining44_500m_20260729T231000Z/states/OH/rasters/WUI-S/WUI_S_OH_r0500m_SILVIS_GT75.tif,afb240ffe0e5799ed8352f73b421a6b9717164e9904f314622585d534baa3e00
OH,39,Ohio,WUI-Z,0,97643.555099999998,13965.851699999999,4488.904800000000,18454.756500000000,116098.311600000001,<PROJECT_ROOT>/step51_wuiz_ketchpaw_gt50_20260731T215644Z/states/OH/WUI_Z_OH_KETCHPAW_GT50_class.tif,cb010449b816178a6d0ec5b025f7bc777b49062710bd59b7731dfe7794d5ea6b
OK,40,Oklahoma,WUI-P,500,175870.691099999996,4154.853599999999,1012.106700000000,5166.960300000000,181037.651400000002,<PROJECT_ROOT>/step49_patch75_remaining44_500m_20260729T231000Z/states/OK/rasters/WUI-P/WUI_P_OK_r0500m_SILVIS_GT75.tif,a6bbb1f0d7498fc5ea078400edc33cfe208965aa1d092620084c0d83405d3bea
OK,40,Oklahoma,WUI-S,500,146905.830900000001,25616.540700000001,8515.279800000000,34131.820500000002,181037.651400000002,<PROJECT_ROOT>/step49_patch75_remaining44_500m_20260729T231000Z/states/OK/rasters/WUI-S/WUI_S_OK_r0500m_SILVIS_GT75.tif,ea22625c64aa817f240a959c086f296471403f833baf68b00359b0da5a6c5308
OK,40,Oklahoma,WUI-Z,0,167012.378100000002,10472.034600000001,3553.238700000000,14025.273300000001,181037.651400000002,<PROJECT_ROOT>/step51_wuiz_ketchpaw_gt50_20260731T215644Z/states/OK/WUI_Z_OK_KETCHPAW_GT50_class.tif,2d4e244c39779d85a90246a19c1f80df546e63cc5d17b387370185a46a2aa4f3
OR,41,Oregon,WUI-P,500,237785.093099999998,11496.132900000001,5518.142100000000,17014.274999999998,254799.368099999992,<PROJECT_ROOT>/step49_patch75_remaining44_500m_20260729T231000Z/states/OR/rasters/WUI-P/WUI_P_OR_r0500m_SILVIS_GT75.tif,4c67daca16d1691c56a3b7acefd919b3778bedeab9fb0851020d2b97c255db59
OR,41,Oregon,WUI-S,500,238343.933699999994,10497.464099999999,5957.970300000000,16455.434399999998,254799.368099999992,<PROJECT_ROOT>/step49_patch75_remaining44_500m_20260729T231000Z/states/OR/rasters/WUI-S/WUI_S_OR_r0500m_SILVIS_GT75.tif,3b28982f35ff9c4712d9bd4308b96dc86fc780f2d49ce56172549baf9bf20119
OR,41,Oregon,WUI-Z,0,245290.388399999996,5957.309700000000,3551.670000000000,9508.979700000000,254799.368099999992,<PROJECT_ROOT>/step51_wuiz_ketchpaw_gt50_20260731T215644Z/states/OR/WUI_Z_OR_KETCHPAW_GT50_class.tif,19c9ae9b323987b981e93f13b8f17e6c46767c64898126056c6de24965982afa
PA,42,Pennsylvania,WUI-P,500,74752.353900000002,30694.842900000000,13832.505900000000,44527.348800000000,119279.702699999994,<PROJECT_ROOT>/step47d_patch75_four_state_psz_20260729T150314Z/PA/rasters/WUI-P/WUI_P_PA_r0500m_SILVIS_GT75.tif,3502352ddb8f4f3bc77eeff3f2d3b31ab5cdc170e50928e82ac9919abbcb6f57
PA,42,Pennsylvania,WUI-S,500,68454.144000000000,34375.033799999997,16450.524900000000,50825.558700000001,119279.702699999994,<PROJECT_ROOT>/step47d_patch75_four_state_psz_20260729T150314Z/PA/rasters/WUI-S/WUI_S_PA_r0500m_SILVIS_GT75.tif,cae720b68f66ced686fe015a6487f3dc768ac794e12083f27dab46fe244ae62a
PA,42,Pennsylvania,WUI-Z,0,78736.413600000000,27969.817500000001,12573.471600000001,40543.289100000002,119279.702699999994,<PROJECT_ROOT>/step51_wuiz_ketchpaw_gt50_20260731T215644Z/states/PA/WUI_Z_PA_KETCHPAW_GT50_class.tif,159a5264aa2702d222cc8b0ebc5e3a8a87c3f3e22b4180ddcb43c841781e5060
RI,44,Rhode Island,WUI-P,500,2320.261200000000,1294.735500000000,386.442000000000,1681.177500000000,4001.438700000000,<PROJECT_ROOT>/step49_patch75_remaining44_500m_20260729T231000Z/states/RI/rasters/WUI-P/WUI_P_RI_r0500m_SILVIS_GT75.tif,30015b720a46f796799340b87ea8c59b541cb18626c0262847cbc16d13698bfd
RI,44,Rhode Island,WUI-S,500,2317.112100000000,1298.665800000000,385.660800000000,1684.326600000000,4001.438700000000,<PROJECT_ROOT>/step49_patch75_remaining44_500m_20260729T231000Z/states/RI/rasters/WUI-S/WUI_S_RI_r0500m_SILVIS_GT75.tif,eee588941907c565ab0021aa86137654ddb0fc2e963577683b4167d6659093a9
RI,44,Rhode Island,WUI-Z,0,2410.696800000000,1282.259700000000,308.482200000000,1590.741900000000,4001.438700000000,<PROJECT_ROOT>/step51_wuiz_ketchpaw_gt50_20260731T215644Z/states/RI/WUI_Z_RI_KETCHPAW_GT50_class.tif,84df91769226b0fa97f8ad95764690beb7821dc0f03f983f078ea8b6e454b864
SC,45,South Carolina,WUI-P,500,59546.070899999999,17095.950900000000,6298.389000000000,23394.339899999999,82940.410799999998,<PROJECT_ROOT>/step49_patch75_remaining44_500m_20260729T231000Z/states/SC/rasters/WUI-P/WUI_P_SC_r0500m_SILVIS_GT75.tif,978101e5ba1a9ca653021dd7d880f31f9422d82d1b904ed49cd5222f19fcfe1b
SC,45,South Carolina,WUI-S,500,51994.616399999999,22101.758099999999,8844.036300000000,30945.794399999999,82940.410799999998,<PROJECT_ROOT>/step49_patch75_remaining44_500m_20260729T231000Z/states/SC/rasters/WUI-S/WUI_S_SC_r0500m_SILVIS_GT75.tif,80cd212dc0bf96e3ff03ed1f4fdc64a14db188fe18845733ca771a56b4fb1caf
SC,45,South Carolina,WUI-Z,0,56569.523399999998,20119.174200000001,6251.713200000000,26370.887400000000,82940.410799999998,<PROJECT_ROOT>/step51_wuiz_ketchpaw_gt50_20260731T215644Z/states/SC/WUI_Z_SC_KETCHPAW_GT50_class.tif,e90e7430165fde5df95921cb508d123ea4cd9e26e01c89f8656c72c84d35a906
SD,46,South Dakota,WUI-P,500,195654.872700000007,2964.059100000000,1110.463200000000,4074.522300000000,199729.394999999990,<PROJECT_ROOT>/step49_patch75_remaining44_500m_20260729T231000Z/states/SD/rasters/WUI-P/WUI_P_SD_r0500m_SILVIS_GT75.tif,516bdd7323ef03478f62da29272129aa5aab2f5eac0c5f0a4e47f5ff408ec3c9
SD,46,South Dakota,WUI-S,500,191574.408599999995,6030.864000000000,2124.122400000000,8154.986400000000,199729.394999999990,<PROJECT_ROOT>/step49_patch75_remaining44_500m_20260729T231000Z/states/SD/rasters/WUI-S/WUI_S_SD_r0500m_SILVIS_GT75.tif,ece4fe560b409f033590a0b037b84722f65d9229e1c8299b4181e96d778a9bd4
SD,46,South Dakota,WUI-Z,0,198354.206700000010,1051.720200000000,323.460900000000,1375.181100000000,199729.387799999997,<PROJECT_ROOT>/step51_wuiz_ketchpaw_gt50_20260731T215644Z/states/SD/WUI_Z_SD_KETCHPAW_GT50_class.tif,d05511f6e02a4f57ea8eadf323e32501992649ec0c43606ff800129b5f5d1024
TN,47,Tennessee,WUI-P,500,75829.850099999981,23112.559799999999,10172.212200000000,33284.771999999997,109114.622099999993,<PROJECT_ROOT>/step49_patch75_remaining44_500m_20260729T231000Z/states/TN/rasters/WUI-P/WUI_P_TN_r0500m_SILVIS_GT75.tif,6e38cffa082ca977476e5ddbdf9172800490767e5a0dc60ad6b4ab86d684ebdd
TN,47,Tennessee,WUI-S,500,75485.887199999983,22660.651800000000,10968.083100000000,33628.734900000003,109114.622099999993,<PROJECT_ROOT>/step49_patch75_remaining44_500m_20260729T231000Z/states/TN/rasters/WUI-S/WUI_S_TN_r0500m_SILVIS_GT75.tif,81b08f1b1ce6e297df634b3ff35cd3c05051ab52da1c6f3c6c09961ef9286619
TN,47,Tennessee,WUI-Z,0,80195.429699999979,20392.438500000000,8526.753900000000,28919.192400000000,109114.622099999993,<PROJECT_ROOT>/step51_wuiz_ketchpaw_gt50_20260731T215644Z/states/TN/WUI_Z_TN_KETCHPAW_GT50_class.tif,10efc04522b339d4894d3ccdaffb7b44d92839fd1c119929245c51ff22f68c6d
TX,48,Texas,WUI-P,500,619358.831099999952,56475.519300000000,19825.675200000001,76301.194499999998,695660.025599999935,<PROJECT_ROOT>/step47d_patch75_four_state_psz_20260729T150314Z/TX/rasters/WUI-P/WUI_P_TX_r0500m_SILVIS_GT75.tif,fbbb7da6e469443944125a6359f1e7d9447f4982c0ea16de683dcad8c6db5024
TX,48,Texas,WUI-S,500,619815.736799999955,55553.362200000003,20290.926599999999,75844.288799999980,695660.025599999935,<PROJECT_ROOT>/step47d_patch75_four_state_psz_20260729T150314Z/TX/rasters/WUI-S/WUI_S_TX_r0500m_SILVIS_GT75.tif,3fdcb07134418695794e9516f43e1365b148308b11ed9c2fd39795df097d4540
TX,48,Texas,WUI-Z,0,650843.956799999927,31023.139500000001,13792.929300000000,44816.068800000001,695660.025599999935,<PROJECT_ROOT>/step51_wuiz_ketchpaw_gt50_20260731T215644Z/states/TX/WUI_Z_TX_KETCHPAW_GT50_class.tif,f737c5ab2bc5c43ecd0ef9e78da4cd310da5337fe56f6fe1c6541091f5b1a759
UT,49,Utah,WUI-P,500,213846.887699999992,3167.011800000000,2871.176400000000,6038.188200000000,219885.075899999996,<PROJECT_ROOT>/step49_patch75_remaining44_500m_20260729T231000Z/states/UT/rasters/WUI-P/WUI_P_UT_r0500m_SILVIS_GT75.tif,b7ce25b99a7b0fdcc78d1dbb4a1dcea607ece2712d1d0692d9388cec49b375d2
UT,49,Utah,WUI-S,500,211911.752700000012,4476.200400000000,3497.122800000000,7973.323200000000,219885.075899999996,<PROJECT_ROOT>/step49_patch75_remaining44_500m_20260729T231000Z/states/UT/rasters/WUI-S/WUI_S_UT_r0500m_SILVIS_GT75.tif,d125d583a0b282f3bdce37ae22ad0073763e426cafe5b6438f004d61d7eec441
UT,49,Utah,WUI-Z,0,215695.086299999995,1847.696400000000,2342.293200000000,4189.989600000000,219885.075899999996,<PROJECT_ROOT>/step51_wuiz_ketchpaw_gt50_20260731T215644Z/states/UT/WUI_Z_UT_KETCHPAW_GT50_class.tif,1a4a92810fb672f0e6f6a71ea9fe2906f3e1ea2ad1a216116f56db06e4b3b2f5
VA,51,Virginia,WUI-P,500,65044.080900000001,32849.995499999997,12892.126500000000,45742.122000000003,110786.202900000004,<PROJECT_ROOT>/step49_patch75_remaining44_500m_20260729T231000Z/states/VA/rasters/WUI-P/WUI_P_VA_r0500m_SILVIS_GT75.tif,2d18a38e75347fa4d36960091819c3f7e675a410364d474fc8dabbcd82300822
VA,51,Virginia,WUI-S,500,64925.995499999997,31813.886699999999,14046.320700000000,45860.207399999999,110786.202900000004,<PROJECT_ROOT>/step49_patch75_remaining44_500m_20260729T231000Z/states/VA/rasters/WUI-S/WUI_S_VA_r0500m_SILVIS_GT75.tif,85d5930e9e24900d52e493e2a5f2c4e06c32f112fa5e7952e5d1b2d39af14f26
VA,51,Virginia,WUI-Z,0,73315.365300000005,28085.161499999998,9385.676100000001,37470.837599999999,110786.202900000004,<PROJECT_ROOT>/step51_wuiz_ketchpaw_gt50_20260731T215644Z/states/VA/WUI_Z_VA_KETCHPAW_GT50_class.tif,affa939c5560b88908ce44ffa1cec3fc38fdccbdb2c9da1734893f6f6cd4964b
VT,50,Vermont,WUI-P,500,14513.860800000000,8364.941999999999,2024.562600000000,10389.504600000000,24903.365399999999,<PROJECT_ROOT>/step49_patch75_remaining44_500m_20260729T231000Z/states/VT/rasters/WUI-P/WUI_P_VT_r0500m_SILVIS_GT75.tif,f3d6c7aad5d4f650e73328fbb7382b10254e9d21c3fdb773e027150889135450
VT,50,Vermont,WUI-S,500,14554.896300000000,8196.959699999999,2151.509400000000,10348.469100000000,24903.365399999999,<PROJECT_ROOT>/step49_patch75_remaining44_500m_20260729T231000Z/states/VT/rasters/WUI-S/WUI_S_VT_r0500m_SILVIS_GT75.tif,0f87aefc7b6b160252b3529ffc0cfefb37717ffc233ab244c5bfaa60c9c49f90
VT,50,Vermont,WUI-Z,0,16478.065800000000,6941.055600000000,1484.244000000000,8425.299600000000,24903.365399999999,<PROJECT_ROOT>/step51_wuiz_ketchpaw_gt50_20260731T215644Z/states/VT/WUI_Z_VT_KETCHPAW_GT50_class.tif,3103b1bb4333daea11692cbb68700b300c2ea6bf7ed674861a789dff33b7d597
WA,53,Washington,WUI-P,500,161665.810200000007,15250.417200000000,7751.501099999999,23001.918300000001,184667.728499999997,<PROJECT_ROOT>/step49_patch75_remaining44_500m_20260729T231000Z/states/WA/rasters/WUI-P/WUI_P_WA_r0500m_SILVIS_GT75.tif,d7f26ec10601c19c6c24f6dfb4414179b8c927563fc228582d26eadc0078217d
WA,53,Washington,WUI-S,500,160280.507699999987,16096.712400000000,8290.508400000001,24387.220799999999,184667.728499999997,<PROJECT_ROOT>/step49_patch75_remaining44_500m_20260729T231000Z/states/WA/rasters/WUI-S/WUI_S_WA_r0500m_SILVIS_GT75.tif,4a54d427c8a6abfa4c1885161ca60fad668bd507e526fe2dd371fe15c648391e
WA,53,Washington,WUI-Z,0,169266.744000000006,10212.279300000000,5188.705199999999,15400.984500000000,184667.728499999997,<PROJECT_ROOT>/step51_wuiz_ketchpaw_gt50_20260731T215644Z/states/WA/WUI_Z_WA_KETCHPAW_GT50_class.tif,1bfe9ed34a156227449dc21052eca0988b0a44849fe5d4951798ee6c19ecc85b
WI,55,Wisconsin,WUI-P,500,99891.619200000001,56056.354200000002,13687.740000000000,69744.094199999992,169635.713400000008,<PROJECT_ROOT>/step49_patch75_remaining44_500m_20260729T231000Z/states/WI/rasters/WUI-P/WUI_P_WI_r0500m_SILVIS_GT75.tif,77ea35f7449860db913f63cb938cb2170d818fbadb224dc13f18bf2514aef4bf
WI,55,Wisconsin,WUI-S,500,135138.807000000001,23585.541300000001,10911.365100000001,34496.906400000000,169635.713400000008,<PROJECT_ROOT>/step49_patch75_remaining44_500m_20260729T231000Z/states/WI/rasters/WUI-S/WUI_S_WI_r0500m_SILVIS_GT75.tif,bbba82195ec9222bbcf46786cdc459d67b7cd4334a014a8834c055b4218a2d33
WI,55,Wisconsin,WUI-Z,0,153342.494999999995,12257.561700000000,4035.656700000000,16293.218400000000,169635.713400000008,<PROJECT_ROOT>/step51_wuiz_ketchpaw_gt50_20260731T215644Z/states/WI/WUI_Z_WI_KETCHPAW_GT50_class.tif,95897a608a4c90e02f7d2ba6760f12948bfcdf5bc5c63474da43e377922b92ba
WV,54,West Virginia,WUI-P,500,33613.484400000001,24982.222500000000,4159.753200000000,29141.975699999999,62755.460099999997,<PROJECT_ROOT>/step49_patch75_remaining44_500m_20260729T231000Z/states/WV/rasters/WUI-P/WUI_P_WV_r0500m_SILVIS_GT75.tif,5cd13b428215f9d03ebde1c16ce63e06c1152632cf8148c68e68327c91dad99b
WV,54,West Virginia,WUI-S,500,37454.567400000000,20918.141100000001,4382.751600000000,25300.892700000000,62755.460099999997,<PROJECT_ROOT>/step49_patch75_remaining44_500m_20260729T231000Z/states/WV/rasters/WUI-S/WUI_S_WV_r0500m_SILVIS_GT75.tif,0b62b04575e3eae8f50c50b173fbeed48c1571cee0806e5d08b50580d45de7f2
WV,54,West Virginia,WUI-Z,0,46357.928099999997,13593.156300000001,2804.375700000000,16397.531999999999,62755.460099999997,<PROJECT_ROOT>/step51_wuiz_ketchpaw_gt50_20260731T215644Z/states/WV/WUI_Z_WV_KETCHPAW_GT50_class.tif,ac6dadd36cd3f888de96c043eb2b7b9e52ccd2084d365ce97c066f361859e120
WY,56,Wyoming,WUI-P,500,244967.370300000010,6111.786599999999,2247.057000000000,8358.843600000000,253326.213900000002,<PROJECT_ROOT>/step49_patch75_remaining44_500m_20260729T231000Z/states/WY/rasters/WUI-P/WUI_P_WY_r0500m_SILVIS_GT75.tif,1d85c1219640509104a3554d7215985768b6c573d8a771a363aa38bcab68030e
WY,56,Wyoming,WUI-S,500,244115.028900000005,6476.012100000000,2735.172900000000,9211.184999999999,253326.213900000002,<PROJECT_ROOT>/step49_patch75_remaining44_500m_20260729T231000Z/states/WY/rasters/WUI-S/WUI_S_WY_r0500m_SILVIS_GT75.tif,969933ff914c989e0fe366b039d936bd62400ec741eef637d1cb3d9d71cece8e
WY,56,Wyoming,WUI-Z,0,250835.578199999989,1434.874500000000,1055.761200000000,2490.635700000000,253326.213900000002,<PROJECT_ROOT>/step51_wuiz_ketchpaw_gt50_20260731T215644Z/states/WY/WUI_Z_WY_KETCHPAW_GT50_class.tif,93dcbb398911f7a85a787bad9f91a83a05b91d22c8bfd8fbd2fb4d6aedfeac5d
