state,radius_m,method_pair,common_valid_pixels,union_pixels,union_area_km2,jaccard
AL,500,WUI-P/WUI-S,150852694,50541110,45486.999000000003,0.423042964430
AL,500,WUI-P/WUI-Z,150852694,45496700,40947.029999999999,0.330934331501
AL,500,WUI-S/WUI-Z,150852694,54220886,48798.797400000003,0.429211521922
AR,500,WUI-P/WUI-S,153092005,32403953,29163.557700000001,0.714859665424
AR,500,WUI-P/WUI-Z,153092005,32238900,29015.009999999998,0.374178988737
AR,500,WUI-S/WUI-Z,153092005,34007813,30607.031700000000,0.357273488889
AZ,500,WUI-P/WUI-S,328022112,20712218,18640.996200000001,0.612457294530
AZ,500,WUI-P/WUI-Z,328022112,19631954,17668.758600000001,0.414684600422
AZ,500,WUI-S/WUI-Z,328022112,19659913,17693.921699999999,0.423325118478
CA,500,WUI-P/WUI-S,471072551,58230235,52407.211499999998,0.644346875811
CA,500,WUI-P/WUI-Z,471072551,56209130,50588.216999999997,0.463151502256
CA,500,WUI-S/WUI-Z,471072551,54009476,48608.528400000003,0.479481637630
CO,500,WUI-P/WUI-S,299560551,30335854,27302.268599999999,0.574598097683
CO,500,WUI-P/WUI-Z,299560551,25932035,23338.831500000000,0.342294694574
CO,500,WUI-S/WUI-Z,299560551,27197024,24477.321599999999,0.325760605278
CT,500,WUI-P/WUI-S,15953457,9993494,8994.144600000000,0.928048488347
CT,500,WUI-P/WUI-Z,15953457,10988470,9889.623000000000,0.763643255157
CT,500,WUI-S/WUI-Z,15953457,11107385,9996.646500000001,0.762812939319
DC,500,WUI-P/WUI-S,196698,7661,6.894900000000,0.856154549014
DC,500,WUI-P/WUI-Z,196698,9469,8.522100000000,0.024712218819
DC,500,WUI-S/WUI-Z,196698,8375,7.537500000000,0.027940298507
DE,500,WUI-P/WUI-S,7162140,1296075,1166.467500000000,0.856507532357
DE,500,WUI-P/WUI-Z,7162140,1767002,1590.301800000000,0.387429669010
DE,500,WUI-S/WUI-Z,7162140,1727111,1554.399900000000,0.373463546929
FL,500,WUI-P/WUI-S,205482681,46536171,41882.553899999999,0.667696059480
FL,500,WUI-P/WUI-Z,205482681,52860194,47574.174599999998,0.422849866953
FL,500,WUI-S/WUI-Z,205482681,41674802,37507.321799999998,0.472247306658
GA,500,WUI-P/WUI-S,171005499,62185381,55966.842900000003,0.590535370363
GA,500,WUI-P/WUI-Z,171005499,62225856,56003.270400000001,0.396134285401
GA,500,WUI-S/WUI-Z,171005499,67964037,61167.633300000001,0.471748492515
IA,500,WUI-P/WUI-S,161939734,3934057,3540.651300000000,0.496443239129
IA,500,WUI-P/WUI-Z,161939734,3176886,2859.197400000000,0.192255875722
IA,500,WUI-S/WUI-Z,161939734,3825098,3442.588200000000,0.168830707083
ID,500,WUI-P/WUI-S,240490489,15821910,14239.718999999999,0.762183579606
ID,500,WUI-P/WUI-Z,240490489,15657754,14091.978600000000,0.270498310294
ID,500,WUI-S/WUI-Z,240490489,14779126,13301.213400000001,0.274570363633
IL,500,WUI-P/WUI-S,166661185,10059255,9053.329500000000,0.354678254006
IL,500,WUI-P/WUI-Z,166661185,7855413,7069.871700000000,0.209196512010
IL,500,WUI-S/WUI-Z,166661185,10308364,9277.527599999999,0.239446725009
IN,500,WUI-P/WUI-S,104811869,14725909,13253.318100000000,0.747693809598
IN,500,WUI-P/WUI-Z,104811869,15724531,14152.077900000000,0.408882656023
IN,500,WUI-S/WUI-Z,104811869,17458762,15712.885800000000,0.392155698096
KS,500,WUI-P/WUI-S,236777598,17105550,15394.995000000001,0.368096202694
KS,500,WUI-P/WUI-Z,236777598,8796087,7916.478300000000,0.214846783575
KS,500,WUI-S/WUI-Z,236777598,16357673,14721.905699999999,0.122361719787
KY,500,WUI-P/WUI-S,116278607,35225330,31702.796999999999,0.752568137758
KY,500,WUI-P/WUI-Z,116278607,38178671,34360.803899999999,0.384733743089
KY,500,WUI-S/WUI-Z,116278607,41515729,37364.156100000000,0.375252425412
LA,500,WUI-P/WUI-S,150724058,27245569,24521.012100000000,0.487685795808
LA,500,WUI-P/WUI-Z,150724058,26838533,24154.679700000001,0.327074434359
LA,500,WUI-S/WUI-Z,150724058,30999612,27899.650799999999,0.412819134639
MA,500,WUI-P/WUI-S,30372241,14708079,13237.271100000000,0.932000025292
MA,500,WUI-P/WUI-Z,30372241,16549692,14894.722800000000,0.704720365793
MA,500,WUI-S/WUI-Z,30372241,16780600,15102.540000000001,0.700782689534
MD,500,WUI-P/WUI-S,35701204,11718957,10547.061299999999,0.818145590943
MD,500,WUI-P/WUI-Z,35701204,13355005,12019.504499999999,0.532402945562
MD,500,WUI-S/WUI-Z,35701204,12572477,11315.229300000001,0.522365640438
ME,500,WUI-P/WUI-S,101814710,23298603,20968.742699999999,0.829625063786
ME,500,WUI-P/WUI-Z,101814710,27029346,24326.411400000001,0.525706504331
ME,500,WUI-S/WUI-Z,101814710,28281884,25453.695599999999,0.522932524580
MI,500,WUI-P/WUI-S,278318737,48035420,43231.877999999997,0.277963594364
MI,500,WUI-P/WUI-Z,278318737,38646455,34781.809500000003,0.250783674725
MI,500,WUI-S/WUI-Z,278318737,55301862,49771.675799999997,0.448561261825
MN,500,WUI-P/WUI-S,250201884,36138855,32524.969499999999,0.551744043911
MN,500,WUI-P/WUI-Z,250201884,33883765,30495.388500000001,0.237360812767
MN,500,WUI-S/WUI-Z,250201884,29983144,26984.829600000001,0.264379079125
MO,500,WUI-P/WUI-S,200599680,31538957,28385.061300000001,0.135093338692
MO,500,WUI-P/WUI-Z,200599680,18119445,16307.500500000000,0.127296448650
MO,500,WUI-S/WUI-Z,200599680,35323918,31791.526200000000,0.302209964365
MS,500,WUI-P/WUI-S,139387019,60906277,54815.649299999997,0.610359520087
MS,500,WUI-P/WUI-Z,139387019,63654005,57288.604500000001,0.346925523382
MS,500,WUI-S/WUI-Z,139387019,46694802,42025.321799999998,0.398541469348
MT,500,WUI-P/WUI-S,423156033,26903811,24213.429899999999,0.486724167071
MT,500,WUI-P/WUI-Z,423156033,20888154,18799.338599999999,0.240014842863
MT,500,WUI-S/WUI-Z,423156033,21831728,19648.555199999999,0.209549285334
NC,500,WUI-P/WUI-S,154877123,67655971,60890.373899999999,0.817828259386
NC,500,WUI-P/WUI-Z,154877123,78581756,70723.580399999992,0.544114641572
NC,500,WUI-S/WUI-Z,154877123,73883509,66495.158100000001,0.530126594285
ND,500,WUI-P/WUI-S,203454506,12888553,11599.697700000001,0.226841290873
ND,500,WUI-P/WUI-Z,203454506,7942820,7148.538000000000,0.074124555259
ND,500,WUI-S/WUI-Z,203454506,8451410,7606.269000000000,0.065225684235
NE,500,WUI-P/WUI-S,222587524,15668881,14101.992899999999,0.304020050953
NE,500,WUI-P/WUI-Z,222587524,7472067,6724.860299999999,0.109289437581
NE,500,WUI-S/WUI-Z,222587524,13850052,12465.046800000000,0.058516025788
NH,500,WUI-P/WUI-S,26906819,14798625,13318.762500000001,0.805067159956
NH,500,WUI-P/WUI-Z,26906819,16080652,14472.586799999999,0.622039330246
NH,500,WUI-S/WUI-Z,26906819,15052871,13547.583900000000,0.605062715279
NJ,500,WUI-P/WUI-S,25091131,9902681,8912.412899999999,0.880847418997
NJ,500,WUI-P/WUI-Z,25091131,11135188,10021.669200000000,0.654833398412
NJ,500,WUI-S/WUI-Z,25091131,11256364,10130.727600000000,0.658557505781
NM,500,WUI-P/WUI-S,349916765,17160175,15444.157499999999,0.634841952369
NM,500,WUI-P/WUI-Z,349916765,15212997,13691.697300000000,0.407071795255
NM,500,WUI-S/WUI-Z,349916765,16317106,14685.395399999999,0.385049346373
NV,500,WUI-P/WUI-S,318196629,7796656,7016.990400000000,0.503516764110
NV,500,WUI-P/WUI-Z,318196629,6967970,6271.173000000000,0.346098361503
NV,500,WUI-S/WUI-Z,318196629,6172311,5555.079900000000,0.384793475248
NY,500,WUI-P/WUI-S,157006893,56037085,50433.376499999998,0.814946726797
NY,500,WUI-P/WUI-Z,157006893,61280991,55152.891900000002,0.489595851999
NY,500,WUI-S/WUI-Z,157006893,63168342,56851.507799999999,0.480913366382
OH,500,WUI-P/WUI-S,128998124,28739865,25865.878499999999,0.768110358208
OH,500,WUI-P/WUI-Z,128998124,30053280,27047.952000000001,0.457209828678
OH,500,WUI-S/WUI-Z,128998124,33140411,29826.369900000002,0.449344970405
OK,500,WUI-P/WUI-S,201152946,38511074,34659.966600000000,0.133837815066
OK,500,WUI-P/WUI-Z,201152946,17736581,15962.922900000000,0.202300713988
OK,500,WUI-S/WUI-Z,201152946,41297802,37168.021800000002,0.295659318624
OR,500,WUI-P/WUI-S,283110409,21687887,19519.098300000001,0.714715961034
OR,500,WUI-P/WUI-Z,283110409,21356632,19220.968799999999,0.379912478709
OR,500,WUI-S/WUI-Z,283110409,21034847,18931.362300000001,0.371502678389
PA,500,WUI-P/WUI-S,132533003,59435477,53491.929300000003,0.782566244063
PA,500,WUI-P/WUI-Z,132533003,63192079,56872.871099999997,0.495803469292
PA,500,WUI-S/WUI-Z,132533003,67171107,60453.996299999999,0.511378128695
RI,500,WUI-P/WUI-S,4446043,1903181,1712.862900000000,0.964841494319
RI,500,WUI-P/WUI-Z,4446043,2114143,1902.728700000000,0.719593234706
RI,500,WUI-S/WUI-Z,4446043,2110799,1899.719100000000,0.723975139272
SC,500,WUI-P/WUI-S,92156012,37350204,33615.183599999997,0.616535400985
SC,500,WUI-P/WUI-Z,92156012,38464955,34618.459499999997,0.437534425817
SC,500,WUI-S/WUI-Z,92156012,42302915,38072.623500000002,0.505456586148
SD,500,WUI-P/WUI-S,221921550,10904224,9813.801600000001,0.246154059198
SD,500,WUI-P/WUI-Z,221921542,5083960,4575.564000000000,0.191045169514
SD,500,WUI-S/WUI-Z,221921542,9497533,8547.779699999999,0.114929003142
TN,500,WUI-P/WUI-S,121238469,41324997,37192.497300000003,0.799113040468
TN,500,WUI-P/WUI-Z,121238469,46965127,42268.614300000001,0.471634815339
TN,500,WUI-S/WUI-Z,121238469,47445574,42701.016600000003,0.464787779783
TX,500,WUI-P/WUI-S,772955584,100965693,90869.123699999996,0.674336420392
TX,500,WUI-P/WUI-Z,772955584,98795653,88916.087700000004,0.362152411706
TX,500,WUI-S/WUI-Z,772955584,99069485,89162.536500000002,0.353262954784
UT,500,WUI-P/WUI-S,244316751,9803584,8823.225600000000,0.588025970910
UT,500,WUI-P/WUI-Z,244316751,7978726,7180.853400000000,0.424368000606
UT,500,WUI-S/WUI-Z,244316751,10113001,9101.700900000000,0.336377995018
VA,500,WUI-P/WUI-S,123095781,56999467,51299.520299999996,0.785637153414
VA,500,WUI-P/WUI-Z,123095781,62344701,56110.230900000002,0.483026504530
VA,500,WUI-S/WUI-Z,123095781,62578261,56320.434900000000,0.479588095297
VT,500,WUI-P/WUI-S,27670406,12632215,11368.993500000000,0.824081762383
VT,500,WUI-P/WUI-Z,27670406,14161586,12745.427400000000,0.476200335188
VT,500,WUI-S/WUI-Z,27670406,14174545,12757.090500000000,0.471634045396
WA,500,WUI-P/WUI-S,205186365,31011169,27910.052100000001,0.697923706133
WA,500,WUI-P/WUI-Z,205186365,29181722,26263.549800000001,0.462212956453
WA,500,WUI-S/WUI-Z,205186365,30575717,27518.145300000000,0.445889788946
WI,500,WUI-P/WUI-S,188484126,77728805,69955.924499999994,0.490095389991
WI,500,WUI-P/WUI-Z,188484126,80050241,72045.216899999999,0.194212694500
WI,500,WUI-S/WUI-Z,188484126,43980438,39582.394200000002,0.283149385643
WV,500,WUI-P/WUI-S,69728289,34442260,30998.034000000000,0.756332946793
WV,500,WUI-P/WUI-Z,69728289,36116081,32504.472900000001,0.401022802003
WV,500,WUI-S/WUI-Z,69728289,32770589,29493.530100000000,0.413815998242
WY,500,WUI-P/WUI-S,281473571,13416728,12075.055200000001,0.455068180558
WY,500,WUI-P/WUI-Z,281473571,9797594,8817.834600000000,0.230401770067
WY,500,WUI-S/WUI-Z,281473571,10843956,9759.560400000000,0.199011043571
