state,method,buffer_m,variable,formal_fdr_cluster_type,county_count
AL,WUI-P,500,p_a,NOT_SIGNIFICANT,67
AL,WUI-P,500,p_s,NOT_SIGNIFICANT,59
AL,WUI-S,500,p_a,NOT_SIGNIFICANT,67
AL,WUI-S,500,p_s,LL,5
AL,WUI-S,500,p_s,NOT_SIGNIFICANT,62
AL,WUI-Z,500,p_a,HH,6
AL,WUI-Z,500,p_a,LL,5
AL,WUI-Z,500,p_a,NOT_SIGNIFICANT,56
AR,WUI-P,500,p_a,HH,4
AR,WUI-P,500,p_a,LL,12
AR,WUI-P,500,p_a,NOT_SIGNIFICANT,59
AR,WUI-P,500,p_s,HH,6
AR,WUI-P,500,p_s,HL,1
AR,WUI-P,500,p_s,LL,9
AR,WUI-P,500,p_s,NOT_SIGNIFICANT,59
AR,WUI-S,500,p_a,HH,7
AR,WUI-S,500,p_a,LL,13
AR,WUI-S,500,p_a,NOT_SIGNIFICANT,55
AR,WUI-S,500,p_s,HH,5
AR,WUI-S,500,p_s,LL,9
AR,WUI-S,500,p_s,NOT_SIGNIFICANT,61
AR,WUI-Z,500,p_a,HH,1
AR,WUI-Z,500,p_a,LH,1
AR,WUI-Z,500,p_a,LL,5
AR,WUI-Z,500,p_a,NOT_SIGNIFICANT,68
AZ,WUI-P,500,p_a,ISLAND_OR_UNDEFINED,15
AZ,WUI-P,500,p_s,ISLAND_OR_UNDEFINED,15
AZ,WUI-S,500,p_a,ISLAND_OR_UNDEFINED,15
AZ,WUI-S,500,p_s,ISLAND_OR_UNDEFINED,15
AZ,WUI-Z,500,p_a,ISLAND_OR_UNDEFINED,15
CA,WUI-P,500,p_a,NOT_SIGNIFICANT,58
CA,WUI-P,500,p_s,NOT_SIGNIFICANT,58
CA,WUI-S,500,p_a,NOT_SIGNIFICANT,58
CA,WUI-S,500,p_s,NOT_SIGNIFICANT,58
CA,WUI-Z,500,p_a,NOT_SIGNIFICANT,58
CO,WUI-P,500,p_a,HH,3
CO,WUI-P,500,p_a,LL,4
CO,WUI-P,500,p_a,NOT_SIGNIFICANT,57
CO,WUI-P,500,p_s,NOT_SIGNIFICANT,58
CO,WUI-S,500,p_a,NOT_SIGNIFICANT,64
CO,WUI-S,500,p_s,HH,3
CO,WUI-S,500,p_s,HL,1
CO,WUI-S,500,p_s,LL,4
CO,WUI-S,500,p_s,NOT_SIGNIFICANT,56
CO,WUI-Z,500,p_a,HH,6
CO,WUI-Z,500,p_a,LL,4
CO,WUI-Z,500,p_a,NOT_SIGNIFICANT,54
CT,WUI-P,500,p_a,ISLAND_OR_UNDEFINED,9
CT,WUI-P,500,p_s,ISLAND_OR_UNDEFINED,9
CT,WUI-S,500,p_a,ISLAND_OR_UNDEFINED,9
CT,WUI-S,500,p_s,ISLAND_OR_UNDEFINED,9
CT,WUI-Z,500,p_a,ISLAND_OR_UNDEFINED,9
DC,WUI-P,500,p_a,ISLAND_OR_UNDEFINED,1
DC,WUI-P,500,p_s,ISLAND_OR_UNDEFINED,1
DC,WUI-S,500,p_a,ISLAND_OR_UNDEFINED,1
DC,WUI-S,500,p_s,ISLAND_OR_UNDEFINED,1
DC,WUI-Z,500,p_a,ISLAND_OR_UNDEFINED,1
DE,WUI-P,500,p_a,ISLAND_OR_UNDEFINED,3
DE,WUI-P,500,p_s,ISLAND_OR_UNDEFINED,3
DE,WUI-S,500,p_a,ISLAND_OR_UNDEFINED,3
DE,WUI-S,500,p_s,ISLAND_OR_UNDEFINED,3
DE,WUI-Z,500,p_a,ISLAND_OR_UNDEFINED,3
FL,WUI-P,500,p_a,NOT_SIGNIFICANT,67
FL,WUI-P,500,p_s,HH,3
FL,WUI-P,500,p_s,LL,3
FL,WUI-P,500,p_s,NOT_SIGNIFICANT,61
FL,WUI-S,500,p_a,NOT_SIGNIFICANT,67
FL,WUI-S,500,p_s,HH,4
FL,WUI-S,500,p_s,LL,3
FL,WUI-S,500,p_s,NOT_SIGNIFICANT,60
FL,WUI-Z,500,p_a,HH,3
FL,WUI-Z,500,p_a,LH,1
FL,WUI-Z,500,p_a,LL,6
FL,WUI-Z,500,p_a,NOT_SIGNIFICANT,57
GA,WUI-P,500,p_a,NOT_SIGNIFICANT,159
GA,WUI-P,500,p_s,HH,2
GA,WUI-P,500,p_s,LH,2
GA,WUI-P,500,p_s,LL,6
GA,WUI-P,500,p_s,NOT_SIGNIFICANT,144
GA,WUI-S,500,p_a,HH,11
GA,WUI-S,500,p_a,LL,16
GA,WUI-S,500,p_a,NOT_SIGNIFICANT,132
GA,WUI-S,500,p_s,LH,1
GA,WUI-S,500,p_s,LL,9
GA,WUI-S,500,p_s,NOT_SIGNIFICANT,149
GA,WUI-Z,500,p_a,HH,17
GA,WUI-Z,500,p_a,LH,1
GA,WUI-Z,500,p_a,LL,17
GA,WUI-Z,500,p_a,NOT_SIGNIFICANT,124
IA,WUI-P,500,p_a,NOT_SIGNIFICANT,99
IA,WUI-P,500,p_s,NOT_SIGNIFICANT,99
IA,WUI-S,500,p_a,HH,3
IA,WUI-S,500,p_a,LL,4
IA,WUI-S,500,p_a,NOT_SIGNIFICANT,92
IA,WUI-S,500,p_s,NOT_SIGNIFICANT,99
IA,WUI-Z,500,p_a,NOT_SIGNIFICANT,99
ID,WUI-P,500,p_a,NOT_SIGNIFICANT,44
ID,WUI-P,500,p_s,NOT_SIGNIFICANT,44
ID,WUI-S,500,p_a,LH,1
ID,WUI-S,500,p_a,LL,2
ID,WUI-S,500,p_a,NOT_SIGNIFICANT,41
ID,WUI-S,500,p_s,NOT_SIGNIFICANT,44
ID,WUI-Z,500,p_a,NOT_SIGNIFICANT,44
IL,WUI-P,500,p_a,NOT_SIGNIFICANT,102
IL,WUI-P,500,p_s,NOT_SIGNIFICANT,83
IL,WUI-S,500,p_a,HH,7
IL,WUI-S,500,p_a,LL,2
IL,WUI-S,500,p_a,NOT_SIGNIFICANT,93
IL,WUI-S,500,p_s,NOT_SIGNIFICANT,102
IL,WUI-Z,500,p_a,HH,6
IL,WUI-Z,500,p_a,HL,1
IL,WUI-Z,500,p_a,NOT_SIGNIFICANT,95
IN,WUI-P,500,p_a,HH,6
IN,WUI-P,500,p_a,LL,11
IN,WUI-P,500,p_a,NOT_SIGNIFICANT,75
IN,WUI-P,500,p_s,HH,5
IN,WUI-P,500,p_s,LH,1
IN,WUI-P,500,p_s,LL,11
IN,WUI-P,500,p_s,NOT_SIGNIFICANT,75
IN,WUI-S,500,p_a,HH,7
IN,WUI-S,500,p_a,LL,10
IN,WUI-S,500,p_a,NOT_SIGNIFICANT,75
IN,WUI-S,500,p_s,HH,5
IN,WUI-S,500,p_s,LH,1
IN,WUI-S,500,p_s,LL,11
IN,WUI-S,500,p_s,NOT_SIGNIFICANT,75
IN,WUI-Z,500,p_a,HH,4
IN,WUI-Z,500,p_a,LL,11
IN,WUI-Z,500,p_a,NOT_SIGNIFICANT,77
KS,WUI-P,500,p_a,HH,3
KS,WUI-P,500,p_a,LH,3
KS,WUI-P,500,p_a,LL,1
KS,WUI-P,500,p_a,NOT_SIGNIFICANT,98
KS,WUI-P,500,p_s,NOT_SIGNIFICANT,100
KS,WUI-S,500,p_a,HH,10
KS,WUI-S,500,p_a,LH,1
KS,WUI-S,500,p_a,LL,12
KS,WUI-S,500,p_a,NOT_SIGNIFICANT,82
KS,WUI-S,500,p_s,LL,12
KS,WUI-S,500,p_s,NOT_SIGNIFICANT,93
KS,WUI-Z,500,p_a,NOT_SIGNIFICANT,105
KY,WUI-P,500,p_a,HH,9
KY,WUI-P,500,p_a,LL,4
KY,WUI-P,500,p_a,NOT_SIGNIFICANT,107
KY,WUI-P,500,p_s,HH,21
KY,WUI-P,500,p_s,LL,4
KY,WUI-P,500,p_s,NOT_SIGNIFICANT,95
KY,WUI-S,500,p_a,HH,11
KY,WUI-S,500,p_a,LL,7
KY,WUI-S,500,p_a,NOT_SIGNIFICANT,102
KY,WUI-S,500,p_s,HH,22
KY,WUI-S,500,p_s,LL,6
KY,WUI-S,500,p_s,NOT_SIGNIFICANT,92
KY,WUI-Z,500,p_a,NOT_SIGNIFICANT,120
LA,WUI-P,500,p_a,NOT_SIGNIFICANT,64
LA,WUI-P,500,p_s,NOT_SIGNIFICANT,57
LA,WUI-S,500,p_a,HH,2
LA,WUI-S,500,p_a,LL,2
LA,WUI-S,500,p_a,NOT_SIGNIFICANT,60
LA,WUI-S,500,p_s,HH,2
LA,WUI-S,500,p_s,HL,1
LA,WUI-S,500,p_s,LH,1
LA,WUI-S,500,p_s,LL,4
LA,WUI-S,500,p_s,NOT_SIGNIFICANT,56
LA,WUI-Z,500,p_a,HH,3
LA,WUI-Z,500,p_a,LL,4
LA,WUI-Z,500,p_a,NOT_SIGNIFICANT,57
MA,WUI-P,500,p_a,ISLAND_OR_UNDEFINED,14
MA,WUI-P,500,p_s,ISLAND_OR_UNDEFINED,14
MA,WUI-S,500,p_a,ISLAND_OR_UNDEFINED,14
MA,WUI-S,500,p_s,ISLAND_OR_UNDEFINED,14
MA,WUI-Z,500,p_a,ISLAND_OR_UNDEFINED,14
MD,WUI-P,500,p_a,ISLAND_OR_UNDEFINED,24
MD,WUI-P,500,p_s,ISLAND_OR_UNDEFINED,24
MD,WUI-S,500,p_a,ISLAND_OR_UNDEFINED,24
MD,WUI-S,500,p_s,ISLAND_OR_UNDEFINED,24
MD,WUI-Z,500,p_a,ISLAND_OR_UNDEFINED,24
ME,WUI-P,500,p_a,ISLAND_OR_UNDEFINED,16
ME,WUI-P,500,p_s,ISLAND_OR_UNDEFINED,16
ME,WUI-S,500,p_a,ISLAND_OR_UNDEFINED,16
ME,WUI-S,500,p_s,ISLAND_OR_UNDEFINED,16
ME,WUI-Z,500,p_a,ISLAND_OR_UNDEFINED,16
MI,WUI-P,500,p_a,NOT_SIGNIFICANT,83
MI,WUI-P,500,p_s,ISLAND_OR_UNDEFINED,1
MI,WUI-P,500,p_s,NOT_SIGNIFICANT,42
MI,WUI-S,500,p_a,HH,9
MI,WUI-S,500,p_a,NOT_SIGNIFICANT,74
MI,WUI-S,500,p_s,HH,21
MI,WUI-S,500,p_s,LL,21
MI,WUI-S,500,p_s,NOT_SIGNIFICANT,41
MI,WUI-Z,500,p_a,HH,4
MI,WUI-Z,500,p_a,LL,5
MI,WUI-Z,500,p_a,NOT_SIGNIFICANT,74
MN,WUI-P,500,p_a,HH,7
MN,WUI-P,500,p_a,LL,7
MN,WUI-P,500,p_a,NOT_SIGNIFICANT,73
MN,WUI-P,500,p_s,HH,9
MN,WUI-P,500,p_s,LL,4
MN,WUI-P,500,p_s,NOT_SIGNIFICANT,74
MN,WUI-S,500,p_a,HH,7
MN,WUI-S,500,p_a,LL,10
MN,WUI-S,500,p_a,NOT_SIGNIFICANT,70
MN,WUI-S,500,p_s,HH,10
MN,WUI-S,500,p_s,LL,6
MN,WUI-S,500,p_s,NOT_SIGNIFICANT,71
MN,WUI-Z,500,p_a,HH,4
MN,WUI-Z,500,p_a,LL,4
MN,WUI-Z,500,p_a,NOT_SIGNIFICANT,79
MO,WUI-P,500,p_a,NOT_SIGNIFICANT,115
MO,WUI-P,500,p_s,NOT_SIGNIFICANT,53
MO,WUI-S,500,p_a,HH,9
MO,WUI-S,500,p_a,LL,14
MO,WUI-S,500,p_a,NOT_SIGNIFICANT,92
MO,WUI-S,500,p_s,HH,10
MO,WUI-S,500,p_s,LL,10
MO,WUI-S,500,p_s,NOT_SIGNIFICANT,95
MO,WUI-Z,500,p_a,HH,4
MO,WUI-Z,500,p_a,LL,13
MO,WUI-Z,500,p_a,NOT_SIGNIFICANT,98
MS,WUI-P,500,p_a,HH,10
MS,WUI-P,500,p_a,LL,10
MS,WUI-P,500,p_a,NOT_SIGNIFICANT,62
MS,WUI-P,500,p_s,LL,7
MS,WUI-P,500,p_s,NOT_SIGNIFICANT,75
MS,WUI-S,500,p_a,HH,10
MS,WUI-S,500,p_a,LL,12
MS,WUI-S,500,p_a,NOT_SIGNIFICANT,60
MS,WUI-S,500,p_s,HH,3
MS,WUI-S,500,p_s,LL,7
MS,WUI-S,500,p_s,NOT_SIGNIFICANT,72
MS,WUI-Z,500,p_a,HH,3
MS,WUI-Z,500,p_a,LH,1
MS,WUI-Z,500,p_a,LL,10
MS,WUI-Z,500,p_a,NOT_SIGNIFICANT,68
MT,WUI-P,500,p_a,LH,1
MT,WUI-P,500,p_a,LL,3
MT,WUI-P,500,p_a,NOT_SIGNIFICANT,52
MT,WUI-P,500,p_s,NOT_SIGNIFICANT,56
MT,WUI-S,500,p_a,NOT_SIGNIFICANT,56
MT,WUI-S,500,p_s,NOT_SIGNIFICANT,56
MT,WUI-Z,500,p_a,NOT_SIGNIFICANT,56
NC,WUI-P,500,p_a,HH,4
NC,WUI-P,500,p_a,LL,7
NC,WUI-P,500,p_a,NOT_SIGNIFICANT,89
NC,WUI-P,500,p_s,HH,6
NC,WUI-P,500,p_s,LL,9
NC,WUI-P,500,p_s,NOT_SIGNIFICANT,85
NC,WUI-S,500,p_a,HH,6
NC,WUI-S,500,p_a,LL,9
NC,WUI-S,500,p_a,NOT_SIGNIFICANT,85
NC,WUI-S,500,p_s,HH,6
NC,WUI-S,500,p_s,LL,9
NC,WUI-S,500,p_s,NOT_SIGNIFICANT,85
NC,WUI-Z,500,p_a,HH,5
NC,WUI-Z,500,p_a,LH,1
NC,WUI-Z,500,p_a,LL,12
NC,WUI-Z,500,p_a,NOT_SIGNIFICANT,82
ND,WUI-P,500,p_a,NOT_SIGNIFICANT,53
ND,WUI-P,500,p_s,HH,1
ND,WUI-P,500,p_s,LL,4
ND,WUI-P,500,p_s,NOT_SIGNIFICANT,48
ND,WUI-S,500,p_a,HH,8
ND,WUI-S,500,p_a,LL,13
ND,WUI-S,500,p_a,NOT_SIGNIFICANT,32
ND,WUI-S,500,p_s,HH,7
ND,WUI-S,500,p_s,LH,1
ND,WUI-S,500,p_s,LL,11
ND,WUI-S,500,p_s,NOT_SIGNIFICANT,34
ND,WUI-Z,500,p_a,NOT_SIGNIFICANT,53
NE,WUI-P,500,p_a,NOT_SIGNIFICANT,93
NE,WUI-P,500,p_s,HH,3
NE,WUI-P,500,p_s,LL,7
NE,WUI-P,500,p_s,NOT_SIGNIFICANT,83
NE,WUI-S,500,p_a,NOT_SIGNIFICANT,93
NE,WUI-S,500,p_s,HH,18
NE,WUI-S,500,p_s,LH,1
NE,WUI-S,500,p_s,LL,21
NE,WUI-S,500,p_s,NOT_SIGNIFICANT,53
NE,WUI-Z,500,p_a,NOT_SIGNIFICANT,93
NH,WUI-P,500,p_a,ISLAND_OR_UNDEFINED,10
NH,WUI-P,500,p_s,ISLAND_OR_UNDEFINED,10
NH,WUI-S,500,p_a,ISLAND_OR_UNDEFINED,10
NH,WUI-S,500,p_s,ISLAND_OR_UNDEFINED,10
NH,WUI-Z,500,p_a,ISLAND_OR_UNDEFINED,10
NJ,WUI-P,500,p_a,ISLAND_OR_UNDEFINED,21
NJ,WUI-P,500,p_s,ISLAND_OR_UNDEFINED,21
NJ,WUI-S,500,p_a,ISLAND_OR_UNDEFINED,21
NJ,WUI-S,500,p_s,ISLAND_OR_UNDEFINED,21
NJ,WUI-Z,500,p_a,ISLAND_OR_UNDEFINED,21
NM,WUI-P,500,p_a,NOT_SIGNIFICANT,33
NM,WUI-P,500,p_s,NOT_SIGNIFICANT,33
NM,WUI-S,500,p_a,NOT_SIGNIFICANT,33
NM,WUI-S,500,p_s,NOT_SIGNIFICANT,33
NM,WUI-Z,500,p_a,NOT_SIGNIFICANT,33
NV,WUI-P,500,p_a,ISLAND_OR_UNDEFINED,17
NV,WUI-P,500,p_s,ISLAND_OR_UNDEFINED,16
NV,WUI-S,500,p_a,ISLAND_OR_UNDEFINED,17
NV,WUI-S,500,p_s,ISLAND_OR_UNDEFINED,17
NV,WUI-Z,500,p_a,ISLAND_OR_UNDEFINED,17
NY,WUI-P,500,p_a,HH,8
NY,WUI-P,500,p_a,LL,4
NY,WUI-P,500,p_a,NOT_SIGNIFICANT,50
NY,WUI-P,500,p_s,HH,1
NY,WUI-P,500,p_s,LL,4
NY,WUI-P,500,p_s,NOT_SIGNIFICANT,57
NY,WUI-S,500,p_a,HH,7
NY,WUI-S,500,p_a,LL,3
NY,WUI-S,500,p_a,NOT_SIGNIFICANT,52
NY,WUI-S,500,p_s,HH,1
NY,WUI-S,500,p_s,LL,5
NY,WUI-S,500,p_s,NOT_SIGNIFICANT,56
NY,WUI-Z,500,p_a,HH,7
NY,WUI-Z,500,p_a,LL,4
NY,WUI-Z,500,p_a,NOT_SIGNIFICANT,51
OH,WUI-P,500,p_a,HH,5
OH,WUI-P,500,p_a,LL,18
OH,WUI-P,500,p_a,NOT_SIGNIFICANT,65
OH,WUI-P,500,p_s,HH,13
OH,WUI-P,500,p_s,LL,19
OH,WUI-P,500,p_s,NOT_SIGNIFICANT,56
OH,WUI-S,500,p_a,HH,14
OH,WUI-S,500,p_a,LL,18
OH,WUI-S,500,p_a,NOT_SIGNIFICANT,56
OH,WUI-S,500,p_s,HH,15
OH,WUI-S,500,p_s,LL,22
OH,WUI-S,500,p_s,NOT_SIGNIFICANT,51
OH,WUI-Z,500,p_a,HH,2
OH,WUI-Z,500,p_a,LL,16
OH,WUI-Z,500,p_a,NOT_SIGNIFICANT,70
OK,WUI-P,500,p_a,NOT_SIGNIFICANT,77
OK,WUI-P,500,p_s,ISLAND_OR_UNDEFINED,27
OK,WUI-S,500,p_a,HH,7
OK,WUI-S,500,p_a,LL,4
OK,WUI-S,500,p_a,NOT_SIGNIFICANT,66
OK,WUI-S,500,p_s,HH,4
OK,WUI-S,500,p_s,LL,2
OK,WUI-S,500,p_s,NOT_SIGNIFICANT,71
OK,WUI-Z,500,p_a,HH,5
OK,WUI-Z,500,p_a,LL,8
OK,WUI-Z,500,p_a,NOT_SIGNIFICANT,64
OR,WUI-P,500,p_a,HH,5
OR,WUI-P,500,p_a,LL,4
OR,WUI-P,500,p_a,NOT_SIGNIFICANT,27
OR,WUI-P,500,p_s,NOT_SIGNIFICANT,36
OR,WUI-S,500,p_a,HH,3
OR,WUI-S,500,p_a,LL,1
OR,WUI-S,500,p_a,NOT_SIGNIFICANT,32
OR,WUI-S,500,p_s,NOT_SIGNIFICANT,36
OR,WUI-Z,500,p_a,HH,4
OR,WUI-Z,500,p_a,LL,7
OR,WUI-Z,500,p_a,NOT_SIGNIFICANT,25
PA,WUI-P,500,p_a,NOT_SIGNIFICANT,67
PA,WUI-P,500,p_s,HH,6
PA,WUI-P,500,p_s,LL,7
PA,WUI-P,500,p_s,NOT_SIGNIFICANT,54
PA,WUI-S,500,p_a,NOT_SIGNIFICANT,67
PA,WUI-S,500,p_s,HH,5
PA,WUI-S,500,p_s,LL,8
PA,WUI-S,500,p_s,NOT_SIGNIFICANT,54
PA,WUI-Z,500,p_a,HH,6
PA,WUI-Z,500,p_a,LL,5
PA,WUI-Z,500,p_a,NOT_SIGNIFICANT,56
RI,WUI-P,500,p_a,ISLAND_OR_UNDEFINED,5
RI,WUI-P,500,p_s,ISLAND_OR_UNDEFINED,5
RI,WUI-S,500,p_a,ISLAND_OR_UNDEFINED,5
RI,WUI-S,500,p_s,ISLAND_OR_UNDEFINED,5
RI,WUI-Z,500,p_a,ISLAND_OR_UNDEFINED,5
SC,WUI-P,500,p_a,NOT_SIGNIFICANT,46
SC,WUI-P,500,p_s,NOT_SIGNIFICANT,44
SC,WUI-S,500,p_a,NOT_SIGNIFICANT,46
SC,WUI-S,500,p_s,NOT_SIGNIFICANT,46
SC,WUI-Z,500,p_a,LL,3
SC,WUI-Z,500,p_a,NOT_SIGNIFICANT,43
SD,WUI-P,500,p_a,NOT_SIGNIFICANT,66
SD,WUI-P,500,p_s,HH,6
SD,WUI-P,500,p_s,LL,6
SD,WUI-P,500,p_s,NOT_SIGNIFICANT,54
SD,WUI-S,500,p_a,LL,8
SD,WUI-S,500,p_a,NOT_SIGNIFICANT,58
SD,WUI-S,500,p_s,HH,17
SD,WUI-S,500,p_s,LL,15
SD,WUI-S,500,p_s,NOT_SIGNIFICANT,34
SD,WUI-Z,500,p_a,NOT_SIGNIFICANT,66
TN,WUI-P,500,p_a,HH,2
TN,WUI-P,500,p_a,LL,8
TN,WUI-P,500,p_a,NOT_SIGNIFICANT,85
TN,WUI-P,500,p_s,NOT_SIGNIFICANT,95
TN,WUI-S,500,p_a,HH,2
TN,WUI-S,500,p_a,LL,8
TN,WUI-S,500,p_a,NOT_SIGNIFICANT,85
TN,WUI-S,500,p_s,NOT_SIGNIFICANT,95
TN,WUI-Z,500,p_a,HH,2
TN,WUI-Z,500,p_a,HL,1
TN,WUI-Z,500,p_a,LL,7
TN,WUI-Z,500,p_a,NOT_SIGNIFICANT,85
TX,WUI-P,500,p_a,HH,27
TX,WUI-P,500,p_a,LL,31
TX,WUI-P,500,p_a,NOT_SIGNIFICANT,196
TX,WUI-P,500,p_s,HH,12
TX,WUI-P,500,p_s,HL,1
TX,WUI-P,500,p_s,LL,23
TX,WUI-P,500,p_s,NOT_SIGNIFICANT,218
TX,WUI-S,500,p_a,HH,23
TX,WUI-S,500,p_a,LH,1
TX,WUI-S,500,p_a,LL,29
TX,WUI-S,500,p_a,NOT_SIGNIFICANT,201
TX,WUI-S,500,p_s,HH,18
TX,WUI-S,500,p_s,HL,1
TX,WUI-S,500,p_s,LL,28
TX,WUI-S,500,p_s,NOT_SIGNIFICANT,207
TX,WUI-Z,500,p_a,HH,16
TX,WUI-Z,500,p_a,LL,23
TX,WUI-Z,500,p_a,NOT_SIGNIFICANT,215
UT,WUI-P,500,p_a,ISLAND_OR_UNDEFINED,29
UT,WUI-P,500,p_s,ISLAND_OR_UNDEFINED,29
UT,WUI-S,500,p_a,ISLAND_OR_UNDEFINED,29
UT,WUI-S,500,p_s,ISLAND_OR_UNDEFINED,29
UT,WUI-Z,500,p_a,ISLAND_OR_UNDEFINED,29
VA,WUI-P,500,p_a,NOT_SIGNIFICANT,133
VA,WUI-P,500,p_s,NOT_SIGNIFICANT,133
VA,WUI-S,500,p_a,NOT_SIGNIFICANT,133
VA,WUI-S,500,p_s,NOT_SIGNIFICANT,133
VA,WUI-Z,500,p_a,NOT_SIGNIFICANT,133
VT,WUI-P,500,p_a,ISLAND_OR_UNDEFINED,14
VT,WUI-P,500,p_s,ISLAND_OR_UNDEFINED,14
VT,WUI-S,500,p_a,ISLAND_OR_UNDEFINED,14
VT,WUI-S,500,p_s,ISLAND_OR_UNDEFINED,14
VT,WUI-Z,500,p_a,ISLAND_OR_UNDEFINED,14
WA,WUI-P,500,p_a,NOT_SIGNIFICANT,39
WA,WUI-P,500,p_s,NOT_SIGNIFICANT,39
WA,WUI-S,500,p_a,LL,3
WA,WUI-S,500,p_a,NOT_SIGNIFICANT,36
WA,WUI-S,500,p_s,NOT_SIGNIFICANT,39
WA,WUI-Z,500,p_a,LL,4
WA,WUI-Z,500,p_a,NOT_SIGNIFICANT,35
WI,WUI-P,500,p_a,NOT_SIGNIFICANT,72
WI,WUI-P,500,p_s,HH,11
WI,WUI-P,500,p_s,LL,12
WI,WUI-P,500,p_s,NOT_SIGNIFICANT,49
WI,WUI-S,500,p_a,NOT_SIGNIFICANT,72
WI,WUI-S,500,p_s,HH,11
WI,WUI-S,500,p_s,LL,12
WI,WUI-S,500,p_s,NOT_SIGNIFICANT,49
WI,WUI-Z,500,p_a,NOT_SIGNIFICANT,72
WV,WUI-P,500,p_a,NOT_SIGNIFICANT,55
WV,WUI-P,500,p_s,NOT_SIGNIFICANT,55
WV,WUI-S,500,p_a,NOT_SIGNIFICANT,55
WV,WUI-S,500,p_s,NOT_SIGNIFICANT,55
WV,WUI-Z,500,p_a,NOT_SIGNIFICANT,55
WY,WUI-P,500,p_a,ISLAND_OR_UNDEFINED,23
WY,WUI-P,500,p_s,ISLAND_OR_UNDEFINED,23
WY,WUI-S,500,p_a,ISLAND_OR_UNDEFINED,23
WY,WUI-S,500,p_s,ISLAND_OR_UNDEFINED,23
WY,WUI-Z,500,p_a,ISLAND_OR_UNDEFINED,23
