fdr_family_id,state,method,variable,frozen_weight_variable,fdr_n_tests,n_islands_excluded,fdr_alpha,fdr_critical_p,raw_significant_count,fdr_significant_count,formal_p_value_field,status,analysis_scope,frozen_weight_method
AL__WUIP__p_a,AL,WUI-P,p_a,area_proportion,67,0,0.050000000000,0.000746268657,13,0,p_sim_two_sided,PASS,county_within_state_patch75_500m,WUI-P
AL__WUIP__p_s,AL,WUI-P,p_s,structure_proportion,59,0,0.050000000000,0.000847457627,6,0,p_sim_two_sided,PASS,county_within_state_patch75_500m,WUI-P
AL__WUIS__p_a,AL,WUI-S,p_a,area_proportion,67,0,0.050000000000,0.000746268657,19,0,p_sim_two_sided,PASS,county_within_state_patch75_500m,WUI-S
AL__WUIS__p_s,AL,WUI-S,p_s,structure_proportion,67,0,0.050000000000,0.003731343284,13,5,p_sim_two_sided,PASS,county_within_state_patch75_500m,WUI-S
AL__WUIZ__p_a,AL,WUI-Z,p_a,area_proportion,67,0,0.050000000000,0.008208955224,19,11,p_sim_two_sided,PASS,county_within_state_patch75_500m,WUI-P
AR__WUIP__p_a,AR,WUI-P,p_a,area_proportion,75,0,0.050000000000,0.010666666667,21,16,p_sim_two_sided,PASS,county_within_state_patch75_500m,WUI-P
AR__WUIP__p_s,AR,WUI-P,p_s,structure_proportion,75,0,0.050000000000,0.010666666667,26,16,p_sim_two_sided,PASS,county_within_state_patch75_500m,WUI-P
AR__WUIS__p_a,AR,WUI-S,p_a,area_proportion,75,0,0.050000000000,0.013333333333,22,20,p_sim_two_sided,PASS,county_within_state_patch75_500m,WUI-S
AR__WUIS__p_s,AR,WUI-S,p_s,structure_proportion,75,0,0.050000000000,0.009333333333,27,14,p_sim_two_sided,PASS,county_within_state_patch75_500m,WUI-S
AR__WUIZ__p_a,AR,WUI-Z,p_a,area_proportion,75,0,0.050000000000,0.004666666667,15,7,p_sim_two_sided,PASS,county_within_state_patch75_500m,WUI-P
CA__WUIP__p_a,CA,WUI-P,p_a,area_proportion,58,0,0.050000000000,0.000862068966,3,0,p_sim_two_sided,PASS,county_within_state_patch75_500m,WUI-P
CA__WUIP__p_s,CA,WUI-P,p_s,structure_proportion,58,0,0.050000000000,0.000862068966,4,0,p_sim_two_sided,PASS,county_within_state_patch75_500m,WUI-P
CA__WUIS__p_a,CA,WUI-S,p_a,area_proportion,58,0,0.050000000000,0.000862068966,8,0,p_sim_two_sided,PASS,county_within_state_patch75_500m,WUI-S
CA__WUIS__p_s,CA,WUI-S,p_s,structure_proportion,58,0,0.050000000000,0.000862068966,7,0,p_sim_two_sided,PASS,county_within_state_patch75_500m,WUI-S
CA__WUIZ__p_a,CA,WUI-Z,p_a,area_proportion,58,0,0.050000000000,0.000862068966,4,0,p_sim_two_sided,PASS,county_within_state_patch75_500m,WUI-P
CO__WUIP__p_a,CO,WUI-P,p_a,area_proportion,64,0,0.050000000000,0.005468750000,19,7,p_sim_two_sided,PASS,county_within_state_patch75_500m,WUI-P
CO__WUIP__p_s,CO,WUI-P,p_s,structure_proportion,58,0,0.050000000000,0.000862068966,17,0,p_sim_two_sided,PASS,county_within_state_patch75_500m,WUI-P
CO__WUIS__p_a,CO,WUI-S,p_a,area_proportion,64,0,0.050000000000,0.000781250000,19,0,p_sim_two_sided,PASS,county_within_state_patch75_500m,WUI-S
CO__WUIS__p_s,CO,WUI-S,p_s,structure_proportion,64,0,0.050000000000,0.006250000000,16,8,p_sim_two_sided,PASS,county_within_state_patch75_500m,WUI-S
CO__WUIZ__p_a,CO,WUI-Z,p_a,area_proportion,64,0,0.050000000000,0.007812500000,18,10,p_sim_two_sided,PASS,county_within_state_patch75_500m,WUI-P
FL__WUIP__p_a,FL,WUI-P,p_a,area_proportion,67,0,0.050000000000,0.000746268657,19,0,p_sim_two_sided,PASS,county_within_state_patch75_500m,WUI-P
FL__WUIP__p_s,FL,WUI-P,p_s,structure_proportion,67,0,0.050000000000,0.004477611940,22,6,p_sim_two_sided,PASS,county_within_state_patch75_500m,WUI-P
FL__WUIS__p_a,FL,WUI-S,p_a,area_proportion,67,0,0.050000000000,0.000746268657,21,0,p_sim_two_sided,PASS,county_within_state_patch75_500m,WUI-S
FL__WUIS__p_s,FL,WUI-S,p_s,structure_proportion,67,0,0.050000000000,0.005223880597,26,7,p_sim_two_sided,PASS,county_within_state_patch75_500m,WUI-S
FL__WUIZ__p_a,FL,WUI-Z,p_a,area_proportion,67,0,0.050000000000,0.007462686567,19,10,p_sim_two_sided,PASS,county_within_state_patch75_500m,WUI-P
GA__WUIP__p_a,GA,WUI-P,p_a,area_proportion,159,0,0.050000000000,0.000314465409,23,0,p_sim_two_sided,PASS,county_within_state_patch75_500m,WUI-P
GA__WUIP__p_s,GA,WUI-P,p_s,structure_proportion,154,0,0.050000000000,0.003246753247,39,10,p_sim_two_sided,PASS,county_within_state_patch75_500m,WUI-P
GA__WUIS__p_a,GA,WUI-S,p_a,area_proportion,159,0,0.050000000000,0.008490566038,61,27,p_sim_two_sided,PASS,county_within_state_patch75_500m,WUI-S
GA__WUIS__p_s,GA,WUI-S,p_s,structure_proportion,159,0,0.050000000000,0.003144654088,39,10,p_sim_two_sided,PASS,county_within_state_patch75_500m,WUI-S
GA__WUIZ__p_a,GA,WUI-Z,p_a,area_proportion,159,0,0.050000000000,0.011006289308,63,35,p_sim_two_sided,PASS,county_within_state_patch75_500m,WUI-P
IA__WUIP__p_a,IA,WUI-P,p_a,area_proportion,99,0,0.050000000000,0.000505050505,26,0,p_sim_two_sided,PASS,county_within_state_patch75_500m,WUI-P
IA__WUIP__p_s,IA,WUI-P,p_s,structure_proportion,99,0,0.050000000000,0.000505050505,19,0,p_sim_two_sided,PASS,county_within_state_patch75_500m,WUI-P
IA__WUIS__p_a,IA,WUI-S,p_a,area_proportion,99,0,0.050000000000,0.003535353535,30,7,p_sim_two_sided,PASS,county_within_state_patch75_500m,WUI-S
IA__WUIS__p_s,IA,WUI-S,p_s,structure_proportion,99,0,0.050000000000,0.000505050505,20,0,p_sim_two_sided,PASS,county_within_state_patch75_500m,WUI-S
IA__WUIZ__p_a,IA,WUI-Z,p_a,area_proportion,99,0,0.050000000000,0.000505050505,24,0,p_sim_two_sided,PASS,county_within_state_patch75_500m,WUI-P
ID__WUIP__p_a,ID,WUI-P,p_a,area_proportion,44,0,0.050000000000,0.001136363636,7,0,p_sim_two_sided,PASS,county_within_state_patch75_500m,WUI-P
ID__WUIP__p_s,ID,WUI-P,p_s,structure_proportion,44,0,0.050000000000,0.001136363636,2,0,p_sim_two_sided,PASS,county_within_state_patch75_500m,WUI-P
ID__WUIS__p_a,ID,WUI-S,p_a,area_proportion,44,0,0.050000000000,0.003409090909,9,3,p_sim_two_sided,PASS,county_within_state_patch75_500m,WUI-S
ID__WUIS__p_s,ID,WUI-S,p_s,structure_proportion,44,0,0.050000000000,0.001136363636,2,0,p_sim_two_sided,PASS,county_within_state_patch75_500m,WUI-S
ID__WUIZ__p_a,ID,WUI-Z,p_a,area_proportion,44,0,0.050000000000,0.001136363636,6,0,p_sim_two_sided,PASS,county_within_state_patch75_500m,WUI-P
IL__WUIP__p_a,IL,WUI-P,p_a,area_proportion,102,0,0.050000000000,0.000490196078,5,0,p_sim_two_sided,PASS,county_within_state_patch75_500m,WUI-P
IL__WUIP__p_s,IL,WUI-P,p_s,structure_proportion,83,0,0.050000000000,0.000602409639,5,0,p_sim_two_sided,PASS,county_within_state_patch75_500m,WUI-P
IL__WUIS__p_a,IL,WUI-S,p_a,area_proportion,102,0,0.050000000000,0.004411764706,16,9,p_sim_two_sided,PASS,county_within_state_patch75_500m,WUI-S
IL__WUIS__p_s,IL,WUI-S,p_s,structure_proportion,102,0,0.050000000000,0.000490196078,17,0,p_sim_two_sided,PASS,county_within_state_patch75_500m,WUI-S
IL__WUIZ__p_a,IL,WUI-Z,p_a,area_proportion,102,0,0.050000000000,0.003431372549,12,7,p_sim_two_sided,PASS,county_within_state_patch75_500m,WUI-P
IN__WUIP__p_a,IN,WUI-P,p_a,area_proportion,92,0,0.050000000000,0.009239130435,38,17,p_sim_two_sided,PASS,county_within_state_patch75_500m,WUI-P
IN__WUIP__p_s,IN,WUI-P,p_s,structure_proportion,92,0,0.050000000000,0.009239130435,35,17,p_sim_two_sided,PASS,county_within_state_patch75_500m,WUI-P
IN__WUIS__p_a,IN,WUI-S,p_a,area_proportion,92,0,0.050000000000,0.009239130435,39,17,p_sim_two_sided,PASS,county_within_state_patch75_500m,WUI-S
IN__WUIS__p_s,IN,WUI-S,p_s,structure_proportion,92,0,0.050000000000,0.009239130435,36,17,p_sim_two_sided,PASS,county_within_state_patch75_500m,WUI-S
IN__WUIZ__p_a,IN,WUI-Z,p_a,area_proportion,92,0,0.050000000000,0.008152173913,36,15,p_sim_two_sided,PASS,county_within_state_patch75_500m,WUI-P
KS__WUIP__p_a,KS,WUI-P,p_a,area_proportion,105,0,0.050000000000,0.003333333333,24,7,p_sim_two_sided,PASS,county_within_state_patch75_500m,WUI-P
KS__WUIP__p_s,KS,WUI-P,p_s,structure_proportion,100,0,0.050000000000,0.000500000000,21,0,p_sim_two_sided,PASS,county_within_state_patch75_500m,WUI-P
KS__WUIS__p_a,KS,WUI-S,p_a,area_proportion,105,0,0.050000000000,0.010952380952,37,23,p_sim_two_sided,PASS,county_within_state_patch75_500m,WUI-S
KS__WUIS__p_s,KS,WUI-S,p_s,structure_proportion,105,0,0.050000000000,0.005714285714,23,12,p_sim_two_sided,PASS,county_within_state_patch75_500m,WUI-S
KS__WUIZ__p_a,KS,WUI-Z,p_a,area_proportion,105,0,0.050000000000,0.000476190476,16,0,p_sim_two_sided,PASS,county_within_state_patch75_500m,WUI-P
KY__WUIP__p_a,KY,WUI-P,p_a,area_proportion,120,0,0.050000000000,0.005416666667,38,13,p_sim_two_sided,PASS,county_within_state_patch75_500m,WUI-P
KY__WUIP__p_s,KY,WUI-P,p_s,structure_proportion,120,0,0.050000000000,0.010416666667,42,25,p_sim_two_sided,PASS,county_within_state_patch75_500m,WUI-P
KY__WUIS__p_a,KY,WUI-S,p_a,area_proportion,120,0,0.050000000000,0.007500000000,28,18,p_sim_two_sided,PASS,county_within_state_patch75_500m,WUI-S
KY__WUIS__p_s,KY,WUI-S,p_s,structure_proportion,120,0,0.050000000000,0.011666666667,42,28,p_sim_two_sided,PASS,county_within_state_patch75_500m,WUI-S
KY__WUIZ__p_a,KY,WUI-Z,p_a,area_proportion,120,0,0.050000000000,0.000416666667,20,0,p_sim_two_sided,PASS,county_within_state_patch75_500m,WUI-P
LA__WUIP__p_a,LA,WUI-P,p_a,area_proportion,64,0,0.050000000000,0.000781250000,12,0,p_sim_two_sided,PASS,county_within_state_patch75_500m,WUI-P
LA__WUIP__p_s,LA,WUI-P,p_s,structure_proportion,57,0,0.050000000000,0.000877192982,6,0,p_sim_two_sided,PASS,county_within_state_patch75_500m,WUI-P
LA__WUIS__p_a,LA,WUI-S,p_a,area_proportion,64,0,0.050000000000,0.003125000000,13,4,p_sim_two_sided,PASS,county_within_state_patch75_500m,WUI-S
LA__WUIS__p_s,LA,WUI-S,p_s,structure_proportion,64,0,0.050000000000,0.006250000000,13,8,p_sim_two_sided,PASS,county_within_state_patch75_500m,WUI-S
LA__WUIZ__p_a,LA,WUI-Z,p_a,area_proportion,64,0,0.050000000000,0.005468750000,11,7,p_sim_two_sided,PASS,county_within_state_patch75_500m,WUI-P
MI__WUIP__p_a,MI,WUI-P,p_a,area_proportion,83,0,0.050000000000,0.000602409639,16,0,p_sim_two_sided,PASS,county_within_state_patch75_500m,WUI-P
MI__WUIP__p_s,MI,WUI-P,p_s,structure_proportion,42,1,0.050000000000,0.001190476190,12,0,p_sim_two_sided,PASS,county_within_state_patch75_500m,WUI-P
MI__WUIS__p_a,MI,WUI-S,p_a,area_proportion,83,0,0.050000000000,0.005421686747,20,9,p_sim_two_sided,PASS,county_within_state_patch75_500m,WUI-S
MI__WUIS__p_s,MI,WUI-S,p_s,structure_proportion,83,0,0.050000000000,0.025301204819,51,42,p_sim_two_sided,PASS,county_within_state_patch75_500m,WUI-S
MI__WUIZ__p_a,MI,WUI-Z,p_a,area_proportion,83,0,0.050000000000,0.005421686747,20,9,p_sim_two_sided,PASS,county_within_state_patch75_500m,WUI-P
MN__WUIP__p_a,MN,WUI-P,p_a,area_proportion,87,0,0.050000000000,0.008045977011,30,14,p_sim_two_sided,PASS,county_within_state_patch75_500m,WUI-P
MN__WUIP__p_s,MN,WUI-P,p_s,structure_proportion,87,0,0.050000000000,0.007471264368,27,13,p_sim_two_sided,PASS,county_within_state_patch75_500m,WUI-P
MN__WUIS__p_a,MN,WUI-S,p_a,area_proportion,87,0,0.050000000000,0.009770114943,36,17,p_sim_two_sided,PASS,county_within_state_patch75_500m,WUI-S
MN__WUIS__p_s,MN,WUI-S,p_s,structure_proportion,87,0,0.050000000000,0.009195402299,31,16,p_sim_two_sided,PASS,county_within_state_patch75_500m,WUI-S
MN__WUIZ__p_a,MN,WUI-Z,p_a,area_proportion,87,0,0.050000000000,0.004597701149,30,8,p_sim_two_sided,PASS,county_within_state_patch75_500m,WUI-P
MO__WUIP__p_a,MO,WUI-P,p_a,area_proportion,115,0,0.050000000000,0.000434782609,13,0,p_sim_two_sided,PASS,county_within_state_patch75_500m,WUI-P
MO__WUIP__p_s,MO,WUI-P,p_s,structure_proportion,53,0,0.050000000000,0.000943396226,7,0,p_sim_two_sided,PASS,county_within_state_patch75_500m,WUI-P
MO__WUIS__p_a,MO,WUI-S,p_a,area_proportion,115,0,0.050000000000,0.010000000000,45,23,p_sim_two_sided,PASS,county_within_state_patch75_500m,WUI-S
MO__WUIS__p_s,MO,WUI-S,p_s,structure_proportion,115,0,0.050000000000,0.008695652174,42,20,p_sim_two_sided,PASS,county_within_state_patch75_500m,WUI-S
MO__WUIZ__p_a,MO,WUI-Z,p_a,area_proportion,115,0,0.050000000000,0.007391304348,29,17,p_sim_two_sided,PASS,county_within_state_patch75_500m,WUI-P
MS__WUIP__p_a,MS,WUI-P,p_a,area_proportion,82,0,0.050000000000,0.012195121951,27,20,p_sim_two_sided,PASS,county_within_state_patch75_500m,WUI-P
MS__WUIP__p_s,MS,WUI-P,p_s,structure_proportion,82,0,0.050000000000,0.004268292683,22,7,p_sim_two_sided,PASS,county_within_state_patch75_500m,WUI-P
MS__WUIS__p_a,MS,WUI-S,p_a,area_proportion,82,0,0.050000000000,0.013414634146,27,22,p_sim_two_sided,PASS,county_within_state_patch75_500m,WUI-S
MS__WUIS__p_s,MS,WUI-S,p_s,structure_proportion,82,0,0.050000000000,0.006097560976,25,10,p_sim_two_sided,PASS,county_within_state_patch75_500m,WUI-S
MS__WUIZ__p_a,MS,WUI-Z,p_a,area_proportion,82,0,0.050000000000,0.008536585366,24,14,p_sim_two_sided,PASS,county_within_state_patch75_500m,WUI-P
MT__WUIP__p_a,MT,WUI-P,p_a,area_proportion,56,0,0.050000000000,0.003571428571,19,4,p_sim_two_sided,PASS,county_within_state_patch75_500m,WUI-P
MT__WUIP__p_s,MT,WUI-P,p_s,structure_proportion,56,0,0.050000000000,0.000892857143,16,0,p_sim_two_sided,PASS,county_within_state_patch75_500m,WUI-P
MT__WUIS__p_a,MT,WUI-S,p_a,area_proportion,56,0,0.050000000000,0.000892857143,12,0,p_sim_two_sided,PASS,county_within_state_patch75_500m,WUI-S
MT__WUIS__p_s,MT,WUI-S,p_s,structure_proportion,56,0,0.050000000000,0.000892857143,14,0,p_sim_two_sided,PASS,county_within_state_patch75_500m,WUI-S
MT__WUIZ__p_a,MT,WUI-Z,p_a,area_proportion,56,0,0.050000000000,0.000892857143,13,0,p_sim_two_sided,PASS,county_within_state_patch75_500m,WUI-P
NC__WUIP__p_a,NC,WUI-P,p_a,area_proportion,100,0,0.050000000000,0.005500000000,33,11,p_sim_two_sided,PASS,county_within_state_patch75_500m,WUI-P
NC__WUIP__p_s,NC,WUI-P,p_s,structure_proportion,100,0,0.050000000000,0.007500000000,25,15,p_sim_two_sided,PASS,county_within_state_patch75_500m,WUI-P
NC__WUIS__p_a,NC,WUI-S,p_a,area_proportion,100,0,0.050000000000,0.007500000000,38,15,p_sim_two_sided,PASS,county_within_state_patch75_500m,WUI-S
NC__WUIS__p_s,NC,WUI-S,p_s,structure_proportion,100,0,0.050000000000,0.007500000000,26,15,p_sim_two_sided,PASS,county_within_state_patch75_500m,WUI-S
NC__WUIZ__p_a,NC,WUI-Z,p_a,area_proportion,100,0,0.050000000000,0.009000000000,41,18,p_sim_two_sided,PASS,county_within_state_patch75_500m,WUI-P
ND__WUIP__p_a,ND,WUI-P,p_a,area_proportion,53,0,0.050000000000,0.000943396226,16,0,p_sim_two_sided,PASS,county_within_state_patch75_500m,WUI-P
ND__WUIP__p_s,ND,WUI-P,p_s,structure_proportion,53,0,0.050000000000,0.004716981132,19,5,p_sim_two_sided,PASS,county_within_state_patch75_500m,WUI-P
ND__WUIS__p_a,ND,WUI-S,p_a,area_proportion,53,0,0.050000000000,0.019811320755,22,21,p_sim_two_sided,PASS,county_within_state_patch75_500m,WUI-S
ND__WUIS__p_s,ND,WUI-S,p_s,structure_proportion,53,0,0.050000000000,0.017924528302,25,19,p_sim_two_sided,PASS,county_within_state_patch75_500m,WUI-S
ND__WUIZ__p_a,ND,WUI-Z,p_a,area_proportion,53,0,0.050000000000,0.000943396226,8,0,p_sim_two_sided,PASS,county_within_state_patch75_500m,WUI-P
NE__WUIP__p_a,NE,WUI-P,p_a,area_proportion,93,0,0.050000000000,0.000537634409,10,0,p_sim_two_sided,PASS,county_within_state_patch75_500m,WUI-P
NE__WUIP__p_s,NE,WUI-P,p_s,structure_proportion,93,0,0.050000000000,0.005376344086,41,10,p_sim_two_sided,PASS,county_within_state_patch75_500m,WUI-P
NE__WUIS__p_a,NE,WUI-S,p_a,area_proportion,93,0,0.050000000000,0.000537634409,15,0,p_sim_two_sided,PASS,county_within_state_patch75_500m,WUI-S
NE__WUIS__p_s,NE,WUI-S,p_s,structure_proportion,93,0,0.050000000000,0.021505376344,49,40,p_sim_two_sided,PASS,county_within_state_patch75_500m,WUI-S
NE__WUIZ__p_a,NE,WUI-Z,p_a,area_proportion,93,0,0.050000000000,0.000537634409,8,0,p_sim_two_sided,PASS,county_within_state_patch75_500m,WUI-P
NM__WUIP__p_a,NM,WUI-P,p_a,area_proportion,33,0,0.050000000000,0.001515151515,6,0,p_sim_two_sided,PASS,county_within_state_patch75_500m,WUI-P
NM__WUIP__p_s,NM,WUI-P,p_s,structure_proportion,33,0,0.050000000000,0.001515151515,4,0,p_sim_two_sided,PASS,county_within_state_patch75_500m,WUI-P
NM__WUIS__p_a,NM,WUI-S,p_a,area_proportion,33,0,0.050000000000,0.001515151515,4,0,p_sim_two_sided,PASS,county_within_state_patch75_500m,WUI-S
NM__WUIS__p_s,NM,WUI-S,p_s,structure_proportion,33,0,0.050000000000,0.001515151515,3,0,p_sim_two_sided,PASS,county_within_state_patch75_500m,WUI-S
NM__WUIZ__p_a,NM,WUI-Z,p_a,area_proportion,33,0,0.050000000000,0.001515151515,8,0,p_sim_two_sided,PASS,county_within_state_patch75_500m,WUI-P
NY__WUIP__p_a,NY,WUI-P,p_a,area_proportion,62,0,0.050000000000,0.009677419355,18,12,p_sim_two_sided,PASS,county_within_state_patch75_500m,WUI-P
NY__WUIP__p_s,NY,WUI-P,p_s,structure_proportion,62,0,0.050000000000,0.004032258065,18,5,p_sim_two_sided,PASS,county_within_state_patch75_500m,WUI-P
NY__WUIS__p_a,NY,WUI-S,p_a,area_proportion,62,0,0.050000000000,0.008064516129,16,10,p_sim_two_sided,PASS,county_within_state_patch75_500m,WUI-S
NY__WUIS__p_s,NY,WUI-S,p_s,structure_proportion,62,0,0.050000000000,0.004838709677,18,6,p_sim_two_sided,PASS,county_within_state_patch75_500m,WUI-S
NY__WUIZ__p_a,NY,WUI-Z,p_a,area_proportion,62,0,0.050000000000,0.008870967742,16,11,p_sim_two_sided,PASS,county_within_state_patch75_500m,WUI-P
OH__WUIP__p_a,OH,WUI-P,p_a,area_proportion,88,0,0.050000000000,0.013068181818,44,23,p_sim_two_sided,PASS,county_within_state_patch75_500m,WUI-P
OH__WUIP__p_s,OH,WUI-P,p_s,structure_proportion,88,0,0.050000000000,0.018181818182,43,32,p_sim_two_sided,PASS,county_within_state_patch75_500m,WUI-P
OH__WUIS__p_a,OH,WUI-S,p_a,area_proportion,88,0,0.050000000000,0.018181818182,43,32,p_sim_two_sided,PASS,county_within_state_patch75_500m,WUI-S
OH__WUIS__p_s,OH,WUI-S,p_s,structure_proportion,88,0,0.050000000000,0.021022727273,43,37,p_sim_two_sided,PASS,county_within_state_patch75_500m,WUI-S
OH__WUIZ__p_a,OH,WUI-Z,p_a,area_proportion,88,0,0.050000000000,0.010227272727,37,18,p_sim_two_sided,PASS,county_within_state_patch75_500m,WUI-P
OK__WUIP__p_a,OK,WUI-P,p_a,area_proportion,77,0,0.050000000000,0.000649350649,9,0,p_sim_two_sided,PASS,county_within_state_patch75_500m,WUI-P
OK__WUIS__p_a,OK,WUI-S,p_a,area_proportion,77,0,0.050000000000,0.007142857143,24,11,p_sim_two_sided,PASS,county_within_state_patch75_500m,WUI-S
OK__WUIS__p_s,OK,WUI-S,p_s,structure_proportion,77,0,0.050000000000,0.003896103896,20,6,p_sim_two_sided,PASS,county_within_state_patch75_500m,WUI-S
OK__WUIZ__p_a,OK,WUI-Z,p_a,area_proportion,77,0,0.050000000000,0.008441558442,18,13,p_sim_two_sided,PASS,county_within_state_patch75_500m,WUI-P
OR__WUIP__p_a,OR,WUI-P,p_a,area_proportion,36,0,0.050000000000,0.012500000000,14,9,p_sim_two_sided,PASS,county_within_state_patch75_500m,WUI-P
OR__WUIP__p_s,OR,WUI-P,p_s,structure_proportion,36,0,0.050000000000,0.001388888889,3,0,p_sim_two_sided,PASS,county_within_state_patch75_500m,WUI-P
OR__WUIS__p_a,OR,WUI-S,p_a,area_proportion,36,0,0.050000000000,0.005555555556,13,4,p_sim_two_sided,PASS,county_within_state_patch75_500m,WUI-S
OR__WUIS__p_s,OR,WUI-S,p_s,structure_proportion,36,0,0.050000000000,0.001388888889,3,0,p_sim_two_sided,PASS,county_within_state_patch75_500m,WUI-S
OR__WUIZ__p_a,OR,WUI-Z,p_a,area_proportion,36,0,0.050000000000,0.015277777778,14,11,p_sim_two_sided,PASS,county_within_state_patch75_500m,WUI-P
PA__WUIP__p_a,PA,WUI-P,p_a,area_proportion,67,0,0.050000000000,0.000746268657,11,0,p_sim_two_sided,PASS,county_within_state_patch75_500m,WUI-P
PA__WUIP__p_s,PA,WUI-P,p_s,structure_proportion,67,0,0.050000000000,0.009701492537,21,13,p_sim_two_sided,PASS,county_within_state_patch75_500m,WUI-P
PA__WUIS__p_a,PA,WUI-S,p_a,area_proportion,67,0,0.050000000000,0.000746268657,19,0,p_sim_two_sided,PASS,county_within_state_patch75_500m,WUI-S
PA__WUIS__p_s,PA,WUI-S,p_s,structure_proportion,67,0,0.050000000000,0.009701492537,21,13,p_sim_two_sided,PASS,county_within_state_patch75_500m,WUI-S
PA__WUIZ__p_a,PA,WUI-Z,p_a,area_proportion,67,0,0.050000000000,0.008208955224,19,11,p_sim_two_sided,PASS,county_within_state_patch75_500m,WUI-P
SC__WUIP__p_a,SC,WUI-P,p_a,area_proportion,46,0,0.050000000000,0.001086956522,0,0,p_sim_two_sided,PASS,county_within_state_patch75_500m,WUI-P
SC__WUIP__p_s,SC,WUI-P,p_s,structure_proportion,44,0,0.050000000000,0.001136363636,4,0,p_sim_two_sided,PASS,county_within_state_patch75_500m,WUI-P
SC__WUIS__p_a,SC,WUI-S,p_a,area_proportion,46,0,0.050000000000,0.001086956522,8,0,p_sim_two_sided,PASS,county_within_state_patch75_500m,WUI-S
SC__WUIS__p_s,SC,WUI-S,p_s,structure_proportion,46,0,0.050000000000,0.001086956522,6,0,p_sim_two_sided,PASS,county_within_state_patch75_500m,WUI-S
SC__WUIZ__p_a,SC,WUI-Z,p_a,area_proportion,46,0,0.050000000000,0.003260869565,7,3,p_sim_two_sided,PASS,county_within_state_patch75_500m,WUI-P
SD__WUIP__p_a,SD,WUI-P,p_a,area_proportion,66,0,0.050000000000,0.000757575758,7,0,p_sim_two_sided,PASS,county_within_state_patch75_500m,WUI-P
SD__WUIP__p_s,SD,WUI-P,p_s,structure_proportion,66,0,0.050000000000,0.009090909091,29,12,p_sim_two_sided,PASS,county_within_state_patch75_500m,WUI-P
SD__WUIS__p_a,SD,WUI-S,p_a,area_proportion,66,0,0.050000000000,0.006060606061,16,8,p_sim_two_sided,PASS,county_within_state_patch75_500m,WUI-S
SD__WUIS__p_s,SD,WUI-S,p_s,structure_proportion,66,0,0.050000000000,0.024242424242,39,32,p_sim_two_sided,PASS,county_within_state_patch75_500m,WUI-S
SD__WUIZ__p_a,SD,WUI-Z,p_a,area_proportion,66,0,0.050000000000,0.000757575758,12,0,p_sim_two_sided,PASS,county_within_state_patch75_500m,WUI-P
TN__WUIP__p_a,TN,WUI-P,p_a,area_proportion,95,0,0.050000000000,0.005263157895,19,10,p_sim_two_sided,PASS,county_within_state_patch75_500m,WUI-P
TN__WUIP__p_s,TN,WUI-P,p_s,structure_proportion,95,0,0.050000000000,0.000526315789,22,0,p_sim_two_sided,PASS,county_within_state_patch75_500m,WUI-P
TN__WUIS__p_a,TN,WUI-S,p_a,area_proportion,95,0,0.050000000000,0.005263157895,21,10,p_sim_two_sided,PASS,county_within_state_patch75_500m,WUI-S
TN__WUIS__p_s,TN,WUI-S,p_s,structure_proportion,95,0,0.050000000000,0.000526315789,23,0,p_sim_two_sided,PASS,county_within_state_patch75_500m,WUI-S
TN__WUIZ__p_a,TN,WUI-Z,p_a,area_proportion,95,0,0.050000000000,0.005263157895,26,10,p_sim_two_sided,PASS,county_within_state_patch75_500m,WUI-P
TX__WUIP__p_a,TX,WUI-P,p_a,area_proportion,254,0,0.050000000000,0.011417322835,95,58,p_sim_two_sided,PASS,county_within_state_patch75_500m,WUI-P
TX__WUIP__p_s,TX,WUI-P,p_s,structure_proportion,254,0,0.050000000000,0.007086614173,89,36,p_sim_two_sided,PASS,county_within_state_patch75_500m,WUI-P
TX__WUIS__p_a,TX,WUI-S,p_a,area_proportion,254,0,0.050000000000,0.010433070866,94,53,p_sim_two_sided,PASS,county_within_state_patch75_500m,WUI-S
TX__WUIS__p_s,TX,WUI-S,p_s,structure_proportion,254,0,0.050000000000,0.009251968504,94,47,p_sim_two_sided,PASS,county_within_state_patch75_500m,WUI-S
TX__WUIZ__p_a,TX,WUI-Z,p_a,area_proportion,254,0,0.050000000000,0.007677165354,87,39,p_sim_two_sided,PASS,county_within_state_patch75_500m,WUI-P
VA__WUIP__p_a,VA,WUI-P,p_a,area_proportion,133,0,0.050000000000,0.000375939850,15,0,p_sim_two_sided,PASS,county_within_state_patch75_500m,WUI-P
VA__WUIP__p_s,VA,WUI-P,p_s,structure_proportion,133,0,0.050000000000,0.000375939850,20,0,p_sim_two_sided,PASS,county_within_state_patch75_500m,WUI-P
VA__WUIS__p_a,VA,WUI-S,p_a,area_proportion,133,0,0.050000000000,0.000375939850,14,0,p_sim_two_sided,PASS,county_within_state_patch75_500m,WUI-S
VA__WUIS__p_s,VA,WUI-S,p_s,structure_proportion,133,0,0.050000000000,0.000375939850,23,0,p_sim_two_sided,PASS,county_within_state_patch75_500m,WUI-S
VA__WUIZ__p_a,VA,WUI-Z,p_a,area_proportion,133,0,0.050000000000,0.000375939850,17,0,p_sim_two_sided,PASS,county_within_state_patch75_500m,WUI-P
WA__WUIP__p_a,WA,WUI-P,p_a,area_proportion,39,0,0.050000000000,0.001282051282,9,0,p_sim_two_sided,PASS,county_within_state_patch75_500m,WUI-P
WA__WUIP__p_s,WA,WUI-P,p_s,structure_proportion,39,0,0.050000000000,0.001282051282,4,0,p_sim_two_sided,PASS,county_within_state_patch75_500m,WUI-P
WA__WUIS__p_a,WA,WUI-S,p_a,area_proportion,39,0,0.050000000000,0.003846153846,9,3,p_sim_two_sided,PASS,county_within_state_patch75_500m,WUI-S
WA__WUIS__p_s,WA,WUI-S,p_s,structure_proportion,39,0,0.050000000000,0.001282051282,4,0,p_sim_two_sided,PASS,county_within_state_patch75_500m,WUI-S
WA__WUIZ__p_a,WA,WUI-Z,p_a,area_proportion,39,0,0.050000000000,0.005128205128,11,4,p_sim_two_sided,PASS,county_within_state_patch75_500m,WUI-P
WI__WUIP__p_a,WI,WUI-P,p_a,area_proportion,72,0,0.050000000000,0.000694444444,23,0,p_sim_two_sided,PASS,county_within_state_patch75_500m,WUI-P
WI__WUIP__p_s,WI,WUI-P,p_s,structure_proportion,72,0,0.050000000000,0.015972222222,27,23,p_sim_two_sided,PASS,county_within_state_patch75_500m,WUI-P
WI__WUIS__p_a,WI,WUI-S,p_a,area_proportion,72,0,0.050000000000,0.000694444444,20,0,p_sim_two_sided,PASS,county_within_state_patch75_500m,WUI-S
WI__WUIS__p_s,WI,WUI-S,p_s,structure_proportion,72,0,0.050000000000,0.015972222222,28,23,p_sim_two_sided,PASS,county_within_state_patch75_500m,WUI-S
WI__WUIZ__p_a,WI,WUI-Z,p_a,area_proportion,72,0,0.050000000000,0.000694444444,9,0,p_sim_two_sided,PASS,county_within_state_patch75_500m,WUI-P
WV__WUIP__p_a,WV,WUI-P,p_a,area_proportion,55,0,0.050000000000,0.000909090909,7,0,p_sim_two_sided,PASS,county_within_state_patch75_500m,WUI-P
WV__WUIP__p_s,WV,WUI-P,p_s,structure_proportion,55,0,0.050000000000,0.000909090909,5,0,p_sim_two_sided,PASS,county_within_state_patch75_500m,WUI-P
WV__WUIS__p_a,WV,WUI-S,p_a,area_proportion,55,0,0.050000000000,0.000909090909,10,0,p_sim_two_sided,PASS,county_within_state_patch75_500m,WUI-S
WV__WUIS__p_s,WV,WUI-S,p_s,structure_proportion,55,0,0.050000000000,0.000909090909,6,0,p_sim_two_sided,PASS,county_within_state_patch75_500m,WUI-S
WV__WUIZ__p_a,WV,WUI-Z,p_a,area_proportion,55,0,0.050000000000,0.000909090909,11,0,p_sim_two_sided,PASS,county_within_state_patch75_500m,WUI-P
