analysis_scope,state,method,buffer_m,variable,frozen_weight_method,frozen_weight_variable,feature_count,n_islands,row_standardized_S0,variable_variance,weights_sha256,eligibility_status,reason
county_within_state_patch75_500m,AL,WUI-P,500,p_a,WUI-P,area_proportion,67,0,67.000000000000,0.045950850143,c410fed375d8e4521a34ec3bc4380221f6876c3c44ea71cbfd1defd5caba8680,ELIGIBLE_FORMAL_N_GE_30,Option A passes n=67>=30
county_within_state_patch75_500m,AL,WUI-P,500,p_s,WUI-P,structure_proportion,59,0,59.000000000000,0.094289800348,c8baa035a69f6d0d7deeee206703e6f9b064b394e4140ca0eb8bd516ed04c66e,ELIGIBLE_FORMAL_N_GE_30,Option A passes n=59>=30
county_within_state_patch75_500m,AL,WUI-S,500,p_a,WUI-S,area_proportion,67,0,67.000000000000,0.015659406969,c410fed375d8e4521a34ec3bc4380221f6876c3c44ea71cbfd1defd5caba8680,ELIGIBLE_FORMAL_N_GE_30,Option A passes n=67>=30
county_within_state_patch75_500m,AL,WUI-S,500,p_s,WUI-S,structure_proportion,67,0,67.000000000000,0.059602178088,c410fed375d8e4521a34ec3bc4380221f6876c3c44ea71cbfd1defd5caba8680,ELIGIBLE_FORMAL_N_GE_30,Option A passes n=67>=30
county_within_state_patch75_500m,AL,WUI-Z,500,p_a,WUI-P,area_proportion,67,0,67.000000000000,0.021137281901,c410fed375d8e4521a34ec3bc4380221f6876c3c44ea71cbfd1defd5caba8680,ELIGIBLE_FORMAL_N_GE_30,Option A passes n=67>=30
county_within_state_patch75_500m,AR,WUI-P,500,p_a,WUI-P,area_proportion,75,0,75.000000000000,0.012207422768,76f2a1ee9411e106b923326fbb5fd37c9645285dc719372fdab312afeb6e4470,ELIGIBLE_FORMAL_N_GE_30,Option A passes n=75>=30
county_within_state_patch75_500m,AR,WUI-P,500,p_s,WUI-P,structure_proportion,75,0,75.000000000000,0.083376692537,76f2a1ee9411e106b923326fbb5fd37c9645285dc719372fdab312afeb6e4470,ELIGIBLE_FORMAL_N_GE_30,Option A passes n=75>=30
county_within_state_patch75_500m,AR,WUI-S,500,p_a,WUI-S,area_proportion,75,0,75.000000000000,0.012140843453,76f2a1ee9411e106b923326fbb5fd37c9645285dc719372fdab312afeb6e4470,ELIGIBLE_FORMAL_N_GE_30,Option A passes n=75>=30
county_within_state_patch75_500m,AR,WUI-S,500,p_s,WUI-S,structure_proportion,75,0,75.000000000000,0.089300159705,76f2a1ee9411e106b923326fbb5fd37c9645285dc719372fdab312afeb6e4470,ELIGIBLE_FORMAL_N_GE_30,Option A passes n=75>=30
county_within_state_patch75_500m,AR,WUI-Z,500,p_a,WUI-P,area_proportion,75,0,75.000000000000,0.009445074337,76f2a1ee9411e106b923326fbb5fd37c9645285dc719372fdab312afeb6e4470,ELIGIBLE_FORMAL_N_GE_30,Option A passes n=75>=30
county_within_state_patch75_500m,AZ,WUI-P,500,p_a,WUI-P,area_proportion,15,0,15.000000000000,0.001769022679,89a117ac87013c753a9666307b42ee9594fee299fd2683b412e63c85f3d487e3,EXCLUDED_N_LT_30,Option A excludes n=15<30
county_within_state_patch75_500m,AZ,WUI-P,500,p_s,WUI-P,structure_proportion,15,0,15.000000000000,0.064408606982,89a117ac87013c753a9666307b42ee9594fee299fd2683b412e63c85f3d487e3,EXCLUDED_N_LT_30,Option A excludes n=15<30
county_within_state_patch75_500m,AZ,WUI-S,500,p_a,WUI-S,area_proportion,15,0,15.000000000000,0.001152968670,89a117ac87013c753a9666307b42ee9594fee299fd2683b412e63c85f3d487e3,EXCLUDED_N_LT_30,Option A excludes n=15<30
county_within_state_patch75_500m,AZ,WUI-S,500,p_s,WUI-S,structure_proportion,15,0,15.000000000000,0.056612671448,89a117ac87013c753a9666307b42ee9594fee299fd2683b412e63c85f3d487e3,EXCLUDED_N_LT_30,Option A excludes n=15<30
county_within_state_patch75_500m,AZ,WUI-Z,500,p_a,WUI-P,area_proportion,15,0,15.000000000000,0.000666333838,89a117ac87013c753a9666307b42ee9594fee299fd2683b412e63c85f3d487e3,EXCLUDED_N_LT_30,Option A excludes n=15<30
county_within_state_patch75_500m,CA,WUI-P,500,p_a,WUI-P,area_proportion,58,0,58.000000000000,0.011358839277,3125eee1efdeed67dbd25544efb39fbefa20f98cba387834d67348e84a9f645c,ELIGIBLE_FORMAL_N_GE_30,Option A passes n=58>=30
county_within_state_patch75_500m,CA,WUI-P,500,p_s,WUI-P,structure_proportion,58,0,58.000000000000,0.103096296244,3125eee1efdeed67dbd25544efb39fbefa20f98cba387834d67348e84a9f645c,ELIGIBLE_FORMAL_N_GE_30,Option A passes n=58>=30
county_within_state_patch75_500m,CA,WUI-S,500,p_a,WUI-S,area_proportion,58,0,58.000000000000,0.011523121243,3125eee1efdeed67dbd25544efb39fbefa20f98cba387834d67348e84a9f645c,ELIGIBLE_FORMAL_N_GE_30,Option A passes n=58>=30
county_within_state_patch75_500m,CA,WUI-S,500,p_s,WUI-S,structure_proportion,58,0,58.000000000000,0.113517770436,3125eee1efdeed67dbd25544efb39fbefa20f98cba387834d67348e84a9f645c,ELIGIBLE_FORMAL_N_GE_30,Option A passes n=58>=30
county_within_state_patch75_500m,CA,WUI-Z,500,p_a,WUI-P,area_proportion,58,0,58.000000000000,0.008928857034,3125eee1efdeed67dbd25544efb39fbefa20f98cba387834d67348e84a9f645c,ELIGIBLE_FORMAL_N_GE_30,Option A passes n=58>=30
county_within_state_patch75_500m,CO,WUI-P,500,p_a,WUI-P,area_proportion,64,0,64.000000000000,0.013785572051,24d8522d3f0a65de1ebd45ff426f29fce84800b68c46c984a4bb0d741be2215c,ELIGIBLE_FORMAL_N_GE_30,Option A passes n=64>=30
county_within_state_patch75_500m,CO,WUI-P,500,p_s,WUI-P,structure_proportion,58,0,58.000000000000,0.107838532106,1113739de390527829fe2a9c730e159d81c56f7bcdc62b466cedab449e00785d,ELIGIBLE_FORMAL_N_GE_30,Option A passes n=58>=30
county_within_state_patch75_500m,CO,WUI-S,500,p_a,WUI-S,area_proportion,64,0,64.000000000000,0.008175557314,24d8522d3f0a65de1ebd45ff426f29fce84800b68c46c984a4bb0d741be2215c,ELIGIBLE_FORMAL_N_GE_30,Option A passes n=64>=30
county_within_state_patch75_500m,CO,WUI-S,500,p_s,WUI-S,structure_proportion,64,0,64.000000000000,0.065108702563,24d8522d3f0a65de1ebd45ff426f29fce84800b68c46c984a4bb0d741be2215c,ELIGIBLE_FORMAL_N_GE_30,Option A passes n=64>=30
county_within_state_patch75_500m,CO,WUI-Z,500,p_a,WUI-P,area_proportion,64,0,64.000000000000,0.005907287192,24d8522d3f0a65de1ebd45ff426f29fce84800b68c46c984a4bb0d741be2215c,ELIGIBLE_FORMAL_N_GE_30,Option A passes n=64>=30
county_within_state_patch75_500m,CT,WUI-P,500,p_a,WUI-P,area_proportion,9,0,9.000000000000,0.023434422815,2e4cecfa506532034c13b32b21cd5d01ec13a161a9f017fe663512cfd6dd9230,EXCLUDED_N_LT_30,Option A excludes n=9<30
county_within_state_patch75_500m,CT,WUI-P,500,p_s,WUI-P,structure_proportion,9,0,9.000000000000,0.071045708194,2e4cecfa506532034c13b32b21cd5d01ec13a161a9f017fe663512cfd6dd9230,EXCLUDED_N_LT_30,Option A excludes n=9<30
county_within_state_patch75_500m,CT,WUI-S,500,p_a,WUI-S,area_proportion,9,0,9.000000000000,0.026092893678,2e4cecfa506532034c13b32b21cd5d01ec13a161a9f017fe663512cfd6dd9230,EXCLUDED_N_LT_30,Option A excludes n=9<30
county_within_state_patch75_500m,CT,WUI-S,500,p_s,WUI-S,structure_proportion,9,0,9.000000000000,0.069986901235,2e4cecfa506532034c13b32b21cd5d01ec13a161a9f017fe663512cfd6dd9230,EXCLUDED_N_LT_30,Option A excludes n=9<30
county_within_state_patch75_500m,CT,WUI-Z,500,p_a,WUI-P,area_proportion,9,0,9.000000000000,0.023832008913,2e4cecfa506532034c13b32b21cd5d01ec13a161a9f017fe663512cfd6dd9230,EXCLUDED_N_LT_30,Option A excludes n=9<30
county_within_state_patch75_500m,DC,WUI-P,500,p_a,WUI-P,area_proportion,1,1,0.000000000000,0.000000000000,c6f7a634e185be6d8a5a94ec5f966039cc69f378b6d9201a47af977ae517ef63,UNDEFINED_N1_OR_S0_ZERO,n=1; row-standardized S0=0.0
county_within_state_patch75_500m,DC,WUI-P,500,p_s,WUI-P,structure_proportion,1,1,0.000000000000,0.000000000000,c6f7a634e185be6d8a5a94ec5f966039cc69f378b6d9201a47af977ae517ef63,UNDEFINED_N1_OR_S0_ZERO,n=1; row-standardized S0=0.0
county_within_state_patch75_500m,DC,WUI-S,500,p_a,WUI-S,area_proportion,1,1,0.000000000000,0.000000000000,c6f7a634e185be6d8a5a94ec5f966039cc69f378b6d9201a47af977ae517ef63,UNDEFINED_N1_OR_S0_ZERO,n=1; row-standardized S0=0.0
county_within_state_patch75_500m,DC,WUI-S,500,p_s,WUI-S,structure_proportion,1,1,0.000000000000,0.000000000000,c6f7a634e185be6d8a5a94ec5f966039cc69f378b6d9201a47af977ae517ef63,UNDEFINED_N1_OR_S0_ZERO,n=1; row-standardized S0=0.0
county_within_state_patch75_500m,DC,WUI-Z,500,p_a,WUI-P,area_proportion,1,1,0.000000000000,0.000000000000,c6f7a634e185be6d8a5a94ec5f966039cc69f378b6d9201a47af977ae517ef63,UNDEFINED_N1_OR_S0_ZERO,n=1; row-standardized S0=0.0
county_within_state_patch75_500m,DE,WUI-P,500,p_a,WUI-P,area_proportion,3,0,3.000000000000,0.001227336844,30f3ecf010fe846e70f920daad27c46ee77192aea29d73596f903b85aef4a486,EXCLUDED_N_LT_30,Option A excludes n=3<30
county_within_state_patch75_500m,DE,WUI-P,500,p_s,WUI-P,structure_proportion,3,0,3.000000000000,0.003868393688,30f3ecf010fe846e70f920daad27c46ee77192aea29d73596f903b85aef4a486,EXCLUDED_N_LT_30,Option A excludes n=3<30
county_within_state_patch75_500m,DE,WUI-S,500,p_a,WUI-S,area_proportion,3,0,3.000000000000,0.001164421721,30f3ecf010fe846e70f920daad27c46ee77192aea29d73596f903b85aef4a486,EXCLUDED_N_LT_30,Option A excludes n=3<30
county_within_state_patch75_500m,DE,WUI-S,500,p_s,WUI-S,structure_proportion,3,0,3.000000000000,0.003589602700,30f3ecf010fe846e70f920daad27c46ee77192aea29d73596f903b85aef4a486,EXCLUDED_N_LT_30,Option A excludes n=3<30
county_within_state_patch75_500m,DE,WUI-Z,500,p_a,WUI-P,area_proportion,3,0,3.000000000000,0.001368323092,30f3ecf010fe846e70f920daad27c46ee77192aea29d73596f903b85aef4a486,EXCLUDED_N_LT_30,Option A excludes n=3<30
county_within_state_patch75_500m,FL,WUI-P,500,p_a,WUI-P,area_proportion,67,0,67.000000000000,0.025080907603,104f6731c9f83335756d169a17b5c361bb27549fdae812b96ce8cafdbe6b60a1,ELIGIBLE_FORMAL_N_GE_30,Option A passes n=67>=30
county_within_state_patch75_500m,FL,WUI-P,500,p_s,WUI-P,structure_proportion,67,0,67.000000000000,0.087789712879,104f6731c9f83335756d169a17b5c361bb27549fdae812b96ce8cafdbe6b60a1,ELIGIBLE_FORMAL_N_GE_30,Option A passes n=67>=30
county_within_state_patch75_500m,FL,WUI-S,500,p_a,WUI-S,area_proportion,67,0,67.000000000000,0.014775905257,104f6731c9f83335756d169a17b5c361bb27549fdae812b96ce8cafdbe6b60a1,ELIGIBLE_FORMAL_N_GE_30,Option A passes n=67>=30
county_within_state_patch75_500m,FL,WUI-S,500,p_s,WUI-S,structure_proportion,67,0,67.000000000000,0.090023263828,104f6731c9f83335756d169a17b5c361bb27549fdae812b96ce8cafdbe6b60a1,ELIGIBLE_FORMAL_N_GE_30,Option A passes n=67>=30
county_within_state_patch75_500m,FL,WUI-Z,500,p_a,WUI-P,area_proportion,67,0,67.000000000000,0.014369427300,104f6731c9f83335756d169a17b5c361bb27549fdae812b96ce8cafdbe6b60a1,ELIGIBLE_FORMAL_N_GE_30,Option A passes n=67>=30
county_within_state_patch75_500m,GA,WUI-P,500,p_a,WUI-P,area_proportion,159,0,159.000000000000,0.043993394732,27c7c65922ffd154206ed87ab01c2db8752f024d9f1d583cae90e81967f1e464,ELIGIBLE_FORMAL_N_GE_30,Option A passes n=159>=30
county_within_state_patch75_500m,GA,WUI-P,500,p_s,WUI-P,structure_proportion,154,0,154.000000000000,0.083107355904,f09835ce30ec4ab17c714f45a47793386f3e78ee11e7a65603bfed97328801aa,ELIGIBLE_FORMAL_N_GE_30,Option A passes n=154>=30
county_within_state_patch75_500m,GA,WUI-S,500,p_a,WUI-S,area_proportion,159,0,159.000000000000,0.028206212482,27c7c65922ffd154206ed87ab01c2db8752f024d9f1d583cae90e81967f1e464,ELIGIBLE_FORMAL_N_GE_30,Option A passes n=159>=30
county_within_state_patch75_500m,GA,WUI-S,500,p_s,WUI-S,structure_proportion,159,0,159.000000000000,0.072234736788,27c7c65922ffd154206ed87ab01c2db8752f024d9f1d583cae90e81967f1e464,ELIGIBLE_FORMAL_N_GE_30,Option A passes n=159>=30
county_within_state_patch75_500m,GA,WUI-Z,500,p_a,WUI-P,area_proportion,159,0,159.000000000000,0.039720626279,27c7c65922ffd154206ed87ab01c2db8752f024d9f1d583cae90e81967f1e464,ELIGIBLE_FORMAL_N_GE_30,Option A passes n=159>=30
county_within_state_patch75_500m,IA,WUI-P,500,p_a,WUI-P,area_proportion,99,0,99.000000000000,0.000789453621,cc3bc7f4ca2fe212ffe7e08e637f40b42f53414a89bbf897a430969fa2ea262b,ELIGIBLE_FORMAL_N_GE_30,Option A passes n=99>=30
county_within_state_patch75_500m,IA,WUI-P,500,p_s,WUI-P,structure_proportion,99,0,99.000000000000,0.003927389300,cc3bc7f4ca2fe212ffe7e08e637f40b42f53414a89bbf897a430969fa2ea262b,ELIGIBLE_FORMAL_N_GE_30,Option A passes n=99>=30
county_within_state_patch75_500m,IA,WUI-S,500,p_a,WUI-S,area_proportion,99,0,99.000000000000,0.000593421675,cc3bc7f4ca2fe212ffe7e08e637f40b42f53414a89bbf897a430969fa2ea262b,ELIGIBLE_FORMAL_N_GE_30,Option A passes n=99>=30
county_within_state_patch75_500m,IA,WUI-S,500,p_s,WUI-S,structure_proportion,99,0,99.000000000000,0.002587285968,cc3bc7f4ca2fe212ffe7e08e637f40b42f53414a89bbf897a430969fa2ea262b,ELIGIBLE_FORMAL_N_GE_30,Option A passes n=99>=30
county_within_state_patch75_500m,IA,WUI-Z,500,p_a,WUI-P,area_proportion,99,0,99.000000000000,0.000121438385,cc3bc7f4ca2fe212ffe7e08e637f40b42f53414a89bbf897a430969fa2ea262b,ELIGIBLE_FORMAL_N_GE_30,Option A passes n=99>=30
county_within_state_patch75_500m,ID,WUI-P,500,p_a,WUI-P,area_proportion,44,0,44.000000000000,0.005218265625,7b4f124a1d324c53c5b56e08d06e685b936b0090ba87f0a05d65d4dff7df1e00,ELIGIBLE_FORMAL_N_GE_30,Option A passes n=44>=30
county_within_state_patch75_500m,ID,WUI-P,500,p_s,WUI-P,structure_proportion,44,0,44.000000000000,0.093444239456,7b4f124a1d324c53c5b56e08d06e685b936b0090ba87f0a05d65d4dff7df1e00,ELIGIBLE_FORMAL_N_GE_30,Option A passes n=44>=30
county_within_state_patch75_500m,ID,WUI-S,500,p_a,WUI-S,area_proportion,44,0,44.000000000000,0.003932762664,7b4f124a1d324c53c5b56e08d06e685b936b0090ba87f0a05d65d4dff7df1e00,ELIGIBLE_FORMAL_N_GE_30,Option A passes n=44>=30
county_within_state_patch75_500m,ID,WUI-S,500,p_s,WUI-S,structure_proportion,44,0,44.000000000000,0.092909066005,7b4f124a1d324c53c5b56e08d06e685b936b0090ba87f0a05d65d4dff7df1e00,ELIGIBLE_FORMAL_N_GE_30,Option A passes n=44>=30
county_within_state_patch75_500m,ID,WUI-Z,500,p_a,WUI-P,area_proportion,44,0,44.000000000000,0.001701534104,7b4f124a1d324c53c5b56e08d06e685b936b0090ba87f0a05d65d4dff7df1e00,ELIGIBLE_FORMAL_N_GE_30,Option A passes n=44>=30
county_within_state_patch75_500m,IL,WUI-P,500,p_a,WUI-P,area_proportion,102,0,102.000000000000,0.003457957605,6009402011bee9ede489c6310ab7277f7a8e05a792036dab88dcfc383057351b,ELIGIBLE_FORMAL_N_GE_30,Option A passes n=102>=30
county_within_state_patch75_500m,IL,WUI-P,500,p_s,WUI-P,structure_proportion,83,0,83.000000000000,0.019229108018,fb2e702d939465057ad3b943ea67973dfd9aa7fc298dc5e94cf6c73f6134b4e1,ELIGIBLE_FORMAL_N_GE_30,Option A passes n=83>=30
county_within_state_patch75_500m,IL,WUI-S,500,p_a,WUI-S,area_proportion,102,0,102.000000000000,0.004496065626,6009402011bee9ede489c6310ab7277f7a8e05a792036dab88dcfc383057351b,ELIGIBLE_FORMAL_N_GE_30,Option A passes n=102>=30
county_within_state_patch75_500m,IL,WUI-S,500,p_s,WUI-S,structure_proportion,102,0,102.000000000000,0.018549620649,6009402011bee9ede489c6310ab7277f7a8e05a792036dab88dcfc383057351b,ELIGIBLE_FORMAL_N_GE_30,Option A passes n=102>=30
county_within_state_patch75_500m,IL,WUI-Z,500,p_a,WUI-P,area_proportion,102,0,102.000000000000,0.001063877017,6009402011bee9ede489c6310ab7277f7a8e05a792036dab88dcfc383057351b,ELIGIBLE_FORMAL_N_GE_30,Option A passes n=102>=30
county_within_state_patch75_500m,IN,WUI-P,500,p_a,WUI-P,area_proportion,92,0,92.000000000000,0.020127187375,2ad2401a8e51caac35830c71293c7e44d85f2420f5e50c55c0c5211eedd5cfbe,ELIGIBLE_FORMAL_N_GE_30,Option A passes n=92>=30
county_within_state_patch75_500m,IN,WUI-P,500,p_s,WUI-P,structure_proportion,92,0,92.000000000000,0.044998260619,2ad2401a8e51caac35830c71293c7e44d85f2420f5e50c55c0c5211eedd5cfbe,ELIGIBLE_FORMAL_N_GE_30,Option A passes n=92>=30
county_within_state_patch75_500m,IN,WUI-S,500,p_a,WUI-S,area_proportion,92,0,92.000000000000,0.026355743727,2ad2401a8e51caac35830c71293c7e44d85f2420f5e50c55c0c5211eedd5cfbe,ELIGIBLE_FORMAL_N_GE_30,Option A passes n=92>=30
county_within_state_patch75_500m,IN,WUI-S,500,p_s,WUI-S,structure_proportion,92,0,92.000000000000,0.050181257938,2ad2401a8e51caac35830c71293c7e44d85f2420f5e50c55c0c5211eedd5cfbe,ELIGIBLE_FORMAL_N_GE_30,Option A passes n=92>=30
county_within_state_patch75_500m,IN,WUI-Z,500,p_a,WUI-P,area_proportion,92,0,92.000000000000,0.018537525050,2ad2401a8e51caac35830c71293c7e44d85f2420f5e50c55c0c5211eedd5cfbe,ELIGIBLE_FORMAL_N_GE_30,Option A passes n=92>=30
county_within_state_patch75_500m,KS,WUI-P,500,p_a,WUI-P,area_proportion,105,0,105.000000000000,0.002814633524,4d72da168d87d7ddcf399da8d4ada2f8ab31f891a78eb610fb6b784557fd7000,ELIGIBLE_FORMAL_N_GE_30,Option A passes n=105>=30
county_within_state_patch75_500m,KS,WUI-P,500,p_s,WUI-P,structure_proportion,100,0,100.000000000000,0.072231955270,ce13e36433169fcc486b1177220317638bb7b4c50c6227fa7c68ef9704d45887,ELIGIBLE_FORMAL_N_GE_30,Option A passes n=100>=30
county_within_state_patch75_500m,KS,WUI-S,500,p_a,WUI-S,area_proportion,105,0,105.000000000000,0.003359909311,4d72da168d87d7ddcf399da8d4ada2f8ab31f891a78eb610fb6b784557fd7000,ELIGIBLE_FORMAL_N_GE_30,Option A passes n=105>=30
county_within_state_patch75_500m,KS,WUI-S,500,p_s,WUI-S,structure_proportion,105,0,105.000000000000,0.067712513158,4d72da168d87d7ddcf399da8d4ada2f8ab31f891a78eb610fb6b784557fd7000,ELIGIBLE_FORMAL_N_GE_30,Option A passes n=105>=30
county_within_state_patch75_500m,KS,WUI-Z,500,p_a,WUI-P,area_proportion,105,0,105.000000000000,0.000819259218,4d72da168d87d7ddcf399da8d4ada2f8ab31f891a78eb610fb6b784557fd7000,ELIGIBLE_FORMAL_N_GE_30,Option A passes n=105>=30
county_within_state_patch75_500m,KY,WUI-P,500,p_a,WUI-P,area_proportion,120,0,120.000000000000,0.021729053510,5b103fa1e3d2730b04f602093b0457d41933786c7553fd97c42b26c8756df7be,ELIGIBLE_FORMAL_N_GE_30,Option A passes n=120>=30
county_within_state_patch75_500m,KY,WUI-P,500,p_s,WUI-P,structure_proportion,120,0,120.000000000000,0.117557878471,5b103fa1e3d2730b04f602093b0457d41933786c7553fd97c42b26c8756df7be,ELIGIBLE_FORMAL_N_GE_30,Option A passes n=120>=30
county_within_state_patch75_500m,KY,WUI-S,500,p_a,WUI-S,area_proportion,120,0,120.000000000000,0.023487230428,5b103fa1e3d2730b04f602093b0457d41933786c7553fd97c42b26c8756df7be,ELIGIBLE_FORMAL_N_GE_30,Option A passes n=120>=30
county_within_state_patch75_500m,KY,WUI-S,500,p_s,WUI-S,structure_proportion,120,0,120.000000000000,0.113527300422,5b103fa1e3d2730b04f602093b0457d41933786c7553fd97c42b26c8756df7be,ELIGIBLE_FORMAL_N_GE_30,Option A passes n=120>=30
county_within_state_patch75_500m,KY,WUI-Z,500,p_a,WUI-P,area_proportion,120,0,120.000000000000,0.022763365431,5b103fa1e3d2730b04f602093b0457d41933786c7553fd97c42b26c8756df7be,ELIGIBLE_FORMAL_N_GE_30,Option A passes n=120>=30
county_within_state_patch75_500m,LA,WUI-P,500,p_a,WUI-P,area_proportion,64,0,64.000000000000,0.023129249106,993f33c50869e995fa6b2cde526336297f26f424b568ebdf33be78ea4dc9e740,ELIGIBLE_FORMAL_N_GE_30,Option A passes n=64>=30
county_within_state_patch75_500m,LA,WUI-P,500,p_s,WUI-P,structure_proportion,57,0,57.000000000000,0.109041773841,27c12169a08767e1cbe85cb66dfe15fa097f80470ca20b9b89c581a226da8026,ELIGIBLE_FORMAL_N_GE_30,Option A passes n=57>=30
county_within_state_patch75_500m,LA,WUI-S,500,p_a,WUI-S,area_proportion,64,0,64.000000000000,0.016888841899,993f33c50869e995fa6b2cde526336297f26f424b568ebdf33be78ea4dc9e740,ELIGIBLE_FORMAL_N_GE_30,Option A passes n=64>=30
county_within_state_patch75_500m,LA,WUI-S,500,p_s,WUI-S,structure_proportion,64,0,64.000000000000,0.097167085162,993f33c50869e995fa6b2cde526336297f26f424b568ebdf33be78ea4dc9e740,ELIGIBLE_FORMAL_N_GE_30,Option A passes n=64>=30
county_within_state_patch75_500m,LA,WUI-Z,500,p_a,WUI-P,area_proportion,64,0,64.000000000000,0.016629697669,993f33c50869e995fa6b2cde526336297f26f424b568ebdf33be78ea4dc9e740,ELIGIBLE_FORMAL_N_GE_30,Option A passes n=64>=30
county_within_state_patch75_500m,MA,WUI-P,500,p_a,WUI-P,area_proportion,14,0,14.000000000000,0.043625110315,4f9644ee0a1c3bea3bddca6c45f303d119dfbcadbf6699fd6c2fea226b87d905,EXCLUDED_N_LT_30,Option A excludes n=14<30
county_within_state_patch75_500m,MA,WUI-P,500,p_s,WUI-P,structure_proportion,14,0,14.000000000000,0.075056771123,4f9644ee0a1c3bea3bddca6c45f303d119dfbcadbf6699fd6c2fea226b87d905,EXCLUDED_N_LT_30,Option A excludes n=14<30
county_within_state_patch75_500m,MA,WUI-S,500,p_a,WUI-S,area_proportion,14,0,14.000000000000,0.046492418585,4f9644ee0a1c3bea3bddca6c45f303d119dfbcadbf6699fd6c2fea226b87d905,EXCLUDED_N_LT_30,Option A excludes n=14<30
county_within_state_patch75_500m,MA,WUI-S,500,p_s,WUI-S,structure_proportion,14,0,14.000000000000,0.070537271838,4f9644ee0a1c3bea3bddca6c45f303d119dfbcadbf6699fd6c2fea226b87d905,EXCLUDED_N_LT_30,Option A excludes n=14<30
county_within_state_patch75_500m,MA,WUI-Z,500,p_a,WUI-P,area_proportion,14,0,14.000000000000,0.047074764457,4f9644ee0a1c3bea3bddca6c45f303d119dfbcadbf6699fd6c2fea226b87d905,EXCLUDED_N_LT_30,Option A excludes n=14<30
county_within_state_patch75_500m,MD,WUI-P,500,p_a,WUI-P,area_proportion,24,0,24.000000000000,0.027004258082,eed052be11c76fbe5eee470d87026dd4c5d6ebb688af06e1145ec8a9ff9846ce,EXCLUDED_N_LT_30,Option A excludes n=24<30
county_within_state_patch75_500m,MD,WUI-P,500,p_s,WUI-P,structure_proportion,24,0,24.000000000000,0.091476513712,eed052be11c76fbe5eee470d87026dd4c5d6ebb688af06e1145ec8a9ff9846ce,EXCLUDED_N_LT_30,Option A excludes n=24<30
county_within_state_patch75_500m,MD,WUI-S,500,p_a,WUI-S,area_proportion,24,0,24.000000000000,0.021725239059,eed052be11c76fbe5eee470d87026dd4c5d6ebb688af06e1145ec8a9ff9846ce,EXCLUDED_N_LT_30,Option A excludes n=24<30
county_within_state_patch75_500m,MD,WUI-S,500,p_s,WUI-S,structure_proportion,24,0,24.000000000000,0.088052719783,eed052be11c76fbe5eee470d87026dd4c5d6ebb688af06e1145ec8a9ff9846ce,EXCLUDED_N_LT_30,Option A excludes n=24<30
county_within_state_patch75_500m,MD,WUI-Z,500,p_a,WUI-P,area_proportion,24,0,24.000000000000,0.022324006725,eed052be11c76fbe5eee470d87026dd4c5d6ebb688af06e1145ec8a9ff9846ce,EXCLUDED_N_LT_30,Option A excludes n=24<30
county_within_state_patch75_500m,ME,WUI-P,500,p_a,WUI-P,area_proportion,16,0,16.000000000000,0.046324799915,e5604fa927a04c17a205d1af3a4d2e3928974978370e50c63365eef21a43b529,EXCLUDED_N_LT_30,Option A excludes n=16<30
county_within_state_patch75_500m,ME,WUI-P,500,p_s,WUI-P,structure_proportion,16,0,16.000000000000,0.012360636520,e5604fa927a04c17a205d1af3a4d2e3928974978370e50c63365eef21a43b529,EXCLUDED_N_LT_30,Option A excludes n=16<30
county_within_state_patch75_500m,ME,WUI-S,500,p_a,WUI-S,area_proportion,16,0,16.000000000000,0.047754155377,e5604fa927a04c17a205d1af3a4d2e3928974978370e50c63365eef21a43b529,EXCLUDED_N_LT_30,Option A excludes n=16<30
county_within_state_patch75_500m,ME,WUI-S,500,p_s,WUI-S,structure_proportion,16,0,16.000000000000,0.010106415478,e5604fa927a04c17a205d1af3a4d2e3928974978370e50c63365eef21a43b529,EXCLUDED_N_LT_30,Option A excludes n=16<30
county_within_state_patch75_500m,ME,WUI-Z,500,p_a,WUI-P,area_proportion,16,0,16.000000000000,0.061812044544,e5604fa927a04c17a205d1af3a4d2e3928974978370e50c63365eef21a43b529,EXCLUDED_N_LT_30,Option A excludes n=16<30
county_within_state_patch75_500m,MI,WUI-P,500,p_a,WUI-P,area_proportion,83,0,83.000000000000,0.020898208688,a3d5822cb0b078fda8fe6d7ed171d65653081e862b0f48cd3a80ae66925c960c,ELIGIBLE_FORMAL_N_GE_30,Option A passes n=83>=30
county_within_state_patch75_500m,MI,WUI-P,500,p_s,WUI-P,structure_proportion,43,1,42.000000000000,0.132947488017,8501cb4c435820d17bdd185b55c1e9ab515c579043955e44788afbbcaf1632f5,ELIGIBLE_FORMAL_N_GE_30,Option A passes n=43>=30
county_within_state_patch75_500m,MI,WUI-S,500,p_a,WUI-S,area_proportion,83,0,83.000000000000,0.023394432556,a3d5822cb0b078fda8fe6d7ed171d65653081e862b0f48cd3a80ae66925c960c,ELIGIBLE_FORMAL_N_GE_30,Option A passes n=83>=30
county_within_state_patch75_500m,MI,WUI-S,500,p_s,WUI-S,structure_proportion,83,0,83.000000000000,0.130704371300,a3d5822cb0b078fda8fe6d7ed171d65653081e862b0f48cd3a80ae66925c960c,ELIGIBLE_FORMAL_N_GE_30,Option A passes n=83>=30
county_within_state_patch75_500m,MI,WUI-Z,500,p_a,WUI-P,area_proportion,83,0,83.000000000000,0.016206619866,a3d5822cb0b078fda8fe6d7ed171d65653081e862b0f48cd3a80ae66925c960c,ELIGIBLE_FORMAL_N_GE_30,Option A passes n=83>=30
county_within_state_patch75_500m,MN,WUI-P,500,p_a,WUI-P,area_proportion,87,0,87.000000000000,0.019295956635,486f6133d293127f43298adf9e3f5ee96ba51091991db04bf6ec6c35554342aa,ELIGIBLE_FORMAL_N_GE_30,Option A passes n=87>=30
county_within_state_patch75_500m,MN,WUI-P,500,p_s,WUI-P,structure_proportion,87,0,87.000000000000,0.094978666240,486f6133d293127f43298adf9e3f5ee96ba51091991db04bf6ec6c35554342aa,ELIGIBLE_FORMAL_N_GE_30,Option A passes n=87>=30
county_within_state_patch75_500m,MN,WUI-S,500,p_a,WUI-S,area_proportion,87,0,87.000000000000,0.013670992065,486f6133d293127f43298adf9e3f5ee96ba51091991db04bf6ec6c35554342aa,ELIGIBLE_FORMAL_N_GE_30,Option A passes n=87>=30
county_within_state_patch75_500m,MN,WUI-S,500,p_s,WUI-S,structure_proportion,87,0,87.000000000000,0.094463911271,486f6133d293127f43298adf9e3f5ee96ba51091991db04bf6ec6c35554342aa,ELIGIBLE_FORMAL_N_GE_30,Option A passes n=87>=30
county_within_state_patch75_500m,MN,WUI-Z,500,p_a,WUI-P,area_proportion,87,0,87.000000000000,0.005654007972,486f6133d293127f43298adf9e3f5ee96ba51091991db04bf6ec6c35554342aa,ELIGIBLE_FORMAL_N_GE_30,Option A passes n=87>=30
county_within_state_patch75_500m,MO,WUI-P,500,p_a,WUI-P,area_proportion,115,0,115.000000000000,0.006465091943,c85b7e8dffb614bec65500febe2f4118906bea548d5a1788097e0e1caa1f8cd6,ELIGIBLE_FORMAL_N_GE_30,Option A passes n=115>=30
county_within_state_patch75_500m,MO,WUI-P,500,p_s,WUI-P,structure_proportion,53,0,53.000000000000,0.130847015096,6bc63258a5cc3d35128c4efeec4e310aa788ea8c8c7c4d8f12af446c4caa7eec,ELIGIBLE_FORMAL_N_GE_30,Option A passes n=53>=30
county_within_state_patch75_500m,MO,WUI-S,500,p_a,WUI-S,area_proportion,115,0,115.000000000000,0.020688615375,c85b7e8dffb614bec65500febe2f4118906bea548d5a1788097e0e1caa1f8cd6,ELIGIBLE_FORMAL_N_GE_30,Option A passes n=115>=30
county_within_state_patch75_500m,MO,WUI-S,500,p_s,WUI-S,structure_proportion,115,0,115.000000000000,0.081632589659,c85b7e8dffb614bec65500febe2f4118906bea548d5a1788097e0e1caa1f8cd6,ELIGIBLE_FORMAL_N_GE_30,Option A passes n=115>=30
county_within_state_patch75_500m,MO,WUI-Z,500,p_a,WUI-P,area_proportion,115,0,115.000000000000,0.011089864358,c85b7e8dffb614bec65500febe2f4118906bea548d5a1788097e0e1caa1f8cd6,ELIGIBLE_FORMAL_N_GE_30,Option A passes n=115>=30
county_within_state_patch75_500m,MS,WUI-P,500,p_a,WUI-P,area_proportion,82,0,82.000000000000,0.044744311476,8930389d681d6e802ff12919a5a7b3e8421f66ba1c55f0b71de4bbb62ee65c27,ELIGIBLE_FORMAL_N_GE_30,Option A passes n=82>=30
county_within_state_patch75_500m,MS,WUI-P,500,p_s,WUI-P,structure_proportion,82,0,82.000000000000,0.085866753586,8930389d681d6e802ff12919a5a7b3e8421f66ba1c55f0b71de4bbb62ee65c27,ELIGIBLE_FORMAL_N_GE_30,Option A passes n=82>=30
county_within_state_patch75_500m,MS,WUI-S,500,p_a,WUI-S,area_proportion,82,0,82.000000000000,0.023556114017,8930389d681d6e802ff12919a5a7b3e8421f66ba1c55f0b71de4bbb62ee65c27,ELIGIBLE_FORMAL_N_GE_30,Option A passes n=82>=30
county_within_state_patch75_500m,MS,WUI-S,500,p_s,WUI-S,structure_proportion,82,0,82.000000000000,0.089283792500,8930389d681d6e802ff12919a5a7b3e8421f66ba1c55f0b71de4bbb62ee65c27,ELIGIBLE_FORMAL_N_GE_30,Option A passes n=82>=30
county_within_state_patch75_500m,MS,WUI-Z,500,p_a,WUI-P,area_proportion,82,0,82.000000000000,0.017525252101,8930389d681d6e802ff12919a5a7b3e8421f66ba1c55f0b71de4bbb62ee65c27,ELIGIBLE_FORMAL_N_GE_30,Option A passes n=82>=30
county_within_state_patch75_500m,MT,WUI-P,500,p_a,WUI-P,area_proportion,56,0,56.000000000000,0.002505556924,173f6be68e5ecb160c422495a497f8580a07f226e4b9c11efeb68d8e101fc511,ELIGIBLE_FORMAL_N_GE_30,Option A passes n=56>=30
county_within_state_patch75_500m,MT,WUI-P,500,p_s,WUI-P,structure_proportion,56,0,56.000000000000,0.061840006160,173f6be68e5ecb160c422495a497f8580a07f226e4b9c11efeb68d8e101fc511,ELIGIBLE_FORMAL_N_GE_30,Option A passes n=56>=30
county_within_state_patch75_500m,MT,WUI-S,500,p_a,WUI-S,area_proportion,56,0,56.000000000000,0.001110661677,173f6be68e5ecb160c422495a497f8580a07f226e4b9c11efeb68d8e101fc511,ELIGIBLE_FORMAL_N_GE_30,Option A passes n=56>=30
county_within_state_patch75_500m,MT,WUI-S,500,p_s,WUI-S,structure_proportion,56,0,56.000000000000,0.037260423287,173f6be68e5ecb160c422495a497f8580a07f226e4b9c11efeb68d8e101fc511,ELIGIBLE_FORMAL_N_GE_30,Option A passes n=56>=30
county_within_state_patch75_500m,MT,WUI-Z,500,p_a,WUI-P,area_proportion,56,0,56.000000000000,0.000476267559,173f6be68e5ecb160c422495a497f8580a07f226e4b9c11efeb68d8e101fc511,ELIGIBLE_FORMAL_N_GE_30,Option A passes n=56>=30
county_within_state_patch75_500m,NC,WUI-P,500,p_a,WUI-P,area_proportion,100,0,100.000000000000,0.035574324397,940473eb8f2744bd03fb30fba9153dd8a66b8eecee95d7c9c216a62f467ed426,ELIGIBLE_FORMAL_N_GE_30,Option A passes n=100>=30
county_within_state_patch75_500m,NC,WUI-P,500,p_s,WUI-P,structure_proportion,100,0,100.000000000000,0.087516488196,940473eb8f2744bd03fb30fba9153dd8a66b8eecee95d7c9c216a62f467ed426,ELIGIBLE_FORMAL_N_GE_30,Option A passes n=100>=30
county_within_state_patch75_500m,NC,WUI-S,500,p_a,WUI-S,area_proportion,100,0,100.000000000000,0.028096877577,940473eb8f2744bd03fb30fba9153dd8a66b8eecee95d7c9c216a62f467ed426,ELIGIBLE_FORMAL_N_GE_30,Option A passes n=100>=30
county_within_state_patch75_500m,NC,WUI-S,500,p_s,WUI-S,structure_proportion,100,0,100.000000000000,0.084680955301,940473eb8f2744bd03fb30fba9153dd8a66b8eecee95d7c9c216a62f467ed426,ELIGIBLE_FORMAL_N_GE_30,Option A passes n=100>=30
county_within_state_patch75_500m,NC,WUI-Z,500,p_a,WUI-P,area_proportion,100,0,100.000000000000,0.035741324255,940473eb8f2744bd03fb30fba9153dd8a66b8eecee95d7c9c216a62f467ed426,ELIGIBLE_FORMAL_N_GE_30,Option A passes n=100>=30
county_within_state_patch75_500m,ND,WUI-P,500,p_a,WUI-P,area_proportion,53,0,53.000000000000,0.003262923617,b1541f2edb1aab2fc0d3018cc395d17e3d460648f0d919f52620496b47f5e85a,ELIGIBLE_FORMAL_N_GE_30,Option A passes n=53>=30
county_within_state_patch75_500m,ND,WUI-P,500,p_s,WUI-P,structure_proportion,53,0,53.000000000000,0.031462399350,b1541f2edb1aab2fc0d3018cc395d17e3d460648f0d919f52620496b47f5e85a,ELIGIBLE_FORMAL_N_GE_30,Option A passes n=53>=30
county_within_state_patch75_500m,ND,WUI-S,500,p_a,WUI-S,area_proportion,53,0,53.000000000000,0.001252192621,b1541f2edb1aab2fc0d3018cc395d17e3d460648f0d919f52620496b47f5e85a,ELIGIBLE_FORMAL_N_GE_30,Option A passes n=53>=30
county_within_state_patch75_500m,ND,WUI-S,500,p_s,WUI-S,structure_proportion,53,0,53.000000000000,0.065480162842,b1541f2edb1aab2fc0d3018cc395d17e3d460648f0d919f52620496b47f5e85a,ELIGIBLE_FORMAL_N_GE_30,Option A passes n=53>=30
county_within_state_patch75_500m,ND,WUI-Z,500,p_a,WUI-P,area_proportion,53,0,53.000000000000,0.000068472028,b1541f2edb1aab2fc0d3018cc395d17e3d460648f0d919f52620496b47f5e85a,ELIGIBLE_FORMAL_N_GE_30,Option A passes n=53>=30
county_within_state_patch75_500m,NE,WUI-P,500,p_a,WUI-P,area_proportion,93,0,93.000000000000,0.000978802943,6a962fa609c29e7619f624e98acd8f9e513a30db2d05a88c3bbc224600db593a,ELIGIBLE_FORMAL_N_GE_30,Option A passes n=93>=30
county_within_state_patch75_500m,NE,WUI-P,500,p_s,WUI-P,structure_proportion,93,0,93.000000000000,0.046044770568,6a962fa609c29e7619f624e98acd8f9e513a30db2d05a88c3bbc224600db593a,ELIGIBLE_FORMAL_N_GE_30,Option A passes n=93>=30
county_within_state_patch75_500m,NE,WUI-S,500,p_a,WUI-S,area_proportion,93,0,93.000000000000,0.001671336414,6a962fa609c29e7619f624e98acd8f9e513a30db2d05a88c3bbc224600db593a,ELIGIBLE_FORMAL_N_GE_30,Option A passes n=93>=30
county_within_state_patch75_500m,NE,WUI-S,500,p_s,WUI-S,structure_proportion,93,0,93.000000000000,0.091703008299,6a962fa609c29e7619f624e98acd8f9e513a30db2d05a88c3bbc224600db593a,ELIGIBLE_FORMAL_N_GE_30,Option A passes n=93>=30
county_within_state_patch75_500m,NE,WUI-Z,500,p_a,WUI-P,area_proportion,93,0,93.000000000000,0.000135420678,6a962fa609c29e7619f624e98acd8f9e513a30db2d05a88c3bbc224600db593a,ELIGIBLE_FORMAL_N_GE_30,Option A passes n=93>=30
county_within_state_patch75_500m,NH,WUI-P,500,p_a,WUI-P,area_proportion,10,0,10.000000000000,0.032670937401,7c4966b734f0c4b2ba176b0532ca1f6e946c54ed94842dfc7a71a5553b65b3e8,EXCLUDED_N_LT_30,Option A excludes n=10<30
county_within_state_patch75_500m,NH,WUI-P,500,p_s,WUI-P,structure_proportion,10,0,10.000000000000,0.017050174640,7c4966b734f0c4b2ba176b0532ca1f6e946c54ed94842dfc7a71a5553b65b3e8,EXCLUDED_N_LT_30,Option A excludes n=10<30
county_within_state_patch75_500m,NH,WUI-S,500,p_a,WUI-S,area_proportion,10,0,10.000000000000,0.029079974514,7c4966b734f0c4b2ba176b0532ca1f6e946c54ed94842dfc7a71a5553b65b3e8,EXCLUDED_N_LT_30,Option A excludes n=10<30
county_within_state_patch75_500m,NH,WUI-S,500,p_s,WUI-S,structure_proportion,10,0,10.000000000000,0.017957200186,7c4966b734f0c4b2ba176b0532ca1f6e946c54ed94842dfc7a71a5553b65b3e8,EXCLUDED_N_LT_30,Option A excludes n=10<30
county_within_state_patch75_500m,NH,WUI-Z,500,p_a,WUI-P,area_proportion,10,0,10.000000000000,0.039604996694,7c4966b734f0c4b2ba176b0532ca1f6e946c54ed94842dfc7a71a5553b65b3e8,EXCLUDED_N_LT_30,Option A excludes n=10<30
county_within_state_patch75_500m,NJ,WUI-P,500,p_a,WUI-P,area_proportion,21,0,21.000000000000,0.028802379291,32939f12d94423b51432ab4dd76c93cdfef22134ba996b92390b031a9ff6c854,EXCLUDED_N_LT_30,Option A excludes n=21<30
county_within_state_patch75_500m,NJ,WUI-P,500,p_s,WUI-P,structure_proportion,21,0,21.000000000000,0.065505839267,32939f12d94423b51432ab4dd76c93cdfef22134ba996b92390b031a9ff6c854,EXCLUDED_N_LT_30,Option A excludes n=21<30
county_within_state_patch75_500m,NJ,WUI-S,500,p_a,WUI-S,area_proportion,21,0,21.000000000000,0.029994655533,32939f12d94423b51432ab4dd76c93cdfef22134ba996b92390b031a9ff6c854,EXCLUDED_N_LT_30,Option A excludes n=21<30
county_within_state_patch75_500m,NJ,WUI-S,500,p_s,WUI-S,structure_proportion,21,0,21.000000000000,0.060202785357,32939f12d94423b51432ab4dd76c93cdfef22134ba996b92390b031a9ff6c854,EXCLUDED_N_LT_30,Option A excludes n=21<30
county_within_state_patch75_500m,NJ,WUI-Z,500,p_a,WUI-P,area_proportion,21,0,21.000000000000,0.028321975579,32939f12d94423b51432ab4dd76c93cdfef22134ba996b92390b031a9ff6c854,EXCLUDED_N_LT_30,Option A excludes n=21<30
county_within_state_patch75_500m,NM,WUI-P,500,p_a,WUI-P,area_proportion,33,0,33.000000000000,0.003862517601,9458a1ffb1a88cb0c8f071c8ab6321693e53e5a929d06b24313061c9883f10ed,ELIGIBLE_FORMAL_N_GE_30,Option A passes n=33>=30
county_within_state_patch75_500m,NM,WUI-P,500,p_s,WUI-P,structure_proportion,33,0,33.000000000000,0.038685528746,9458a1ffb1a88cb0c8f071c8ab6321693e53e5a929d06b24313061c9883f10ed,ELIGIBLE_FORMAL_N_GE_30,Option A passes n=33>=30
county_within_state_patch75_500m,NM,WUI-S,500,p_a,WUI-S,area_proportion,33,0,33.000000000000,0.003600503901,9458a1ffb1a88cb0c8f071c8ab6321693e53e5a929d06b24313061c9883f10ed,ELIGIBLE_FORMAL_N_GE_30,Option A passes n=33>=30
county_within_state_patch75_500m,NM,WUI-S,500,p_s,WUI-S,structure_proportion,33,0,33.000000000000,0.036584528848,9458a1ffb1a88cb0c8f071c8ab6321693e53e5a929d06b24313061c9883f10ed,ELIGIBLE_FORMAL_N_GE_30,Option A passes n=33>=30
county_within_state_patch75_500m,NM,WUI-Z,500,p_a,WUI-P,area_proportion,33,0,33.000000000000,0.002072544186,9458a1ffb1a88cb0c8f071c8ab6321693e53e5a929d06b24313061c9883f10ed,ELIGIBLE_FORMAL_N_GE_30,Option A passes n=33>=30
county_within_state_patch75_500m,NV,WUI-P,500,p_a,WUI-P,area_proportion,17,0,17.000000000000,0.004245734737,131b10dc0d621d6882410d5cf4692578bf910f59e9cd1a6c9376d6418f7b3c08,EXCLUDED_N_LT_30,Option A excludes n=17<30
county_within_state_patch75_500m,NV,WUI-P,500,p_s,WUI-P,structure_proportion,16,0,16.000000000000,0.028123456605,a473650486216bb31b1b05fac6ec44de915dc2e4a0a96324df883b4bfde32e38,EXCLUDED_N_LT_30,Option A excludes n=16<30
county_within_state_patch75_500m,NV,WUI-S,500,p_a,WUI-S,area_proportion,17,0,17.000000000000,0.004105639107,131b10dc0d621d6882410d5cf4692578bf910f59e9cd1a6c9376d6418f7b3c08,EXCLUDED_N_LT_30,Option A excludes n=17<30
county_within_state_patch75_500m,NV,WUI-S,500,p_s,WUI-S,structure_proportion,17,0,17.000000000000,0.023390302646,131b10dc0d621d6882410d5cf4692578bf910f59e9cd1a6c9376d6418f7b3c08,EXCLUDED_N_LT_30,Option A excludes n=17<30
county_within_state_patch75_500m,NV,WUI-Z,500,p_a,WUI-P,area_proportion,17,0,17.000000000000,0.003278049371,131b10dc0d621d6882410d5cf4692578bf910f59e9cd1a6c9376d6418f7b3c08,EXCLUDED_N_LT_30,Option A excludes n=17<30
county_within_state_patch75_500m,NY,WUI-P,500,p_a,WUI-P,area_proportion,62,0,62.000000000000,0.041266992604,a0cd37f7804ce40c2a0c0ab32c62bd80ef374f1512112457faad1851cc821609,ELIGIBLE_FORMAL_N_GE_30,Option A passes n=62>=30
county_within_state_patch75_500m,NY,WUI-P,500,p_s,WUI-P,structure_proportion,62,0,62.000000000000,0.098288370072,a0cd37f7804ce40c2a0c0ab32c62bd80ef374f1512112457faad1851cc821609,ELIGIBLE_FORMAL_N_GE_30,Option A passes n=62>=30
county_within_state_patch75_500m,NY,WUI-S,500,p_a,WUI-S,area_proportion,62,0,62.000000000000,0.039849641447,a0cd37f7804ce40c2a0c0ab32c62bd80ef374f1512112457faad1851cc821609,ELIGIBLE_FORMAL_N_GE_30,Option A passes n=62>=30
county_within_state_patch75_500m,NY,WUI-S,500,p_s,WUI-S,structure_proportion,62,0,62.000000000000,0.094243897002,a0cd37f7804ce40c2a0c0ab32c62bd80ef374f1512112457faad1851cc821609,ELIGIBLE_FORMAL_N_GE_30,Option A passes n=62>=30
county_within_state_patch75_500m,NY,WUI-Z,500,p_a,WUI-P,area_proportion,62,0,62.000000000000,0.034930248459,a0cd37f7804ce40c2a0c0ab32c62bd80ef374f1512112457faad1851cc821609,ELIGIBLE_FORMAL_N_GE_30,Option A passes n=62>=30
county_within_state_patch75_500m,OH,WUI-P,500,p_a,WUI-P,area_proportion,88,0,88.000000000000,0.038535605176,de63c543cc839cec8dc2a7ac5e591579dd4044fafc1302ec7f5c5762d00cfd7f,ELIGIBLE_FORMAL_N_GE_30,Option A passes n=88>=30
county_within_state_patch75_500m,OH,WUI-P,500,p_s,WUI-P,structure_proportion,88,0,88.000000000000,0.104917691145,de63c543cc839cec8dc2a7ac5e591579dd4044fafc1302ec7f5c5762d00cfd7f,ELIGIBLE_FORMAL_N_GE_30,Option A passes n=88>=30
county_within_state_patch75_500m,OH,WUI-S,500,p_a,WUI-S,area_proportion,88,0,88.000000000000,0.050827783711,de63c543cc839cec8dc2a7ac5e591579dd4044fafc1302ec7f5c5762d00cfd7f,ELIGIBLE_FORMAL_N_GE_30,Option A passes n=88>=30
county_within_state_patch75_500m,OH,WUI-S,500,p_s,WUI-S,structure_proportion,88,0,88.000000000000,0.110512794804,de63c543cc839cec8dc2a7ac5e591579dd4044fafc1302ec7f5c5762d00cfd7f,ELIGIBLE_FORMAL_N_GE_30,Option A passes n=88>=30
county_within_state_patch75_500m,OH,WUI-Z,500,p_a,WUI-P,area_proportion,88,0,88.000000000000,0.028714482641,de63c543cc839cec8dc2a7ac5e591579dd4044fafc1302ec7f5c5762d00cfd7f,ELIGIBLE_FORMAL_N_GE_30,Option A passes n=88>=30
county_within_state_patch75_500m,OK,WUI-P,500,p_a,WUI-P,area_proportion,77,0,77.000000000000,0.014302174193,6621fed23141a306c841942e688b5679908374a6a317bc1fbd29874de821ab78,ELIGIBLE_FORMAL_N_GE_30,Option A passes n=77>=30
county_within_state_patch75_500m,OK,WUI-P,500,p_s,WUI-P,structure_proportion,27,0,27.000000000000,0.152987996196,c4bc6d59d019de2fd308c55305036307a27809c0fb848a38a09a44361f2f9c1a,EXCLUDED_N_LT_30,Option A excludes n=27<30
county_within_state_patch75_500m,OK,WUI-S,500,p_a,WUI-S,area_proportion,77,0,77.000000000000,0.023647798985,6621fed23141a306c841942e688b5679908374a6a317bc1fbd29874de821ab78,ELIGIBLE_FORMAL_N_GE_30,Option A passes n=77>=30
county_within_state_patch75_500m,OK,WUI-S,500,p_s,WUI-S,structure_proportion,77,0,77.000000000000,0.078920553240,6621fed23141a306c841942e688b5679908374a6a317bc1fbd29874de821ab78,ELIGIBLE_FORMAL_N_GE_30,Option A passes n=77>=30
county_within_state_patch75_500m,OK,WUI-Z,500,p_a,WUI-P,area_proportion,77,0,77.000000000000,0.011429588864,6621fed23141a306c841942e688b5679908374a6a317bc1fbd29874de821ab78,ELIGIBLE_FORMAL_N_GE_30,Option A passes n=77>=30
county_within_state_patch75_500m,OR,WUI-P,500,p_a,WUI-P,area_proportion,36,0,36.000000000000,0.008137930652,481d0fdd9b17c1d26b291ee4ad17ce9567d543e17ff290e9b4594f46a3d5a276,ELIGIBLE_FORMAL_N_GE_30,Option A passes n=36>=30
county_within_state_patch75_500m,OR,WUI-P,500,p_s,WUI-P,structure_proportion,36,0,36.000000000000,0.094999287211,481d0fdd9b17c1d26b291ee4ad17ce9567d543e17ff290e9b4594f46a3d5a276,ELIGIBLE_FORMAL_N_GE_30,Option A passes n=36>=30
county_within_state_patch75_500m,OR,WUI-S,500,p_a,WUI-S,area_proportion,36,0,36.000000000000,0.005004755853,481d0fdd9b17c1d26b291ee4ad17ce9567d543e17ff290e9b4594f46a3d5a276,ELIGIBLE_FORMAL_N_GE_30,Option A passes n=36>=30
county_within_state_patch75_500m,OR,WUI-S,500,p_s,WUI-S,structure_proportion,36,0,36.000000000000,0.092176275722,481d0fdd9b17c1d26b291ee4ad17ce9567d543e17ff290e9b4594f46a3d5a276,ELIGIBLE_FORMAL_N_GE_30,Option A passes n=36>=30
county_within_state_patch75_500m,OR,WUI-Z,500,p_a,WUI-P,area_proportion,36,0,36.000000000000,0.003521958000,481d0fdd9b17c1d26b291ee4ad17ce9567d543e17ff290e9b4594f46a3d5a276,ELIGIBLE_FORMAL_N_GE_30,Option A passes n=36>=30
county_within_state_patch75_500m,PA,WUI-P,500,p_a,WUI-P,area_proportion,67,0,67.000000000000,0.025001239004,8090e4199e48a1affa29ff874fbb85a85734d009d36472dcf091c809791d7060,ELIGIBLE_FORMAL_N_GE_30,Option A passes n=67>=30
county_within_state_patch75_500m,PA,WUI-P,500,p_s,WUI-P,structure_proportion,67,0,67.000000000000,0.100472970171,8090e4199e48a1affa29ff874fbb85a85734d009d36472dcf091c809791d7060,ELIGIBLE_FORMAL_N_GE_30,Option A passes n=67>=30
county_within_state_patch75_500m,PA,WUI-S,500,p_a,WUI-S,area_proportion,67,0,67.000000000000,0.019874058693,8090e4199e48a1affa29ff874fbb85a85734d009d36472dcf091c809791d7060,ELIGIBLE_FORMAL_N_GE_30,Option A passes n=67>=30
county_within_state_patch75_500m,PA,WUI-S,500,p_s,WUI-S,structure_proportion,67,0,67.000000000000,0.096713710478,8090e4199e48a1affa29ff874fbb85a85734d009d36472dcf091c809791d7060,ELIGIBLE_FORMAL_N_GE_30,Option A passes n=67>=30
county_within_state_patch75_500m,PA,WUI-Z,500,p_a,WUI-P,area_proportion,67,0,67.000000000000,0.018796262504,8090e4199e48a1affa29ff874fbb85a85734d009d36472dcf091c809791d7060,ELIGIBLE_FORMAL_N_GE_30,Option A passes n=67>=30
county_within_state_patch75_500m,RI,WUI-P,500,p_a,WUI-P,area_proportion,5,0,5.000000000000,0.048523101501,0b97617afbe1cedbe445c05306ec09c800f637d31db8f72701c9dab73b4c22a7,EXCLUDED_N_LT_30,Option A excludes n=5<30
county_within_state_patch75_500m,RI,WUI-P,500,p_s,WUI-P,structure_proportion,5,0,5.000000000000,0.046977963676,0b97617afbe1cedbe445c05306ec09c800f637d31db8f72701c9dab73b4c22a7,EXCLUDED_N_LT_30,Option A excludes n=5<30
county_within_state_patch75_500m,RI,WUI-S,500,p_a,WUI-S,area_proportion,5,0,5.000000000000,0.048681156428,0b97617afbe1cedbe445c05306ec09c800f637d31db8f72701c9dab73b4c22a7,EXCLUDED_N_LT_30,Option A excludes n=5<30
county_within_state_patch75_500m,RI,WUI-S,500,p_s,WUI-S,structure_proportion,5,0,5.000000000000,0.047146530208,0b97617afbe1cedbe445c05306ec09c800f637d31db8f72701c9dab73b4c22a7,EXCLUDED_N_LT_30,Option A excludes n=5<30
county_within_state_patch75_500m,RI,WUI-Z,500,p_a,WUI-P,area_proportion,5,0,5.000000000000,0.041802675003,0b97617afbe1cedbe445c05306ec09c800f637d31db8f72701c9dab73b4c22a7,EXCLUDED_N_LT_30,Option A excludes n=5<30
county_within_state_patch75_500m,SC,WUI-P,500,p_a,WUI-P,area_proportion,46,0,46.000000000000,0.043911137411,0872992676735744c409a0f1dd2e001073624a6d756e03f07c584a3927dd2010,ELIGIBLE_FORMAL_N_GE_30,Option A passes n=46>=30
county_within_state_patch75_500m,SC,WUI-P,500,p_s,WUI-P,structure_proportion,44,0,44.000000000000,0.080363024609,1ffc644eca81e645208d65feafdbdcb2584bb4911d649468d821b91bbd0f68b4,ELIGIBLE_FORMAL_N_GE_30,Option A passes n=44>=30
county_within_state_patch75_500m,SC,WUI-S,500,p_a,WUI-S,area_proportion,46,0,46.000000000000,0.009944611462,0872992676735744c409a0f1dd2e001073624a6d756e03f07c584a3927dd2010,ELIGIBLE_FORMAL_N_GE_30,Option A passes n=46>=30
county_within_state_patch75_500m,SC,WUI-S,500,p_s,WUI-S,structure_proportion,46,0,46.000000000000,0.044384169889,0872992676735744c409a0f1dd2e001073624a6d756e03f07c584a3927dd2010,ELIGIBLE_FORMAL_N_GE_30,Option A passes n=46>=30
county_within_state_patch75_500m,SC,WUI-Z,500,p_a,WUI-P,area_proportion,46,0,46.000000000000,0.014097369935,0872992676735744c409a0f1dd2e001073624a6d756e03f07c584a3927dd2010,ELIGIBLE_FORMAL_N_GE_30,Option A passes n=46>=30
county_within_state_patch75_500m,SD,WUI-P,500,p_a,WUI-P,area_proportion,66,0,66.000000000000,0.002389211166,f1b681441a269e0d107a9feca97f25977fe6d61b7de618b29b78db80514ffeb8,ELIGIBLE_FORMAL_N_GE_30,Option A passes n=66>=30
county_within_state_patch75_500m,SD,WUI-P,500,p_s,WUI-P,structure_proportion,66,0,66.000000000000,0.094962285731,f1b681441a269e0d107a9feca97f25977fe6d61b7de618b29b78db80514ffeb8,ELIGIBLE_FORMAL_N_GE_30,Option A passes n=66>=30
county_within_state_patch75_500m,SD,WUI-S,500,p_a,WUI-S,area_proportion,66,0,66.000000000000,0.001286247569,f1b681441a269e0d107a9feca97f25977fe6d61b7de618b29b78db80514ffeb8,ELIGIBLE_FORMAL_N_GE_30,Option A passes n=66>=30
county_within_state_patch75_500m,SD,WUI-S,500,p_s,WUI-S,structure_proportion,66,0,66.000000000000,0.112397556413,f1b681441a269e0d107a9feca97f25977fe6d61b7de618b29b78db80514ffeb8,ELIGIBLE_FORMAL_N_GE_30,Option A passes n=66>=30
county_within_state_patch75_500m,SD,WUI-Z,500,p_a,WUI-P,area_proportion,66,0,66.000000000000,0.000149361967,f1b681441a269e0d107a9feca97f25977fe6d61b7de618b29b78db80514ffeb8,ELIGIBLE_FORMAL_N_GE_30,Option A passes n=66>=30
county_within_state_patch75_500m,TN,WUI-P,500,p_a,WUI-P,area_proportion,95,0,95.000000000000,0.019369181365,98b96831c55e838e8992ad455dda0edf6b05962f91112bce939abdbc27a5623d,ELIGIBLE_FORMAL_N_GE_30,Option A passes n=95>=30
county_within_state_patch75_500m,TN,WUI-P,500,p_s,WUI-P,structure_proportion,95,0,95.000000000000,0.106362155343,98b96831c55e838e8992ad455dda0edf6b05962f91112bce939abdbc27a5623d,ELIGIBLE_FORMAL_N_GE_30,Option A passes n=95>=30
county_within_state_patch75_500m,TN,WUI-S,500,p_a,WUI-S,area_proportion,95,0,95.000000000000,0.019266502231,98b96831c55e838e8992ad455dda0edf6b05962f91112bce939abdbc27a5623d,ELIGIBLE_FORMAL_N_GE_30,Option A passes n=95>=30
county_within_state_patch75_500m,TN,WUI-S,500,p_s,WUI-S,structure_proportion,95,0,95.000000000000,0.100747591302,98b96831c55e838e8992ad455dda0edf6b05962f91112bce939abdbc27a5623d,ELIGIBLE_FORMAL_N_GE_30,Option A passes n=95>=30
county_within_state_patch75_500m,TN,WUI-Z,500,p_a,WUI-P,area_proportion,95,0,95.000000000000,0.020490732068,98b96831c55e838e8992ad455dda0edf6b05962f91112bce939abdbc27a5623d,ELIGIBLE_FORMAL_N_GE_30,Option A passes n=95>=30
county_within_state_patch75_500m,TX,WUI-P,500,p_a,WUI-P,area_proportion,254,0,254.000000000000,0.023669512809,1c490b5a1d273566f6d5d2f757444243cb112cd44ed3780e3a477ce5df83a9e8,ELIGIBLE_FORMAL_N_GE_30,Option A passes n=254>=30
county_within_state_patch75_500m,TX,WUI-P,500,p_s,WUI-P,structure_proportion,254,0,254.000000000000,0.107284121469,1c490b5a1d273566f6d5d2f757444243cb112cd44ed3780e3a477ce5df83a9e8,ELIGIBLE_FORMAL_N_GE_30,Option A passes n=254>=30
county_within_state_patch75_500m,TX,WUI-S,500,p_a,WUI-S,area_proportion,254,0,254.000000000000,0.020013625269,1c490b5a1d273566f6d5d2f757444243cb112cd44ed3780e3a477ce5df83a9e8,ELIGIBLE_FORMAL_N_GE_30,Option A passes n=254>=30
county_within_state_patch75_500m,TX,WUI-S,500,p_s,WUI-S,structure_proportion,254,0,254.000000000000,0.101905432341,1c490b5a1d273566f6d5d2f757444243cb112cd44ed3780e3a477ce5df83a9e8,ELIGIBLE_FORMAL_N_GE_30,Option A passes n=254>=30
county_within_state_patch75_500m,TX,WUI-Z,500,p_a,WUI-P,area_proportion,254,0,254.000000000000,0.014055733863,1c490b5a1d273566f6d5d2f757444243cb112cd44ed3780e3a477ce5df83a9e8,ELIGIBLE_FORMAL_N_GE_30,Option A passes n=254>=30
county_within_state_patch75_500m,UT,WUI-P,500,p_a,WUI-P,area_proportion,29,0,29.000000000000,0.001999858545,ef1f2ced9e26d742cfa9aa6246d09b421852e8cf546e000375ac56a98992c20b,EXCLUDED_N_LT_30,Option A excludes n=29<30
county_within_state_patch75_500m,UT,WUI-P,500,p_s,WUI-P,structure_proportion,29,0,29.000000000000,0.044230994268,ef1f2ced9e26d742cfa9aa6246d09b421852e8cf546e000375ac56a98992c20b,EXCLUDED_N_LT_30,Option A excludes n=29<30
county_within_state_patch75_500m,UT,WUI-S,500,p_a,WUI-S,area_proportion,29,0,29.000000000000,0.001789078597,ef1f2ced9e26d742cfa9aa6246d09b421852e8cf546e000375ac56a98992c20b,EXCLUDED_N_LT_30,Option A excludes n=29<30
county_within_state_patch75_500m,UT,WUI-S,500,p_s,WUI-S,structure_proportion,29,0,29.000000000000,0.036925938052,ef1f2ced9e26d742cfa9aa6246d09b421852e8cf546e000375ac56a98992c20b,EXCLUDED_N_LT_30,Option A excludes n=29<30
county_within_state_patch75_500m,UT,WUI-Z,500,p_a,WUI-P,area_proportion,29,0,29.000000000000,0.001456591413,ef1f2ced9e26d742cfa9aa6246d09b421852e8cf546e000375ac56a98992c20b,EXCLUDED_N_LT_30,Option A excludes n=29<30
county_within_state_patch75_500m,VA,WUI-P,500,p_a,WUI-P,area_proportion,133,0,133.000000000000,0.049345239478,a778e8f67aafa3f9d9cad35c3f0c36c273899491d21eb444c7aa13a94983ea34,ELIGIBLE_FORMAL_N_GE_30,Option A passes n=133>=30
county_within_state_patch75_500m,VA,WUI-P,500,p_s,WUI-P,structure_proportion,133,0,133.000000000000,0.106056823934,a778e8f67aafa3f9d9cad35c3f0c36c273899491d21eb444c7aa13a94983ea34,ELIGIBLE_FORMAL_N_GE_30,Option A passes n=133>=30
county_within_state_patch75_500m,VA,WUI-S,500,p_a,WUI-S,area_proportion,133,0,133.000000000000,0.041755189094,a778e8f67aafa3f9d9cad35c3f0c36c273899491d21eb444c7aa13a94983ea34,ELIGIBLE_FORMAL_N_GE_30,Option A passes n=133>=30
county_within_state_patch75_500m,VA,WUI-S,500,p_s,WUI-S,structure_proportion,133,0,133.000000000000,0.109676064092,a778e8f67aafa3f9d9cad35c3f0c36c273899491d21eb444c7aa13a94983ea34,ELIGIBLE_FORMAL_N_GE_30,Option A passes n=133>=30
county_within_state_patch75_500m,VA,WUI-Z,500,p_a,WUI-P,area_proportion,133,0,133.000000000000,0.042762744571,a778e8f67aafa3f9d9cad35c3f0c36c273899491d21eb444c7aa13a94983ea34,ELIGIBLE_FORMAL_N_GE_30,Option A passes n=133>=30
county_within_state_patch75_500m,VT,WUI-P,500,p_a,WUI-P,area_proportion,14,0,14.000000000000,0.018403021941,29c57827c16b2abba6ada7fcc5ba20e0eebcc1cb8da432ea179f750415415ded,EXCLUDED_N_LT_30,Option A excludes n=14<30
county_within_state_patch75_500m,VT,WUI-P,500,p_s,WUI-P,structure_proportion,14,0,14.000000000000,0.060708294498,29c57827c16b2abba6ada7fcc5ba20e0eebcc1cb8da432ea179f750415415ded,EXCLUDED_N_LT_30,Option A excludes n=14<30
county_within_state_patch75_500m,VT,WUI-S,500,p_a,WUI-S,area_proportion,14,0,14.000000000000,0.017599472183,29c57827c16b2abba6ada7fcc5ba20e0eebcc1cb8da432ea179f750415415ded,EXCLUDED_N_LT_30,Option A excludes n=14<30
county_within_state_patch75_500m,VT,WUI-S,500,p_s,WUI-S,structure_proportion,14,0,14.000000000000,0.060991808746,29c57827c16b2abba6ada7fcc5ba20e0eebcc1cb8da432ea179f750415415ded,EXCLUDED_N_LT_30,Option A excludes n=14<30
county_within_state_patch75_500m,VT,WUI-Z,500,p_a,WUI-P,area_proportion,14,0,14.000000000000,0.014027970295,29c57827c16b2abba6ada7fcc5ba20e0eebcc1cb8da432ea179f750415415ded,EXCLUDED_N_LT_30,Option A excludes n=14<30
county_within_state_patch75_500m,WA,WUI-P,500,p_a,WUI-P,area_proportion,39,0,39.000000000000,0.013965571114,6435832406f78829d667eda704901b53d0f05c83ae7f6074f873d5fc5dcf43d9,ELIGIBLE_FORMAL_N_GE_30,Option A passes n=39>=30
county_within_state_patch75_500m,WA,WUI-P,500,p_s,WUI-P,structure_proportion,39,0,39.000000000000,0.089341310377,6435832406f78829d667eda704901b53d0f05c83ae7f6074f873d5fc5dcf43d9,ELIGIBLE_FORMAL_N_GE_30,Option A passes n=39>=30
county_within_state_patch75_500m,WA,WUI-S,500,p_a,WUI-S,area_proportion,39,0,39.000000000000,0.013190027808,6435832406f78829d667eda704901b53d0f05c83ae7f6074f873d5fc5dcf43d9,ELIGIBLE_FORMAL_N_GE_30,Option A passes n=39>=30
county_within_state_patch75_500m,WA,WUI-S,500,p_s,WUI-S,structure_proportion,39,0,39.000000000000,0.084526189364,6435832406f78829d667eda704901b53d0f05c83ae7f6074f873d5fc5dcf43d9,ELIGIBLE_FORMAL_N_GE_30,Option A passes n=39>=30
county_within_state_patch75_500m,WA,WUI-Z,500,p_a,WUI-P,area_proportion,39,0,39.000000000000,0.013706417219,6435832406f78829d667eda704901b53d0f05c83ae7f6074f873d5fc5dcf43d9,ELIGIBLE_FORMAL_N_GE_30,Option A passes n=39>=30
county_within_state_patch75_500m,WI,WUI-P,500,p_a,WUI-P,area_proportion,72,0,72.000000000000,0.063068473295,da793a5a33eea20ea66c4fc7c2d0f59cf66a4c88a47181ac73395bfb1c223f3d,ELIGIBLE_FORMAL_N_GE_30,Option A passes n=72>=30
county_within_state_patch75_500m,WI,WUI-P,500,p_s,WUI-P,structure_proportion,72,0,72.000000000000,0.119250758229,da793a5a33eea20ea66c4fc7c2d0f59cf66a4c88a47181ac73395bfb1c223f3d,ELIGIBLE_FORMAL_N_GE_30,Option A passes n=72>=30
county_within_state_patch75_500m,WI,WUI-S,500,p_a,WUI-S,area_proportion,72,0,72.000000000000,0.015681283459,da793a5a33eea20ea66c4fc7c2d0f59cf66a4c88a47181ac73395bfb1c223f3d,ELIGIBLE_FORMAL_N_GE_30,Option A passes n=72>=30
county_within_state_patch75_500m,WI,WUI-S,500,p_s,WUI-S,structure_proportion,72,0,72.000000000000,0.110178049646,da793a5a33eea20ea66c4fc7c2d0f59cf66a4c88a47181ac73395bfb1c223f3d,ELIGIBLE_FORMAL_N_GE_30,Option A passes n=72>=30
county_within_state_patch75_500m,WI,WUI-Z,500,p_a,WUI-P,area_proportion,72,0,72.000000000000,0.005963804516,da793a5a33eea20ea66c4fc7c2d0f59cf66a4c88a47181ac73395bfb1c223f3d,ELIGIBLE_FORMAL_N_GE_30,Option A passes n=72>=30
county_within_state_patch75_500m,WV,WUI-P,500,p_a,WUI-P,area_proportion,55,0,55.000000000000,0.032310574913,fd33e46e62f77c54f68f8071dda60e66046d09ef080d587cfff97c5516571554,ELIGIBLE_FORMAL_N_GE_30,Option A passes n=55>=30
county_within_state_patch75_500m,WV,WUI-P,500,p_s,WUI-P,structure_proportion,55,0,55.000000000000,0.024035897682,fd33e46e62f77c54f68f8071dda60e66046d09ef080d587cfff97c5516571554,ELIGIBLE_FORMAL_N_GE_30,Option A passes n=55>=30
county_within_state_patch75_500m,WV,WUI-S,500,p_a,WUI-S,area_proportion,55,0,55.000000000000,0.026783390236,fd33e46e62f77c54f68f8071dda60e66046d09ef080d587cfff97c5516571554,ELIGIBLE_FORMAL_N_GE_30,Option A passes n=55>=30
county_within_state_patch75_500m,WV,WUI-S,500,p_s,WUI-S,structure_proportion,55,0,55.000000000000,0.020511938736,fd33e46e62f77c54f68f8071dda60e66046d09ef080d587cfff97c5516571554,ELIGIBLE_FORMAL_N_GE_30,Option A passes n=55>=30
county_within_state_patch75_500m,WV,WUI-Z,500,p_a,WUI-P,area_proportion,55,0,55.000000000000,0.035799773291,fd33e46e62f77c54f68f8071dda60e66046d09ef080d587cfff97c5516571554,ELIGIBLE_FORMAL_N_GE_30,Option A passes n=55>=30
county_within_state_patch75_500m,WY,WUI-P,500,p_a,WUI-P,area_proportion,23,0,23.000000000000,0.000532501907,e909f588cd9b7f46237d10c99d6a7a2be5540c1f8c8fea38f30b7ebb50dc294c,EXCLUDED_N_LT_30,Option A excludes n=23<30
county_within_state_patch75_500m,WY,WUI-P,500,p_s,WUI-P,structure_proportion,23,0,23.000000000000,0.028067755771,e909f588cd9b7f46237d10c99d6a7a2be5540c1f8c8fea38f30b7ebb50dc294c,EXCLUDED_N_LT_30,Option A excludes n=23<30
county_within_state_patch75_500m,WY,WUI-S,500,p_a,WUI-S,area_proportion,23,0,23.000000000000,0.000437325048,e909f588cd9b7f46237d10c99d6a7a2be5540c1f8c8fea38f30b7ebb50dc294c,EXCLUDED_N_LT_30,Option A excludes n=23<30
county_within_state_patch75_500m,WY,WUI-S,500,p_s,WUI-S,structure_proportion,23,0,23.000000000000,0.013400337682,e909f588cd9b7f46237d10c99d6a7a2be5540c1f8c8fea38f30b7ebb50dc294c,EXCLUDED_N_LT_30,Option A excludes n=23<30
county_within_state_patch75_500m,WY,WUI-Z,500,p_a,WUI-P,area_proportion,23,0,23.000000000000,0.000073858350,e909f588cd9b7f46237d10c99d6a7a2be5540c1f8c8fea38f30b7ebb50dc294c,EXCLUDED_N_LT_30,Option A excludes n=23<30
